0 ORBCOMM-X
1 21576U 91050C   26060.14703623  .00000338  00000-0  11255-3 0  9997
2 21576  98.3086 126.0964 0004694 121.5517 238.6132 14.43509342819187
0 ORBCOMM-X
1 21576U 91050C   26060.14703623  .00000338  00000-0  11255-3 0  9997
2 21576  98.3086 126.0964 0004694 121.5517 238.6132 14.43509342819187
0 ORBCOMM-X
1 21576U 91050C   26060.42430027  .00000370  00000-0  12197-3 0  9995
2 21576  98.3086 126.3670 0004704 120.9132 239.2521 14.43509717819222
0 ORBCOMM-X
1 21576U 91050C   26060.77088024  .00000359  00000-0  11868-3 0  9990
2 21576  98.3085 126.7052 0004716 120.0919 240.0739 14.43509938819277
0 ORBCOMM-X
1 21576U 91050C   26060.90951224  .00000345  00000-0  11472-3 0  9992
2 21576  98.3085 126.8405 0004717 119.8016 240.3644 14.43509952819291
0 ORBCOMM-X
1 21576U 91050C   26061.11746019  .00000346  00000-0  11496-3 0  9997
2 21576  98.3084 127.0435 0004720 119.3147 240.8516 14.43510122819328
0 ORBCOMM-X
1 21576U 91050C   26061.39472411  .00000384  00000-0  12607-3 0  9996
2 21576  98.3084 127.3141 0004731 118.6649 241.5018 14.43510516819362
0 ORBCOMM-X
1 21576U 91050C   26061.39472412  .00000384  00000-0  12607-3 0  9997
2 21576  98.3084 127.3141 0004731 118.6649 241.5018 14.43510516819362
0 ORBCOMM-X
1 21576U 91050C   26061.74130394  .00000372  00000-0  12268-3 0  9996
2 21576  98.3083 127.6523 0004735 117.8792 242.2879 14.43510720819418
0 ORBCOMM-X
1 21576U 91050C   26061.74130394  .00000372  00000-0  12268-3 0  9996
2 21576  98.3083 127.6523 0004735 117.8792 242.2879 14.43510720819418
0 ORBCOMM-X
1 21576U 91050C   26062.15719960  .00000362  00000-0  11957-3 0  9997
2 21576  98.3081 128.0582 0004742 116.9628 243.2047 14.43510990819475
0 ORBCOMM-X
1 21576U 91050C   26062.64241105  .00000409  00000-0  13360-3 0  9994
2 21576  98.3080 128.5317 0004756 115.8355 244.3326 14.43511652819541
0 ORBCOMM-X
1 21576U 91050C   26062.78104288  .00000408  00000-0  13309-3 0  9991
2 21576  98.3080 128.6670 0004756 115.5346 244.6337 14.43511738819563
0 ORBCOMM-X
1 21576U 91050C   26062.78104288  .00000408  00000-0  13309-3 0  9991
2 21576  98.3080 128.6670 0004756 115.5346 244.6337 14.43511738819563
0 ORBCOMM-X
1 21576U 91050C   26063.12762234  .00000436  00000-0  14158-3 0  9995
2 21576  98.3079 129.0052 0004758 114.7355 245.4331 14.43512186819610
0 ORBCOMM-X
1 21576U 91050C   26063.12762234  .00000436  00000-0  14158-3 0  9995
2 21576  98.3079 129.0052 0004758 114.7356 245.4331 14.43512186819611
0 ORBCOMM-X
1 21576U 91050C   26064.16736029  .00000396  00000-0  12966-3 0  9993
2 21576  98.3077 130.0198 0004772 112.3439 247.8258 14.43512874819768
0 ORBCOMM-X
1 21576U 91050C   26064.16736029  .00000396  00000-0  12966-3 0  9993
2 21576  98.3077 130.0198 0004772 112.3439 247.8258 14.43512874819768
0 ORBCOMM-X
1 21576U 91050C   26064.58325520  .00000445  00000-0  14403-3 0  9992
2 21576  98.3076 130.4257 0004794 111.3721 248.7982 14.43513538819823
0 ORBCOMM-X
1 21576U 91050C   26064.65257102  .00000443  00000-0  14367-3 0  9997
2 21576  98.3076 130.4933 0004793 111.2311 248.9392 14.43513591819834
0 ORBCOMM-X
1 21576U 91050C   26064.72188685  .00000442  00000-0  14315-3 0  9996
2 21576  98.3075 130.5609 0004792 111.0941 249.0762 14.43513634819842
0 ORBCOMM-X
1 21576U 91050C   26064.72188685  .00000442  00000-0  14315-3 0  9996
2 21576  98.3075 130.5609 0004792 111.0941 249.0762 14.43513634819842
0 ORBCOMM-X
1 21576U 91050C   26065.06846597  .00000371  00000-0  12219-3 0  9999
2 21576  98.3074 130.8991 0004796 110.3225 249.8481 14.43513533819898
0 ORBCOMM-X
1 21576U 91050C   26065.41504499  .00000432  00000-0  14014-3 0  9993
2 21576  98.3074 131.2373 0004807 109.5772 250.5938 14.43514148819942
0 ORBCOMM-X
1 21576U 91050C   26066.10820271  .00000364  00000-0  12029-3 0  9997
2 21576  98.3072 131.9137 0004818 107.9739 252.1977 14.43514425820044
0 ORBCOMM-X
1 21576U 91050C   26066.10820271  .00000364  00000-0  12029-3 0  9997
2 21576  98.3072 131.9137 0004818 107.9739 252.1977 14.43514425820044
0 ORBCOMM-X
1 21576U 91050C   26066.73204429  .00000434  00000-0  14086-3 0  9990
2 21576  98.3071 132.5225 0004826 106.5438 253.6283 14.43515395820131
0 ORBCOMM-X
1 21576U 91050C   26067.00930706  .00000440  00000-0  14276-3 0  9993
2 21576  98.3070 132.7930 0004829 105.9272 254.2452 14.43515700820176
0 ORBCOMM-X
1 21576U 91050C   26067.14793842  .00000445  00000-0  14403-3 0  9993
2 21576  98.3070 132.9283 0004827 105.6230 254.5494 14.43515881820199
0 ORBCOMM-X
1 21576U 91050C   26067.42520116  .00000451  00000-0  14586-3 0  9995
2 21576  98.3070 133.1988 0004837 105.0027 255.1699 14.43516184820239
0 ORBCOMM-X
1 21576U 91050C   26067.63314828  .00000432  00000-0  14033-3 0  9995
2 21576  98.3069 133.4017 0004841 104.5456 255.6272 14.43516282820262
0 ORBCOMM-X
1 21576U 91050C   26067.77177964  .00000431  00000-0  13985-3 0  9992
2 21576  98.3069 133.5370 0004841 104.2281 255.9447 14.43516390820287
0 ORBCOMM-X
1 21576U 91050C   26068.39562065  .00000376  00000-0  12359-3 0  9993
2 21576  98.3068 134.1457 0004847 102.8381 257.3352 14.43516652820372
0 ORBCOMM-X
1 21576U 91050C   26068.39562066  .00000376  00000-0  12359-3 0  9994
2 21576  98.3068 134.1457 0004847 102.8381 257.3352 14.43516653820373
0 ORBCOMM-X
1 21576U 91050C   26068.74219888  .00000385  00000-0  12630-3 0  9996
2 21576  98.3067 134.4839 0004845 102.0631 258.1102 14.43517017820420
0 ORBCOMM-X
1 21576U 91050C   26068.74219888  .00000385  00000-0  12630-3 0  9996
2 21576  98.3067 134.4839 0004845 102.0631 258.1102 14.43517017820420
0 ORBCOMM-X
1 21576U 91050C   26069.15809255  .00000374  00000-0  12321-3 0  9990
2 21576  98.3066 134.8898 0004845 101.1175 259.0560 14.43517365820481
0 ORBCOMM-X
1 21576U 91050C   26069.15809255  .00000374  00000-0  12321-3 0  9990
2 21576  98.3066 134.8898 0004845 101.1175 259.0560 14.43517365820481
0 ORBCOMM-X
1 21576U 91050C   26069.43535493  .00000375  00000-0  12346-3 0  9999
2 21576  98.3066 135.1603 0004850 100.5037 259.6700 14.43517635820522
0 ORBCOMM-X
1 21576U 91050C   26069.64330182  .00000369  00000-0  12172-3 0  9990
2 21576  98.3065 135.3632 0004858 100.0234 260.1506 14.43517784820556
0 ORBCOMM-X
1 21576U 91050C   26069.64330183  .00000369  00000-0  12172-3 0  9991
2 21576  98.3065 135.3632 0004858 100.0234 260.1506 14.43517784820556
0 ORBCOMM-X
1 21576U 91050C   26070.12851083  .00000352  00000-0  11649-3 0  9993
2 21576  98.3064 135.8366 0004859  98.9375 261.2366 14.43518140820627
0 ORBCOMM-X
1 21576U 91050C   26070.12851084  .00000352  00000-0  11649-3 0  9994
2 21576  98.3064 135.8366 0004859  98.9375 261.2366 14.43518140820627
0 ORBCOMM-X
1 21576U 91050C   26070.40577306  .00000355  00000-0  11759-3 0  9992
2 21576  98.3064 136.1072 0004861  98.3369 261.8373 14.43518415820668
0 ORBCOMM-X
1 21576U 91050C   26070.75235083  .00000357  00000-0  11814-3 0  9997
2 21576  98.3063 136.4453 0004856  97.5662 262.6081 14.43518733820718
0 ORBCOMM-X
1 21576U 91050C   26070.75235084  .00000357  00000-0  11814-3 0  9998
2 21576  98.3063 136.4453 0004856  97.5662 262.6081 14.43518733820718
0 ORBCOMM-X
1 21576U 91050C   26071.16824411  .00000374  00000-0  12325-3 0  9999
2 21576  98.3062 136.8511 0004852  96.6195 263.5548 14.43519173820776
0 ORBCOMM-X
1 21576U 91050C   26071.16824412  .00000374  00000-0  12325-3 0  9990
2 21576  98.3062 136.8511 0004852  96.6195 263.5548 14.43519173820776
0 ORBCOMM-X
1 21576U 91050C   26071.58413724  .00000377  00000-0  12390-3 0  9991
2 21576  98.3061 137.2569 0004870  95.6871 264.4876 14.43519572820837
0 ORBCOMM-X
1 21576U 91050C   26071.65345271  .00000381  00000-0  12526-3 0  9996
2 21576  98.3061 137.3245 0004892  95.4963 264.6785 14.43519683820848
0 ORBCOMM-X
1 21576U 91050C   26071.65345271  .00000381  00000-0  12526-3 0  9996
2 21576  98.3061 137.3245 0004892  95.4963 264.6785 14.43519683820848
0 ORBCOMM-X
1 21576U 91050C   26072.62386968  .00000361  00000-0  11932-3 0  9990
2 21576  98.3059 138.2713 0004863  93.3480 266.8267 14.43520371820984
0 ORBCOMM-X
1 21576U 91050C   26072.90113156  .00000334  00000-0  11131-3 0  9999
2 21576  98.3059 138.5419 0004860  92.6998 267.4749 14.43520440821028
0 ORBCOMM-X
1 21576U 91050C   26073.10907795  .00000331  00000-0  11054-3 0  9993
2 21576  98.3058 138.7448 0004856  92.1299 268.0448 14.43520604821053
0 ORBCOMM-X
1 21576U 91050C   26073.59428596  .00000355  00000-0  11742-3 0  9993
2 21576  98.3057 139.2182 0004860  91.0684 269.1063 14.43521170821126
0 ORBCOMM-X
1 21576U 91050C   26073.66360137  .00000356  00000-0  11766-3 0  9994
2 21576  98.3057 139.2858 0004858  90.8998 269.2749 14.43521236821134
0 ORBCOMM-X
1 21576U 91050C   26074.14880937  .00000334  00000-0  11140-3 0  9995
2 21576  98.3056 139.7592 0004852  89.8037 270.3710 14.43521494821204
0 ORBCOMM-X
1 21576U 91050C   26074.63401732  .00000276  00000-0  94139-4 0  9996
2 21576  98.3055 140.2326 0004851  88.7591 271.4156 14.43521550821273
0 ORBCOMM-X
1 21576U 91050C   26075.18854041  .00000308  00000-0  10359-3 0  9999
2 21576  98.3054 140.7736 0004844  87.4784 272.6961 14.43522142821358
0 ORBCOMM-X
1 21576U 91050C   26076.08964026  .00000274  00000-0  93438-4 0  9996
2 21576  98.3052 141.6527 0004837  85.4170 274.7573 14.43522598821484
0 ORBCOMM-X
1 21576U 91050C   26076.15895569  .00000282  00000-0  95838-4 0  9994
2 21576  98.3052 141.7204 0004837  85.2560 274.9182 14.43522669821496
0 ORBCOMM-X
1 21576U 91050C   26076.43621710  .00000279  00000-0  95014-4 0  9992
2 21576  98.3051 141.9909 0004837  84.6555 275.5187 14.43522839821532
0 ORBCOMM-X
1 21576U 91050C   26076.92142447  .00000268  00000-0  91831-4 0  9992
2 21576  98.3050 142.4643 0004826  83.5925 276.5815 14.43523116821605
0 ORBCOMM-X
1 21576U 91050C   26077.12937049  .00000292  00000-0  98787-4 0  9999
2 21576  98.3050 142.6671 0004820  83.1016 277.0723 14.43523378821636
0 ORBCOMM-X
1 21576U 91050C   26077.40663181  .00000285  00000-0  96697-4 0  9993
2 21576  98.3049 142.9376 0004824  82.5077 277.6662 14.43523511821674
0 ORBCOMM-X
1 21576U 91050C   26077.61457776  .00000273  00000-0  93408-4 0  9991
2 21576  98.3049 143.1405 0004820  82.0479 278.1258 14.43523605821702
0 ORBCOMM-X
1 21576U 91050C   26077.61457776  .00000273  00000-0  93408-4 0  9991
2 21576  98.3049 143.1405 0004820  82.0479 278.1258 14.43523605821702
0 ORBCOMM-X
1 21576U 91050C   26077.89183899  .00000263  00000-0  90186-4 0  9992
2 21576  98.3048 143.4109 0004813  81.3996 278.7740 14.43523707821742
0 ORBCOMM-X
1 21576U 91050C   26078.16910030  .00000267  00000-0  91639-4 0  9996
2 21576  98.3047 143.6814 0004806  80.7502 279.4232 14.43523887821781
0 ORBCOMM-X
1 21576U 91050C   26078.72362259  .00000246  00000-0  85432-4 0  9993
2 21576  98.3046 144.2224 0004798  79.5155 280.6576 14.43524134821862
0 ORBCOMM-X
1 21576U 91050C   26078.72362260  .00000246  00000-0  85432-4 0  9995
2 21576  98.3046 144.2224 0004798  79.5155 280.6576 14.43524134821862
0 ORBCOMM-X
1 21576U 91050C   26079.13951429  .00000256  00000-0  88323-4 0  9995
2 21576  98.3045 144.6281 0004787  78.5648 281.6080 14.43524424821922
0 ORBCOMM-X
1 21576U 91050C   26079.13951429  .00000256  00000-0  88323-4 0  9995
2 21576  98.3045 144.6281 0004787  78.5648 281.6081 14.43524424821923
0 ORBCOMM-X
1 21576U 91050C   26079.41677553  .00000250  00000-0  86374-4 0  9997
2 21576  98.3045 144.8986 0004785  77.9771 282.1956 14.43524490821969
0 ORBCOMM-X
1 21576U 91050C   26079.41677554  .00000250  00000-0  86374-4 0  9998
2 21576  98.3045 144.8986 0004785  77.9771 282.1956 14.43524490821969
0 ORBCOMM-X
1 21576U 91050C   26080.17924320  .00000265  00000-0  91028-4 0  9997
2 21576  98.3044 145.6424 0004767  76.2577 283.9144 14.43525072822078
0 ORBCOMM-X
1 21576U 91050C   26080.59513449  .00000292  00000-0  98996-4 0  9990
2 21576  98.3044 146.0481 0004766  75.3468 284.8250 14.43525501822136
0 ORBCOMM-X
1 21576U 91050C   26080.94171050  .00000291  00000-0  98603-4 0  9991
2 21576  98.3042 146.3862 0004760  74.5528 285.6188 14.43525710822188
0 ORBCOMM-X
1 21576U 91050C   26081.77349267  .00000303  00000-0  10203-3 0  9993
2 21576  98.3041 147.1976 0004730  72.6351 287.5356 14.43526361822307
0 ORBCOMM-X
1 21576U 91050C   26082.18938359  .00000324  00000-0  10822-3 0  9995
2 21576  98.3040 147.6033 0004717  71.6602 288.5101 14.43526782822360
0 ORBCOMM-X
1 21576U 91050C   26082.46664413  .00000326  00000-0  10887-3 0  9996
2 21576  98.3040 147.8738 0004707  71.0112 289.1589 14.43526991822407
0 ORBCOMM-X
1 21576U 91050C   26082.60527444  .00000305  00000-0  10259-3 0  9994
2 21576  98.3040 148.0090 0004705  70.7423 289.4277 14.43526990822428
0 ORBCOMM-X
1 21576U 91050C   26083.15979540  .00000316  00000-0  10607-3 0  9992
2 21576  98.3039 148.5499 0004687  69.4437 290.7257 14.43527468822506
0 ORBCOMM-X
1 21576U 91050C   26083.43705582  .00000315  00000-0  10575-3 0  9999
2 21576  98.3038 148.8204 0004680  68.8373 291.3318 14.43527670822541
0 ORBCOMM-X
1 21576U 91050C   26083.92226144  .00000304  00000-0  10244-3 0  9996
2 21576  98.3037 149.2937 0004669  67.7801 292.3884 14.43528004822618
0 ORBCOMM-X
1 21576U 91050C   26084.40746694  .00000310  00000-0  10414-3 0  9993
2 21576  98.3035 149.7669 0004655  66.6767 293.4913 14.43528431822683
0 ORBCOMM-X
1 21576U 91050C   26085.16993244  .00000309  00000-0  10396-3 0  9999
2 21576  98.3034 150.5106 0004629  64.9048 295.2623 14.43529058822798
0 ORBCOMM-X
1 21576U 91050C   26085.16993245  .00000309  00000-0  10396-3 0  9990
2 21576  98.3034 150.5106 0004629  64.9048 295.2623 14.43529058822798
0 ORBCOMM-X
1 21576U 91050C   26085.44719257  .00000305  00000-0  10270-3 0  9997
2 21576  98.3034 150.7811 0004627  64.3057 295.8611 14.43529249822835
0 ORBCOMM-X
1 21576U 91050C   26085.44719258  .00000305  00000-0  10270-3 0  9998
2 21576  98.3034 150.7811 0004627  64.3057 295.8611 14.43529249822835
0 ORBCOMM-X
1 21576U 91050C   26086.14034260  .00000313  00000-0  10519-3 0  9994
2 21576  98.3032 151.4572 0004597  62.6869 297.4790 14.43529875822935
0 ORBCOMM-X
1 21576U 91050C   26086.14034261  .00000313  00000-0  10519-3 0  9995
2 21576  98.3032 151.4572 0004597  62.6869 297.4790 14.43529875822935
0 ORBCOMM-X
1 21576U 91050C   26086.41760266  .00000303  00000-0  10205-3 0  9997
2 21576  98.3032 151.7277 0004589  62.0880 298.0775 14.43530006822970
0 ORBCOMM-X
1 21576U 91050C   26086.62554769  .00000278  00000-0  94646-4 0  9992
2 21576  98.3032 151.9305 0004572  61.6053 298.5598 14.43530025823007
0 ORBCOMM-X
1 21576U 91050C   26086.76417765  .00000276  00000-0  94094-4 0  9996
2 21576  98.3031 152.0657 0004563  61.2515 298.9134 14.43530110823024
0 ORBCOMM-X
1 21576U 91050C   26086.76417766  .00000276  00000-0  94094-4 0  9997
2 21576  98.3031 152.0657 0004563  61.2515 298.9134 14.43530110823024
0 ORBCOMM-X
1 21576U 91050C   26087.18006745  .00000325  00000-0  10876-3 0  9995
2 21576  98.3030 152.4714 0004546  60.2379 299.9264 14.43530685823087
0 ORBCOMM-X
1 21576U 91050C   26087.18006746  .00000325  00000-0  10876-3 0  9996
2 21576  98.3030 152.4714 0004546  60.2379 299.9264 14.43530685823087
0 ORBCOMM-X
1 21576U 91050C   26087.45732733  .00000323  00000-0  10793-3 0  9994
2 21576  98.3030 152.7419 0004541  59.5902 300.5737 14.43530852823125
0 ORBCOMM-X
1 21576U 91050C   26087.59595721  .00000311  00000-0  10439-3 0  9997
2 21576  98.3030 152.8771 0004526  59.2271 300.9365 14.43530907823140
0 ORBCOMM-X
1 21576U 91050C   26087.73458711  .00000310  00000-0  10424-3 0  9993
2 21576  98.3029 153.0123 0004520  58.8862 301.2772 14.43530998823165
0 ORBCOMM-X
1 21576U 91050C   26087.73458711  .00000310  00000-0  10424-3 0  9993
2 21576  98.3029 153.0123 0004520  58.8862 301.2772 14.43530998823165
0 ORBCOMM-X
1 21576U 91050C   26088.15047672  .00000324  00000-0  10832-3 0  9998
2 21576  98.3028 153.4179 0004501  57.9214 302.2413 14.43531363823226
0 ORBCOMM-X
1 21576U 91050C   26089.19020017  .00000386  00000-0  12657-3 0  9992
2 21576  98.3026 154.4320 0004466  55.4906 304.6706 14.43532505823370
0 ORBCOMM-X
1 21576U 91050C   26089.19020018  .00000386  00000-0  12657-3 0  9993
2 21576  98.3026 154.4320 0004466  55.4906 304.6706 14.43532505823370
0 ORBCOMM-X
1 21576U 91050C   26089.46745969  .00000387  00000-0  12700-3 0  9992
2 21576  98.3026 154.7024 0004458  54.8719 305.2889 14.43532715823417
0 ORBCOMM-X
1 21576U 91050C   26089.60608937  .00000390  00000-0  12786-3 0  9999
2 21576  98.3026 154.8377 0004453  54.5655 305.5951 14.43532871823438
0 ORBCOMM-X
1 21576U 91050C   26089.74471908  .00000389  00000-0  12751-3 0  9990
2 21576  98.3026 154.9729 0004447  54.2080 305.9523 14.43532968823450
0 ORBCOMM FM 1
1 23545U 95017A   26060.30064439  .00007441  00000-0  69552-3 0  9990
2 23545  69.9623 150.9854 0007260 281.7592  78.2750 14.94485091650866
0 ORBCOMM FM 1
1 23545U 95017A   26060.50143895  .00007692  00000-0  71867-3 0  9996
2 23545  69.9623 150.4812 0007265 281.6220  78.4121 14.94488047650898
0 ORBCOMM FM 1
1 23545U 95017A   26060.70223257  .00007883  00000-0  73615-3 0  9994
2 23545  69.9623 149.9771 0007210 281.3332  78.7015 14.94492075650921
0 ORBCOMM FM 1
1 23545U 95017A   26060.70223279  .00008053  00000-0  75189-3 0  9996
2 23545  69.9623 149.9771 0007194 281.3454  78.6894 14.94492088650925
0 ORBCOMM FM 1
1 23545U 95017A   26060.70223279  .00008053  00000-0  75189-3 0  9996
2 23545  69.9623 149.9771 0007194 281.3454  78.6894 14.94492088650925
0 ORBCOMM FM 1
1 23545U 95017A   26061.50540419  .00008092  00000-0  75518-3 0  9992
2 23545  69.9624 147.9604 0007226 280.6334  79.4008 14.94504969651046
0 ORBCOMM FM 1
1 23545U 95017A   26061.63926549  .00007926  00000-0  73991-3 0  9996
2 23545  69.9624 147.6242 0007215 280.5478  79.4865 14.94506881651065
0 ORBCOMM FM 1
1 23545U 95017A   26061.63926549  .00007926  00000-0  73991-3 0  9996
2 23545  69.9624 147.6242 0007215 280.5478  79.4865 14.94506881651065
0 ORBCOMM FM 1
1 23545U 95017A   26062.17470838  .00007770  00000-0  72535-3 0  9991
2 23545  69.9624 146.2797 0007273 280.0459  79.9877 14.94515521651141
0 ORBCOMM FM 1
1 23545U 95017A   26062.50935876  .00007949  00000-0  74174-3 0  9995
2 23545  69.9624 145.4394 0007297 279.8292  80.2041 14.94520796651195
0 ORBCOMM FM 1
1 23545U 95017A   26062.64321827  .00008728  00000-0  81344-3 0  9998
2 23545  69.9623 145.1031 0007334 279.8612  80.1716 14.94524433651210
0 ORBCOMM FM 1
1 23545U 95017A   26062.64321827  .00008728  00000-0  81344-3 0  9998
2 23545  69.9623 145.1031 0007334 279.8612  80.1716 14.94524433651210
0 ORBCOMM FM 1
1 23545U 95017A   26063.17865483  .00009446  00000-0  87929-3 0  9991
2 23545  69.9621 143.7586 0007356 279.4736  80.5589 14.94535082651296
0 ORBCOMM FM 1
1 23545U 95017A   26063.44637147  .00010025  00000-0  93247-3 0  9990
2 23545  69.9620 143.0863 0007365 279.3129  80.7194 14.94540865651335
0 ORBCOMM FM 1
1 23545U 95017A   26063.51330074  .00009033  00000-0  84117-3 0  9990
2 23545  69.9620 142.9182 0007372 279.2714  80.7609 14.94540390651349
0 ORBCOMM FM 1
1 23545U 95017A   26063.51330074  .00009033  00000-0  84117-3 0  9990
2 23545  69.9620 142.9182 0007372 279.2714  80.7609 14.94540390651349
0 ORBCOMM FM 1
1 23545U 95017A   26064.18258897  .00007816  00000-0  72893-3 0  9991
2 23545  69.9617 141.2376 0007376 278.8303  81.2019 14.94550949651448
0 ORBCOMM FM 1
1 23545U 95017A   26064.24951745  .00007912  00000-0  73776-3 0  9998
2 23545  69.9617 141.0696 0007379 278.7831  81.2490 14.94552343651453
0 ORBCOMM FM 1
1 23545U 95017A   26064.58415949  .00008101  00000-0  75505-3 0  9999
2 23545  69.9616 140.2292 0007317 278.8076  81.2252 14.94558268651503
0 ORBCOMM FM 1
1 23545U 95017A   26064.58415949  .00008101  00000-0  75505-3 0  9999
2 23545  69.9616 140.2292 0007317 278.8076  81.2252 14.94558268651503
0 ORBCOMM FM 1
1 23545U 95017A   26065.25343896  .00007715  00000-0  71928-3 0  9990
2 23545  69.9612 138.5485 0007455 278.4435  81.5877 14.94569647651601
0 ORBCOMM FM 1
1 23545U 95017A   26065.45422191  .00008054  00000-0  75039-3 0  9992
2 23545  69.9611 138.0442 0007437 277.9403  82.0909 14.94573225651639
0 ORBCOMM FM 1
1 23545U 95017A   26066.19042205  .00007806  00000-0  72736-3 0  9993
2 23545  69.9608 136.1951 0007492 277.4647  82.5658 14.94585561651749
0 ORBCOMM FM 1
1 23545U 95017A   26066.32427554  .00009979  00000-0  92709-3 0  9997
2 23545  69.9609 135.8590 0007457 277.1966  82.8343 14.94591448651764
0 ORBCOMM FM 1
1 23545U 95017A   26066.52505580  .00010489  00000-0  97381-3 0  9994
2 23545  69.9609 135.3547 0007436 277.0233  83.0078 14.94595758651793
0 ORBCOMM FM 1
1 23545U 95017A   26066.59198257  .00010143  00000-0  94204-3 0  9998
2 23545  69.9609 135.1867 0007450 277.0061  83.0249 14.94596351651803
0 ORBCOMM FM 1
1 23545U 95017A   26066.59198257  .00010143  00000-0  94204-3 0  9998
2 23545  69.9609 135.1867 0007450 277.0061  83.0249 14.94596351651803
0 ORBCOMM FM 1
1 23545U 95017A   26067.12739410  .00010249  00000-0  95148-3 0  9995
2 23545  69.9608 133.8421 0007373 276.5183  83.5134 14.94606536651889
0 ORBCOMM FM 1
1 23545U 95017A   26067.52894999  .00009711  00000-0  90194-3 0  9991
2 23545  69.9609 132.8335 0007370 276.2090  83.8227 14.94613344651942
0 ORBCOMM FM 1
1 23545U 95017A   26067.59587578  .00009611  00000-0  89268-3 0  9999
2 23545  69.9609 132.6654 0007405 276.2288  83.8025 14.94614402651955
0 ORBCOMM FM 1
1 23545U 95017A   26068.53283244  .00006717  00000-0  62648-3 0  9994
2 23545  69.9609 130.3123 0007379 275.3665  84.6650 14.94626582652091
0 ORBCOMM FM 1
1 23545U 95017A   26068.59975765  .00006616  00000-0  61722-3 0  9996
2 23545  69.9608 130.1442 0007397 275.3811  84.6502 14.94627417652101
0 ORBCOMM FM 1
1 23545U 95017A   26068.59975766  .00006616  00000-0  61722-3 0  9997
2 23545  69.9608 130.1442 0007397 275.3811  84.6502 14.94627418652102
0 ORBCOMM FM 1
1 23545U 95017A   26069.26900654  .00006778  00000-0  63191-3 0  9997
2 23545  69.9608 128.4633 0007407 274.9181  85.1130 14.94638063652203
0 ORBCOMM FM 1
1 23545U 95017A   26069.46978053  .00006774  00000-0  63152-3 0  9990
2 23545  69.9608 127.9590 0007405 274.7538  85.2773 14.94640631652232
0 ORBCOMM FM 1
1 23545U 95017A   26069.46978054  .00006774  00000-0  63152-3 0  9991
2 23545  69.9608 127.9590 0007405 274.7538  85.2773 14.94640631652232
0 ORBCOMM FM 1
1 23545U 95017A   26070.20594890  .00006289  00000-0  58683-3 0  9991
2 23545  69.9608 126.1102 0007385 273.9805  86.0508 14.94649931652346
0 ORBCOMM FM 1
1 23545U 95017A   26070.27287306  .00006225  00000-0  58087-3 0  9997
2 23545  69.9608 125.9420 0007397 273.9630  86.0681 14.94650608652351
0 ORBCOMM FM 1
1 23545U 95017A   26070.54056927  .00006344  00000-0  59180-3 0  9997
2 23545  69.9608 125.2698 0007401 273.6736  86.3574 14.94654219652391
0 ORBCOMM FM 1
1 23545U 95017A   26070.54056928  .00006344  00000-0  59180-3 0  9998
2 23545  69.9608 125.2698 0007401 273.6736  86.3574 14.94654219652391
0 ORBCOMM FM 1
1 23545U 95017A   26071.27673049  .00005926  00000-0  55322-3 0  9997
2 23545  69.9608 123.4211 0007458 272.7474  87.2829 14.94663399652508
0 ORBCOMM FM 1
1 23545U 95017A   26071.54442476  .00006134  00000-0  57226-3 0  9992
2 23545  69.9607 122.7488 0007450 272.6437  87.3867 14.94666772652540
0 ORBCOMM FM 1
1 23545U 95017A   26071.54442476  .00006134  00000-0  57226-3 0  9992
2 23545  69.9607 122.7488 0007450 272.6437  87.3867 14.94666772652540
0 ORBCOMM FM 1
1 23545U 95017A   26072.28058015  .00005775  00000-0  53924-3 0  9997
2 23545  69.9608 120.8996 0007471 272.0187  88.0114 14.94675188652659
0 ORBCOMM FM 1
1 23545U 95017A   26073.28442010  .00006640  00000-0  61841-3 0  9999
2 23545  69.9608 118.3781 0007482 271.0217  89.0083 14.94690102652804
0 ORBCOMM FM 1
1 23545U 95017A   26073.55210875  .00007942  00000-0  73779-3 0  9990
2 23545  69.9606 117.7052 0007425 270.8276  89.2030 14.94696815652840
0 ORBCOMM FM 1
1 23545U 95017A   26074.28824957  .00006794  00000-0  63232-3 0  9990
2 23545  69.9607 115.8558 0007429 270.6904  89.3401 14.94705934652959
0 ORBCOMM FM 1
1 23545U 95017A   26074.48901475  .00005520  00000-0  51535-3 0  9992
2 23545  69.9606 115.3514 0007420 270.5984  89.4323 14.94706632652986
0 ORBCOMM FM 1
1 23545U 95017A   26074.82362183  .00005387  00000-0  50310-3 0  9998
2 23545  69.9606 114.5109 0007434 270.4954  89.5351 14.94711485653039
0 ORBCOMM FM 1
1 23545U 95017A   26075.15822833  .00005657  00000-0  52781-3 0  9992
2 23545  69.9604 113.6702 0007455 270.2116  89.8186 14.94716211653083
0 ORBCOMM FM 1
1 23545U 95017A   26076.16204339  .00004193  00000-0  39342-3 0  9991
2 23545  69.9601 111.1484 0007469 269.2224  90.8077 14.94724773653233
0 ORBCOMM FM 1
1 23545U 95017A   26076.42972646  .00004445  00000-0  41650-3 0  9998
2 23545  69.9598 110.4759 0007447 268.9608  91.0696 14.94727392653277
0 ORBCOMM FM 1
1 23545U 95017A   26077.29969312  .00004829  00000-0  45160-3 0  9996
2 23545  69.9595 108.2903 0007447 268.2142  91.8162 14.94736244653403
0 ORBCOMM FM 1
1 23545U 95017A   26077.50045425  .00004779  00000-0  44704-3 0  9997
2 23545  69.9594 107.7858 0007458 268.0804  91.9499 14.94737820653438
0 ORBCOMM FM 1
1 23545U 95017A   26077.50045425  .00004779  00000-0  44704-3 0  9997
2 23545  69.9594 107.7858 0007458 268.0804  91.9499 14.94737820653438
0 ORBCOMM FM 1
1 23545U 95017A   26078.30349647  .00004506  00000-0  42190-3 0  9994
2 23545  69.9592 105.7683 0007461 267.4088  92.6214 14.94743710653552
0 ORBCOMM FM 1
1 23545U 95017A   26078.50425665  .00004566  00000-0  42741-3 0  9999
2 23545  69.9591 105.2638 0007469 267.3366  92.6936 14.94745301653584
0 ORBCOMM FM 1
1 23545U 95017A   26079.17345552  .00004109  00000-0  38544-3 0  9998
2 23545  69.9591 103.5825 0007463 266.8072  93.2231 14.94749243653680
0 ORBCOMM FM 1
1 23545U 95017A   26079.30729515  .00004252  00000-0  39856-3 0  9994
2 23545  69.9592 103.2463 0007463 266.6751  93.3552 14.94750382653704
0 ORBCOMM FM 1
1 23545U 95017A   26079.50805389  .00005610  00000-0  52299-3 0  9995
2 23545  69.9593 102.7418 0007438 266.5403  93.4904 14.94755178653737
0 ORBCOMM FM 1
1 23545U 95017A   26079.50805389  .00005610  00000-0  52299-3 0  9995
2 23545  69.9593 102.7418 0007438 266.5403  93.4904 14.94755178653737
0 ORBCOMM FM 1
1 23545U 95017A   26080.17724699  .00006373  00000-0  59277-3 0  9994
2 23545  69.9594 101.0606 0007438 266.1086  93.9221 14.94763702653832
0 ORBCOMM FM 1
1 23545U 95017A   26080.51184137  .00008808  00000-0  81568-3 0  9992
2 23545  69.9595 100.2197 0007418 265.5241  94.5069 14.94772189653884
0 ORBCOMM FM 1
1 23545U 95017A   26080.77951581  .00009161  00000-0  84791-3 0  9999
2 23545  69.9596  99.5472 0007416 265.1070  94.9241 14.94776906653927
0 ORBCOMM FM 1
1 23545U 95017A   26081.31486129  .00009589  00000-0  88681-3 0  9997
2 23545  69.9597  98.2022 0007441 264.7112  95.3196 14.94787990654004
0 ORBCOMM FM 1
1 23545U 95017A   26081.44869693  .00009615  00000-0  88909-3 0  9995
2 23545  69.9598  97.8661 0007421 264.6921  95.3390 14.94791173654020
0 ORBCOMM FM 1
1 23545U 95017A   26082.18478643  .00011158  00000-0  10297-2 0  9997
2 23545  69.9602  96.0166 0007422 264.0338  95.9973 14.94812262654132
0 ORBCOMM FM 1
1 23545U 95017A   26082.45245337  .00010200  00000-0  94197-3 0  9998
2 23545  69.9601  95.3440 0007410 263.7652  96.2661 14.94817972654175
0 ORBCOMM FM 1
1 23545U 95017A   26082.92086793  .00009081  00000-0  83948-3 0  9996
2 23545  69.9602  94.1672 0007394 263.3279  96.7036 14.94827428654248
0 ORBCOMM FM 1
1 23545U 95017A   26083.45619578  .00007538  00000-0  69826-3 0  9992
2 23545  69.9603  92.8222 0007361 262.9119  97.1201 14.94836618654326
0 ORBCOMM FM 1
1 23545U 95017A   26083.99152034  .00007775  00000-0  71974-3 0  9990
2 23545  69.9603  91.4772 0007362 262.6346  97.3975 14.94845918654403
0 ORBCOMM FM 1
1 23545U 95017A   26084.45992662  .00007859  00000-0  72727-3 0  9991
2 23545  69.9602  90.3003 0007351 261.9965  98.0358 14.94854427654479
0 ORBCOMM FM 1
1 23545U 95017A   26084.72758601  .00009130  00000-0  84324-3 0  9994
2 23545  69.9601  89.6276 0007362 261.5337  98.4986 14.94860628654518
0 ORBCOMM FM 1
1 23545U 95017A   26084.72758601  .00009130  00000-0  84324-3 0  9994
2 23545  69.9601  89.6276 0007362 261.5337  98.4986 14.94860628654518
0 ORBCOMM FM 1
1 23545U 95017A   26085.12907360  .00008777  00000-0  81083-3 0  9992
2 23545  69.9600  88.6188 0007368 261.0933  98.9390 14.94867319654575
0 ORBCOMM FM 1
1 23545U 95017A   26085.26290242  .00008897  00000-0  82173-3 0  9995
2 23545  69.9600  88.2825 0007372 260.9879  99.0444 14.94869671654598
0 ORBCOMM FM 1
1 23545U 95017A   26085.39673145  .00008592  00000-0  79388-3 0  9992
2 23545  69.9601  87.9463 0007370 260.9036  99.1287 14.94871180654613
0 ORBCOMM FM 1
1 23545U 95017A   26085.39673145  .00008592  00000-0  79388-3 0  9992
2 23545  69.9601  87.9463 0007370 260.9036  99.1287 14.94871180654613
0 ORBCOMM FM 1
1 23545U 95017A   26086.19969887  .00008666  00000-0  80039-3 0  9999
2 23545  69.9600  85.9286 0007359 259.9476 100.0851 14.94885411654730
0 ORBCOMM FM 1
1 23545U 95017A   26086.26661250  .00008764  00000-0  80925-3 0  9993
2 23545  69.9600  85.7603 0007345 259.9372 100.0956 14.94886671654747
0 ORBCOMM FM 1
1 23545U 95017A   26086.40043966  .00008677  00000-0  80127-3 0  9994
2 23545  69.9600  85.4241 0007359 259.7332 100.2996 14.94888800654765
0 ORBCOMM FM 1
1 23545U 95017A   26086.40043966  .00008677  00000-0  80127-3 0  9994
2 23545  69.9600  85.4241 0007359 259.7332 100.2996 14.94888800654765
0 ORBCOMM FM 1
1 23545U 95017A   26087.20339686  .00010079  00000-0  92884-3 0  9992
2 23545  69.9599  83.4063 0007321 259.0347 100.9987 14.94905968654885
0 ORBCOMM FM 1
1 23545U 95017A   26087.27030947  .00010241  00000-0  94354-3 0  9992
2 23545  69.9599  83.2382 0007327 258.8569 101.1765 14.94907621654892
0 ORBCOMM FM 1
1 23545U 95017A   26087.40413447  .00010607  00000-0  97684-3 0  9992
2 23545  69.9599  82.9018 0007296 258.8253 101.2084 14.94911162654912
0 ORBCOMM FM 1
1 23545U 95017A   26087.40413447  .00010607  00000-0  97684-3 0  9992
2 23545  69.9599  82.9018 0007296 258.8253 101.2084 14.94911162654912
0 ORBCOMM FM 1
1 23545U 95017A   26088.20707807  .00014000  00000-0  12853-2 0  9992
2 23545  69.9600  80.8839 0007253 257.9321 102.1023 14.94934732655037
0 ORBCOMM FM 1
1 23545U 95017A   26089.07692070  .00013854  00000-0  12713-2 0  9994
2 23545  69.9599  78.6980 0007218 256.5909 103.4444 14.94957658655161
0 ORBCOMM FM 1
1 23545U 95017A   26089.21074166  .00012933  00000-0  11874-2 0  9994
2 23545  69.9599  78.3617 0007210 256.4005 103.6349 14.94959779655187
0 ORBCOMM FM 1
1 23545U 95017A   26089.34456211  .00013055  00000-0  11983-2 0  9990
2 23545  69.9600  78.0254 0007202 256.1524 103.8832 14.94963616655205
0 ORBCOMM FM 1
1 23545U 95017A   26089.67911138  .00014043  00000-0  12879-2 0  9993
2 23545  69.9599  77.1845 0007210 255.6524 104.3833 14.94973851655255
0 ORBCOMM FM 2
1 23546U 95017B   26060.28035213  .00012347  00000-0  10891-2 0  9998
2 23546  69.9632 169.1164 0008420 282.8596  77.1621 14.96543088650541
0 ORBCOMM FM 2
1 23546U 95017B   26060.48087054  .00012328  00000-0  10872-2 0  9998
2 23546  69.9634 168.6112 0008460 282.7852  77.2361 14.96547766650570
0 ORBCOMM FM 2
1 23546U 95017B   26060.68138858  .00012001  00000-0  10586-2 0  9999
2 23546  69.9635 168.1063 0008465 282.5413  77.4798 14.96551910650603
0 ORBCOMM FM 2
1 23546U 95017B   26060.68138858  .00012001  00000-0  10586-2 0  9999
2 23546  69.9635 168.1063 0008465 282.5413  77.4798 14.96551910650603
0 ORBCOMM FM 2
1 23546U 95017B   26061.01558367  .00010891  00000-0  96141-3 0  9995
2 23546  69.9635 167.2643 0008524 282.2152  77.8051 14.96557868650659
0 ORBCOMM FM 2
1 23546U 95017B   26061.48345509  .00010823  00000-0  95525-3 0  9998
2 23546  69.9636 166.0860 0008466 281.9789  78.0419 14.96567270650722
0 ORBCOMM FM 2
1 23546U 95017B   26061.61713222  .00010056  00000-0  88816-3 0  9997
2 23546  69.9637 165.7493 0008480 281.8561  78.1646 14.96568821650742
0 ORBCOMM FM 2
1 23546U 95017B   26061.68397064  .00009887  00000-0  87342-3 0  9999
2 23546  69.9637 165.5809 0008504 281.7528  78.2675 14.96569964650753
0 ORBCOMM FM 2
1 23546U 95017B   26061.68397065  .00009887  00000-0  87342-3 0  9990
2 23546  69.9637 165.5809 0008504 281.7528  78.2675 14.96569964650753
0 ORBCOMM FM 2
1 23546U 95017B   26062.41918839  .00010130  00000-0  89421-3 0  9993
2 23546  69.9639 163.7289 0008554 281.1156  78.9040 14.96585319650860
0 ORBCOMM FM 2
1 23546U 95017B   26062.61970066  .00011708  00000-0  10319-2 0  9996
2 23546  69.9638 163.2237 0008565 280.9150  79.1044 14.96591887650897
0 ORBCOMM FM 2
1 23546U 95017B   26062.68653792  .00011920  00000-0  10503-2 0  9998
2 23546  69.9639 163.0553 0008521 280.8494  79.1705 14.96594070650902
0 ORBCOMM FM 2
1 23546U 95017B   26062.68653792  .00011920  00000-0  10503-2 0  9998
2 23546  69.9639 163.0553 0008521 280.8494  79.1705 14.96594070650902
0 ORBCOMM FM 2
1 23546U 95017B   26063.48857793  .00014917  00000-0  13110-2 0  9990
2 23546  69.9637 161.0345 0008585 280.2413  79.7777 14.96619463651025
0 ORBCOMM FM 2
1 23546U 95017B   26063.48857793  .00014917  00000-0  13110-2 0  9990
2 23546  69.9637 161.0345 0008585 280.2413  79.7777 14.96619463651025
0 ORBCOMM FM 2
1 23546U 95017B   26064.22377155  .00011525  00000-0  10148-2 0  9992
2 23546  69.9635 159.1824 0008591 279.6670  80.3518 14.96635582651130
0 ORBCOMM FM 2
1 23546U 95017B   26064.55794753  .00011413  00000-0  10048-2 0  9990
2 23546  69.9635 158.3407 0008556 279.4743  80.5448 14.96643998651187
0 ORBCOMM FM 2
1 23546U 95017B   26064.69161732  .00011235  00000-0  98916-3 0  9993
2 23546  69.9634 158.0045 0008565 279.0449  80.9740 14.96647267651205
0 ORBCOMM FM 2
1 23546U 95017B   26064.69161732  .00011235  00000-0  98916-3 0  9993
2 23546  69.9634 158.0045 0008565 279.0449  80.9740 14.96647267651205
0 ORBCOMM FM 2
1 23546U 95017B   26065.22629412  .00010496  00000-0  92448-3 0  9999
2 23546  69.9631 156.6571 0008603 278.6800  81.3384 14.96658735651288
0 ORBCOMM FM 2
1 23546U 95017B   26065.35996265  .00010637  00000-0  93673-3 0  9994
2 23546  69.9631 156.3206 0008596 278.4653  81.5530 14.96661998651308
0 ORBCOMM FM 2
1 23546U 95017B   26066.29563552  .00013055  00000-0  11467-2 0  9994
2 23546  69.9627 153.9629 0008596 277.7506  82.2676 14.96685159651443
0 ORBCOMM FM 2
1 23546U 95017B   26066.49613500  .00013571  00000-0  11914-2 0  9995
2 23546  69.9628 153.4578 0008573 277.5817  82.4367 14.96690394651479
0 ORBCOMM FM 2
1 23546U 95017B   26066.62980133  .00012641  00000-0  11105-2 0  9998
2 23546  69.9628 153.1211 0008590 277.4346  82.5836 14.96692153651494
0 ORBCOMM FM 2
1 23546U 95017B   26066.62980133  .00012641  00000-0  11105-2 0  9998
2 23546  69.9628 153.1211 0008590 277.4346  82.5836 14.96692153651494
0 ORBCOMM FM 2
1 23546U 95017B   26067.16446241  .00013292  00000-0  11667-2 0  9991
2 23546  69.9627 151.7740 0008609 276.9262  83.0917 14.96705564651572
0 ORBCOMM FM 2
1 23546U 95017B   26067.49862317  .00012634  00000-0  11093-2 0  9995
2 23546  69.9626 150.9321 0008656 277.1416  82.8757 14.96713366651627
0 ORBCOMM FM 2
1 23546U 95017B   26067.63228675  .00012690  00000-0  11140-2 0  9999
2 23546  69.9627 150.5955 0008628 277.0616  82.9560 14.96717478651640
0 ORBCOMM FM 2
1 23546U 95017B   26068.50109378  .00009508  00000-0  83672-3 0  9998
2 23546  69.9627 148.4064 0008663 276.3569  83.6603 14.96735319651779
0 ORBCOMM FM 2
1 23546U 95017B   26068.63475554  .00009200  00000-0  80978-3 0  9999
2 23546  69.9626 148.0696 0008676 276.2558  83.7611 14.96738099651796
0 ORBCOMM FM 2
1 23546U 95017B   26068.63475555  .00009200  00000-0  80978-3 0  9990
2 23546  69.9626 148.0696 0008676 276.2558  83.7611 14.96738100651799
0 ORBCOMM FM 2
1 23546U 95017B   26069.23622944  .00010823  00000-0  95066-3 0  9990
2 23546  69.9626 146.5540 0008706 275.8937  84.1228 14.96753325651885
0 ORBCOMM FM 2
1 23546U 95017B   26069.50354969  .00010113  00000-0  88882-3 0  9999
2 23546  69.9626 145.8805 0008734 275.7312  84.2850 14.96758078651925
0 ORBCOMM FM 2
1 23546U 95017B   26069.63720945  .00009905  00000-0  87066-3 0  9994
2 23546  69.9626 145.5437 0008736 275.6328  84.3834 14.96760952651940
0 ORBCOMM FM 2
1 23546U 95017B   26069.63720945  .00009905  00000-0  87066-3 0  9994
2 23546  69.9626 145.5437 0008736 275.6328  84.3834 14.96760952651940
0 ORBCOMM FM 2
1 23546U 95017B   26070.30550471  .00009377  00000-0  82450-3 0  9990
2 23546  69.9626 143.8603 0008721 275.1901  84.8261 14.96774006652048
0 ORBCOMM FM 2
1 23546U 95017B   26070.50599227  .00009376  00000-0  82429-3 0  9999
2 23546  69.9626 143.3552 0008746 275.4396  84.5764 14.96777831652071
0 ORBCOMM FM 2
1 23546U 95017B   26070.63965041  .00008974  00000-0  78934-3 0  9993
2 23546  69.9624 143.0179 0008777 275.3920  84.6236 14.96780007652093
0 ORBCOMM FM 2
1 23546U 95017B   26070.90696609  .00007392  00000-0  65171-3 0  9996
2 23546  69.9624 142.3438 0008783 274.7374  85.2781 14.96782245652139
0 ORBCOMM FM 2
1 23546U 95017B   26070.90696609  .00007392  00000-0  65171-3 0  9996
2 23546  69.9624 142.3438 0008783 274.7374  85.2781 14.96782245652139
0 ORBCOMM FM 2
1 23546U 95017B   26071.30793890  .00007484  00000-0  65957-3 0  9995
2 23546  69.9626 141.3340 0008738 273.9045  86.1114 14.96788094652192
0 ORBCOMM FM 2
1 23546U 95017B   26071.57525323  .00007612  00000-0  67063-3 0  9991
2 23546  69.9625 140.6602 0008682 273.8278  86.1888 14.96792236652235
0 ORBCOMM FM 2
1 23546U 95017B   26071.57525324  .00007612  00000-0  67063-3 0  9992
2 23546  69.9625 140.6602 0008682 273.8278  86.1888 14.96792236652235
0 ORBCOMM FM 2
1 23546U 95017B   26072.57767400  .00008749  00000-0  76914-3 0  9993
2 23546  69.9626 138.1343 0008693 272.7262  87.2901 14.96809647652382
0 ORBCOMM FM 2
1 23546U 95017B   26072.91181184  .00008309  00000-0  73084-3 0  9997
2 23546  69.9626 137.2921 0008707 272.6664  87.3497 14.96814505652431
0 ORBCOMM FM 2
1 23546U 95017B   26073.31277478  .00008893  00000-0  78142-3 0  9992
2 23546  69.9627 136.2818 0008743 272.3372  87.6785 14.96822948652498
0 ORBCOMM FM 2
1 23546U 95017B   26073.58008261  .00010385  00000-0  91076-3 0  9993
2 23546  69.9627 135.6082 0008757 272.1583  87.8572 14.96829847652537
0 ORBCOMM FM 2
1 23546U 95017B   26073.91421585  .00009493  00000-0  83324-3 0  9993
2 23546  69.9626 134.7661 0008766 271.8739  88.1415 14.96835040652585
0 ORBCOMM FM 2
1 23546U 95017B   26074.24834809  .00008294  00000-0  72909-3 0  9992
2 23546  69.9626 133.9241 0008730 271.5144  88.5014 14.96839588652634
0 ORBCOMM FM 2
1 23546U 95017B   26074.58247954  .00006371  00000-0  56199-3 0  9995
2 23546  69.9626 133.0821 0008748 271.2737  88.7419 14.96841965652681
0 ORBCOMM FM 2
1 23546U 95017B   26075.18391326  .00006166  00000-0  54405-3 0  9995
2 23546  69.9624 131.5665 0008727 270.7022  89.3136 14.96851008652778
0 ORBCOMM FM 2
1 23546U 95017B   26076.18629688  .00004519  00000-0  40095-3 0  9991
2 23546  69.9622 129.0403 0008717 269.8344  90.1815 14.96860508652929
0 ORBCOMM FM 2
1 23546U 95017B   26076.38677290  .00004481  00000-0  39759-3 0  9998
2 23546  69.9621 128.5350 0008714 269.5990  90.4169 14.96862202652955
0 ORBCOMM FM 2
1 23546U 95017B   26076.85454931  .00004459  00000-0  39566-3 0  9996
2 23546  69.9619 127.3560 0008712 269.1833  90.8327 14.96866726653026
0 ORBCOMM FM 2
1 23546U 95017B   26076.85454931  .00004459  00000-0  39566-3 0  9996
2 23546  69.9619 127.3560 0008712 269.1833  90.8327 14.96866726653026
0 ORBCOMM FM 2
1 23546U 95017B   26077.52279932  .00005018  00000-0  44412-3 0  9995
2 23546  69.9614 125.6717 0008721 268.3869  91.6290 14.96873594653126
0 ORBCOMM FM 2
1 23546U 95017B   26077.52279933  .00005018  00000-0  44412-3 0  9996
2 23546  69.9614 125.6717 0008721 268.3869  91.6290 14.96873594653126
0 ORBCOMM FM 2
1 23546U 95017B   26077.85692303  .00005270  00000-0  46592-3 0  9993
2 23546  69.9613 124.8294 0008765 268.1764  91.8390 14.96876987653173
0 ORBCOMM FM 2
1 23546U 95017B   26077.85692304  .00005270  00000-0  46592-3 0  9994
2 23546  69.9613 124.8294 0008765 268.1765  91.8390 14.96876987653174
0 ORBCOMM FM 2
1 23546U 95017B   26078.32469542  .00005115  00000-0  45241-3 0  9991
2 23546  69.9610 123.6504 0008783 267.7687  92.2465 14.96881145653248
0 ORBCOMM FM 2
1 23546U 95017B   26078.85929090  .00005711  00000-0  50408-3 0  9991
2 23546  69.9607 122.3029 0008777 267.3433  92.6720 14.96887126653322
0 ORBCOMM FM 2
1 23546U 95017B   26078.85929091  .00005711  00000-0  50408-3 0  9992
2 23546  69.9607 122.3030 0008777 267.3433  92.6720 14.96887126653324
0 ORBCOMM FM 2
1 23546U 95017B   26079.19341223  .00004859  00000-0  43015-3 0  9993
2 23546  69.9607 121.4608 0008780 267.0073  93.0080 14.96888142653374
0 ORBCOMM FM 2
1 23546U 95017B   26079.19341223  .00004859  00000-0  43015-3 0  9993
2 23546  69.9607 121.4608 0008780 267.0073  93.0080 14.96888142653374
0 ORBCOMM FM 2
1 23546U 95017B   26079.52753242  .00006712  00000-0  59084-3 0  9991
2 23546  69.9606 120.6185 0008759 266.6628  93.3528 14.96895489653429
0 ORBCOMM FM 2
1 23546U 95017B   26079.52753242  .00006712  00000-0  59084-3 0  9991
2 23546  69.9606 120.6185 0008759 266.6628  93.3528 14.96895489653429
0 ORBCOMM FM 2
1 23546U 95017B   26080.19576888  .00007465  00000-0  65600-3 0  9992
2 23546  69.9605 118.9341 0008767 265.9792  94.0364 14.96905314653521
0 ORBCOMM FM 2
1 23546U 95017B   26080.52988514  .00009736  00000-0  85263-3 0  9992
2 23546  69.9605 118.0918 0008756 265.6351  94.3807 14.96913791653576
0 ORBCOMM FM 2
1 23546U 95017B   26080.79717697  .00010666  00000-0  93301-3 0  9999
2 23546  69.9605 117.4180 0008755 265.4806  94.5352 14.96919078653618
0 ORBCOMM FM 2
1 23546U 95017B   26081.26493474  .00009742  00000-0  85283-3 0  9999
2 23546  69.9605 116.2390 0008734 264.9824  95.0337 14.96927798653683
0 ORBCOMM FM 2
1 23546U 95017B   26081.79951095  .00009402  00000-0  82311-3 0  9997
2 23546  69.9606 114.8915 0008724 264.4737  95.5426 14.96939614653761
0 ORBCOMM FM 2
1 23546U 95017B   26082.20044032  .00010201  00000-0  89210-3 0  9992
2 23546  69.9608 113.8808 0008713 264.2680  95.7485 14.96949830653821
0 ORBCOMM FM 2
1 23546U 95017B   26082.53454628  .00008230  00000-0  72137-3 0  9993
2 23546  69.9608 113.0386 0008703 263.9974  96.0192 14.96955466653871
0 ORBCOMM FM 2
1 23546U 95017B   26082.80182998  .00007851  00000-0  68849-3 0  9994
2 23546  69.9610 112.3649 0008708 263.5910  96.4257 14.96960383653914
0 ORBCOMM FM 2
1 23546U 95017B   26083.20275356  .00007686  00000-0  67406-3 0  9994
2 23546  69.9610 111.3543 0008715 263.0705  96.9462 14.96968829653973
0 ORBCOMM FM 2
1 23546U 95017B   26083.47003502  .00007709  00000-0  67595-3 0  9990
2 23546  69.9610 110.6805 0008689 262.6624  97.3547 14.96974121654018
0 ORBCOMM FM 2
1 23546U 95017B   26083.80413565  .00008128  00000-0  71207-3 0  9992
2 23546  69.9610 109.8381 0008709 262.4654  97.5515 14.96980077654060
0 ORBCOMM FM 2
1 23546U 95017B   26084.40551375  .00007949  00000-0  69645-3 0  9994
2 23546  69.9612 108.3224 0008731 262.0377  97.9791 14.96990147654154
0 ORBCOMM FM 2
1 23546U 95017B   26084.80642997  .00008908  00000-0  77918-3 0  9997
2 23546  69.9612 107.3118 0008733 261.6624  98.3544 14.96998778654213
0 ORBCOMM FM 2
1 23546U 95017B   26084.80642997  .00008908  00000-0  77918-3 0  9997
2 23546  69.9612 107.3118 0008733 261.6624  98.3544 14.96998778654213
0 ORBCOMM FM 2
1 23546U 95017B   26085.27416344  .00008478  00000-0  74189-3 0  9993
2 23546  69.9613 106.1327 0008730 261.2160  98.8010 14.97006084654282
0 ORBCOMM FM 2
1 23546U 95017B   26085.40780108  .00008535  00000-0  74675-3 0  9994
2 23546  69.9614 105.7956 0008701 261.0178  98.9995 14.97008558654305
0 ORBCOMM FM 2
1 23546U 95017B   26085.40780108  .00008535  00000-0  74675-3 0  9994
2 23546  69.9614 105.7956 0008701 261.0178  98.9995 14.97008558654305
0 ORBCOMM FM 2
1 23546U 95017B   26086.20962177  .00008679  00000-0  75889-3 0  9998
2 23546  69.9613 103.7743 0008680 260.1258  99.8920 14.97023815654425
0 ORBCOMM FM 2
1 23546U 95017B   26086.27643988  .00008688  00000-0  75971-3 0  9993
2 23546  69.9613 103.6059 0008677 260.0483  99.9696 14.97024910654438
0 ORBCOMM FM 2
1 23546U 95017B   26086.47689368  .00008788  00000-0  76827-3 0  9999
2 23546  69.9612 103.1005 0008668 259.7687 100.2494 14.97028863654460
0 ORBCOMM FM 2
1 23546U 95017B   26086.74416471  .00008712  00000-0  76158-3 0  9996
2 23546  69.9612 102.4267 0008656 259.5200 100.4983 14.97033677654507
0 ORBCOMM FM 2
1 23546U 95017B   26086.74416471  .00008712  00000-0  76158-3 0  9996
2 23546  69.9612 102.4267 0008656 259.5200 100.4983 14.97033677654507
0 ORBCOMM FM 2
1 23546U 95017B   26087.14506924  .00009419  00000-0  82245-3 0  9993
2 23546  69.9611 101.4158 0008655 259.4172 100.6011 14.97042507654562
0 ORBCOMM FM 2
1 23546U 95017B   26087.27870335  .00010286  00000-0  89718-3 0  9993
2 23546  69.9610 101.0790 0008656 259.1627 100.8557 14.97046465654588
0 ORBCOMM FM 2
1 23546U 95017B   26087.41233750  .00010291  00000-0  89754-3 0  9999
2 23546  69.9610 100.7420 0008647 259.0386 100.9800 14.97049129654600
0 ORBCOMM FM 2
1 23546U 95017B   26087.41233751  .00010291  00000-0  89754-3 0  9990
2 23546  69.9610 100.7420 0008647 259.0386 100.9800 14.97049129654600
0 ORBCOMM FM 2
1 23546U 95017B   26087.74642126  .00010718  00000-0  93422-3 0  9997
2 23546  69.9609  99.8997 0008644 258.4462 101.5726 14.97056975654656
0 ORBCOMM FM 2
1 23546U 95017B   26087.74642126  .00010718  00000-0  93422-3 0  9997
2 23546  69.9609  99.8997 0008644 258.4462 101.5726 14.97056975654656
0 ORBCOMM FM 2
1 23546U 95017B   26088.21413564  .00013516  00000-0  11751-2 0  9995
2 23546  69.9608  98.7203 0008610 257.9119 102.1075 14.97070984654727
0 ORBCOMM FM 2
1 23546U 95017B   26089.08273572  .00014836  00000-0  12881-2 0  9995
2 23546  69.9606  96.5301 0008637 256.7900 103.2294 14.97097289654850
0 ORBCOMM FM 2
1 23546U 95017B   26089.28318010  .00013841  00000-0  12022-2 0  9996
2 23546  69.9606  96.0247 0008642 256.5276 103.4920 14.97101592654888
0 ORBCOMM FM 2
1 23546U 95017B   26089.34999464  .00013940  00000-0  12107-2 0  9995
2 23546  69.9606  95.8562 0008641 256.4665 103.5531 14.97103734654895
0 ORBCOMM FM 2
1 23546U 95017B   26089.41680883  .00014678  00000-0  12741-2 0  9998
2 23546  69.9606  95.6877 0008636 256.4410 103.5787 14.97107111654902
0 ORBCOMM FM 2
1 23546U 95017B   26089.75088026  .00014019  00000-0  12171-2 0  9992
2 23546  69.9604  94.8451 0008646 256.0387 103.9810 14.97114946654959
0 ORBCOMM FM 8
1 25112U 97084A   26060.82328212  .00002285  00000-0  66229-3 0  9996
2 25112  45.0118 210.0594 0006558 128.2568 231.8875 14.46943176478670
0 ORBCOMM FM 8
1 25112U 97084A   26060.82328213  .00002285  00000-0  66229-3 0  9997
2 25112  45.0118 210.0594 0006558 128.2568 231.8875 14.46943176478670
0 ORBCOMM FM 8
1 25112U 97084A   26061.09945689  .00002121  00000-0  61760-3 0  9993
2 25112  45.0118 208.7310 0006572 129.8327 230.3104 14.46943833478710
0 ORBCOMM FM 8
1 25112U 97084A   26061.44467475  .00002350  00000-0  67980-3 0  9998
2 25112  45.0117 207.0705 0006585 131.8720 228.2694 14.46946035478765
0 ORBCOMM FM 8
1 25112U 97084A   26061.58276189  .00002252  00000-0  65327-3 0  9997
2 25112  45.0118 206.4064 0006594 132.6724 227.4684 14.46946317478785
0 ORBCOMM FM 8
1 25112U 97084A   26061.78989231  .00002288  00000-0  66307-3 0  9996
2 25112  45.0118 205.4103 0006607 133.7908 226.3491 14.46947370478817
0 ORBCOMM FM 8
1 25112U 97084A   26061.78989232  .00002288  00000-0  66307-3 0  9997
2 25112  45.0118 205.4103 0006607 133.7908 226.3491 14.46947370478817
0 ORBCOMM FM 8
1 25112U 97084A   26062.41128278  .00002405  00000-0  69488-3 0  9997
2 25112  45.0119 202.4216 0006633 137.3356 222.8012 14.46950523478900
0 ORBCOMM FM 8
1 25112U 97084A   26062.54936916  .00002488  00000-0  71753-3 0  9996
2 25112  45.0120 201.7576 0006632 138.3361 221.7997 14.46951505478922
0 ORBCOMM FM 8
1 25112U 97084A   26062.68745568  .00002524  00000-0  72718-3 0  9995
2 25112  45.0121 201.0935 0006647 138.9508 221.1845 14.46952276478944
0 ORBCOMM FM 8
1 25112U 97084A   26062.68745569  .00002524  00000-0  72718-3 0  9996
2 25112  45.0121 201.0935 0006647 138.9508 221.1845 14.46952276478944
0 ORBCOMM FM 8
1 25112U 97084A   26063.37788656  .00002889  00000-0  82656-3 0  9993
2 25112  45.0122 197.7729 0006677 142.9013 217.2302 14.46957031479046
0 ORBCOMM FM 8
1 25112U 97084A   26063.37788656  .00002889  00000-0  82656-3 0  9993
2 25112  45.0122 197.7729 0006677 142.9013 217.2302 14.46957031479046
0 ORBCOMM FM 8
1 25112U 97084A   26063.72310189  .00002617  00000-0  75245-3 0  9999
2 25112  45.0121 196.1127 0006704 144.8196 215.3100 14.46957787479092
0 ORBCOMM FM 8
1 25112U 97084A   26063.72310190  .00002617  00000-0  75245-3 0  9991
2 25112  45.0121 196.1127 0006704 144.8196 215.3100 14.46957787479092
0 ORBCOMM FM 8
1 25112U 97084A   26064.55161600  .00002608  00000-0  74999-3 0  9998
2 25112  45.0124 192.1279 0006778 149.8503 210.2740 14.46962026479217
0 ORBCOMM FM 8
1 25112U 97084A   26064.68970139  .00002665  00000-0  76546-3 0  9990
2 25112  45.0123 191.4637 0006792 150.4479 209.6758 14.46962961479233
0 ORBCOMM FM 8
1 25112U 97084A   26064.68970139  .00002665  00000-0  76546-3 0  9990
2 25112  45.0123 191.4637 0006792 150.4479 209.6758 14.46962961479233
0 ORBCOMM FM 8
1 25112U 97084A   26065.31108500  .00002539  00000-0  73106-3 0  9995
2 25112  45.0125 188.4751 0006858 153.9430 206.1769 14.46965781479323
0 ORBCOMM FM 8
1 25112U 97084A   26065.51821227  .00002636  00000-0  75756-3 0  9996
2 25112  45.0125 187.4789 0006874 155.3336 204.7846 14.46967295479357
0 ORBCOMM FM 8
1 25112U 97084A   26066.00150931  .00002196  00000-0  63752-3 0  9992
2 25112  45.0126 185.1547 0006909 157.9476 202.1674 14.46968519479426
0 ORBCOMM FM 8
1 25112U 97084A   26066.27767843  .00002724  00000-0  78122-3 0  9991
2 25112  45.0125 183.8264 0006933 159.5387 200.5744 14.46971580479468
0 ORBCOMM FM 8
1 25112U 97084A   26066.48480528  .00002721  00000-0  78040-3 0  9992
2 25112  45.0126 182.8303 0006957 160.6466 199.4651 14.46972669479494
0 ORBCOMM FM 8
1 25112U 97084A   26066.55384769  .00002614  00000-0  75138-3 0  9996
2 25112  45.0126 182.4983 0006955 161.0905 199.0207 14.46972595479508
0 ORBCOMM FM 8
1 25112U 97084A   26066.62288992  .00002619  00000-0  75268-3 0  9994
2 25112  45.0126 182.1663 0006959 161.4619 198.6488 14.46972964479517
0 ORBCOMM FM 8
1 25112U 97084A   26066.62288993  .00002619  00000-0  75268-3 0  9995
2 25112  45.0126 182.1663 0006959 161.4619 198.6488 14.46972964479517
0 ORBCOMM FM 8
1 25112U 97084A   26067.31331064  .00002771  00000-0  79412-3 0  9994
2 25112  45.0125 178.8457 0007009 165.2936 194.8121 14.46977264479611
0 ORBCOMM FM 8
1 25112U 97084A   26067.52043673  .00002617  00000-0  75205-3 0  9998
2 25112  45.0125 177.8496 0007033 166.3156 193.7888 14.46977867479646
0 ORBCOMM FM 8
1 25112U 97084A   26067.65852062  .00002617  00000-0  75218-3 0  9996
2 25112  45.0123 177.1855 0007013 167.0310 193.0724 14.46978624479660
0 ORBCOMM FM 8
1 25112U 97084A   26068.27989737  .00002240  00000-0  64943-3 0  9990
2 25112  45.0123 174.1969 0007057 170.4863 189.6123 14.46980728479754
0 ORBCOMM FM 8
1 25112U 97084A   26068.27989738  .00002240  00000-0  64943-3 0  9991
2 25112  45.0123 174.1969 0007057 170.4863 189.6123 14.46980728479754
0 ORBCOMM FM 8
1 25112U 97084A   26068.76318984  .00002096  00000-0  61027-3 0  9993
2 25112  45.0122 171.8725 0007110 173.2665 186.8283 14.46982599479820
0 ORBCOMM FM 8
1 25112U 97084A   26068.76318984  .00002096  00000-0  61027-3 0  9993
2 25112  45.0122 171.8725 0007110 173.2665 186.8283 14.46982599479820
0 ORBCOMM FM 8
1 25112U 97084A   26068.97031485  .00002074  00000-0  60429-3 0  9995
2 25112  45.0122 170.8764 0007102 174.3142 185.7791 14.46983625479851
0 ORBCOMM FM 8
1 25112U 97084A   26069.31552297  .00002032  00000-0  59276-3 0  9995
2 25112  45.0121 169.2159 0007135 175.6858 184.4056 14.46985204479905
0 ORBCOMM FM 8
1 25112U 97084A   26069.31552298  .00002032  00000-0  59276-3 0  9996
2 25112  45.0121 169.2159 0007135 175.6858 184.4056 14.46985204479905
0 ORBCOMM FM 8
1 25112U 97084A   26069.72977235  .00001877  00000-0  55062-3 0  9998
2 25112  45.0121 167.2237 0007163 177.8995 182.1888 14.46986629479963
0 ORBCOMM FM 8
1 25112U 97084A   26069.72977236  .00001877  00000-0  55062-3 0  9999
2 25112  45.0121 167.2237 0007163 177.8995 182.1888 14.46986629479963
0 ORBCOMM FM 8
1 25112U 97084A   26070.28210385  .00001791  00000-0  52727-3 0  9997
2 25112  45.0121 164.5671 0007211 180.8146 179.2695 14.46988875480040
0 ORBCOMM FM 8
1 25112U 97084A   26070.55826935  .00001805  00000-0  53083-3 0  9993
2 25112  45.0121 163.2391 0007196 182.3329 177.7490 14.46990141480086
0 ORBCOMM FM 8
1 25112U 97084A   26070.69635206  .00001759  00000-0  51841-3 0  9995
2 25112  45.0121 162.5752 0007190 183.1339 176.9469 14.46990594480105
0 ORBCOMM FM 8
1 25112U 97084A   26070.69635207  .00001759  00000-0  51841-3 0  9996
2 25112  45.0121 162.5752 0007190 183.1339 176.9469 14.46990594480105
0 ORBCOMM FM 8
1 25112U 97084A   26071.24868244  .00001777  00000-0  52329-3 0  9999
2 25112  45.0121 159.9186 0007227 186.1049 173.9716 14.46992778480184
0 ORBCOMM FM 8
1 25112U 97084A   26071.66292972  .00001760  00000-0  51869-3 0  9994
2 25112  45.0121 157.9264 0007261 188.2235 171.8499 14.46994323480247
0 ORBCOMM FM 8
1 25112U 97084A   26071.66292972  .00001760  00000-0  51869-3 0  9994
2 25112  45.0121 157.9264 0007261 188.2235 171.8499 14.46994323480247
0 ORBCOMM FM 8
1 25112U 97084A   26072.56046341  .00001768  00000-0  52082-3 0  9997
2 25112  45.0122 153.6095 0007330 192.8662 167.2004 14.46997950480379
0 ORBCOMM FM 8
1 25112U 97084A   26072.90566819  .00001616  00000-0  47933-3 0  9993
2 25112  45.0123 151.9493 0007351 194.6985 165.3654 14.46998837480425
0 ORBCOMM FM 8
1 25112U 97084A   26073.66511767  .00001760  00000-0  51849-3 0  9990
2 25112  45.0123 148.2967 0007412 198.4930 161.5653 14.47002107480536
0 ORBCOMM FM 8
1 25112U 97084A   26074.49360662  .00001428  00000-0  42812-3 0  9999
2 25112  45.0124 144.3118 0007486 202.6659 157.3863 14.47004003480655
0 ORBCOMM FM 8
1 25112U 97084A   26074.90785098  .00001295  00000-0  39204-3 0  9992
2 25112  45.0129 142.3192 0007482 204.4588 155.5910 14.47004127480714
0 ORBCOMM FM 8
1 25112U 97084A   26075.18401340  .00001418  00000-0  42552-3 0  9995
2 25112  45.0129 140.9909 0007501 205.8111 154.2368 14.47005740480752
0 ORBCOMM FM 8
1 25112U 97084A   26075.87441920  .00001265  00000-0  38371-3 0  9993
2 25112  45.0129 137.6702 0007535 209.1872 150.8560 14.47007226480852
0 ORBCOMM FM 8
1 25112U 97084A   26075.87441920  .00001265  00000-0  38371-3 0  9993
2 25112  45.0129 137.6702 0007535 209.1871 150.8560 14.47007226480851
0 ORBCOMM FM 8
1 25112U 97084A   26076.49578392  .00001254  00000-0  38076-3 0  9996
2 25112  45.0128 134.6815 0007578 212.2218 147.8171 14.47009009480944
0 ORBCOMM FM 8
1 25112U 97084A   26076.84098601  .00001206  00000-0  36789-3 0  9991
2 25112  45.0129 133.0212 0007600 213.9519 146.0848 14.47009843480990
0 ORBCOMM FM 8
1 25112U 97084A   26076.84098601  .00001206  00000-0  36789-3 0  9991
2 25112  45.0129 133.0212 0007600 213.9519 146.0848 14.47009843480990
0 ORBCOMM FM 8
1 25112U 97084A   26077.46234948  .00001244  00000-0  37817-3 0  9991
2 25112  45.0128 130.0325 0007641 216.9542 143.0784 14.47011830481081
0 ORBCOMM FM 8
1 25112U 97084A   26077.46234948  .00001244  00000-0  37817-3 0  9991
2 25112  45.0128 130.0325 0007641 216.9542 143.0784 14.47011830481081
0 ORBCOMM FM 8
1 25112U 97084A   26078.56699431  .00001109  00000-0  34133-3 0  9993
2 25112  45.0129 124.7193 0007710 222.2932 137.7326 14.47014108481246
0 ORBCOMM FM 8
1 25112U 97084A   26078.56699431  .00001109  00000-0  34133-3 0  9993
2 25112  45.0129 124.7193 0007710 222.2932 137.7326 14.47014108481246
0 ORBCOMM FM 8
1 25112U 97084A   26079.18835666  .00001102  00000-0  33951-3 0  9994
2 25112  45.0129 121.7305 0007751 225.2804 134.7418 14.47015500481330
0 ORBCOMM FM 8
1 25112U 97084A   26079.53355700  .00001209  00000-0  36866-3 0  9995
2 25112  45.0129 120.0702 0007763 226.9252 133.0951 14.47017072481386
0 ORBCOMM FM 8
1 25112U 97084A   26079.53355701  .00001209  00000-0  36866-3 0  9996
2 25112  45.0129 120.0702 0007763 226.9252 133.0951 14.47017072481386
0 ORBCOMM FM 8
1 25112U 97084A   26080.50011727  .00001313  00000-0  39676-3 0  9990
2 25112  45.0129 115.4212 0007816 231.4784 128.5367 14.47020241481528
0 ORBCOMM FM 8
1 25112U 97084A   26080.77627674  .00001346  00000-0  40572-3 0  9996
2 25112  45.0129 114.0929 0007826 232.8264 127.1874 14.47021270481562
0 ORBCOMM FM 8
1 25112U 97084A   26081.81187460  .00001347  00000-0  40600-3 0  9999
2 25112  45.0129 109.1117 0007871 237.8105 122.1984 14.47024131481718
0 ORBCOMM FM 8
1 25112U 97084A   26082.43323201  .00001415  00000-0  42452-3 0  9996
2 25112  45.0129 106.1229 0007891 240.7703 119.2360 14.47026357481805
0 ORBCOMM FM 8
1 25112U 97084A   26082.43323202  .00001415  00000-0  42452-3 0  9997
2 25112  45.0129 106.1229 0007891 240.7703 119.2360 14.47026357481805
0 ORBCOMM FM 8
1 25112U 97084A   26083.46882625  .00001358  00000-0  40891-3 0  9991
2 25112  45.0129 101.1416 0007924 245.6357 114.3668 14.47029198481953
0 ORBCOMM FM 8
1 25112U 97084A   26083.74498405  .00001307  00000-0  39514-3 0  9995
2 25112  45.0130  99.8132 0007936 246.9868 113.0148 14.47029886481994
0 ORBCOMM FM 8
1 25112U 97084A   26084.09018151  .00001334  00000-0  40247-3 0  9995
2 25112  45.0130  98.1527 0007948 248.5926 111.4078 14.47031060482048
0 ORBCOMM FM 8
1 25112U 97084A   26084.71153570  .00001355  00000-0  40812-3 0  9990
2 25112  45.0128  95.1640 0007955 251.4717 108.5271 14.47033300482138
0 ORBCOMM FM 8
1 25112U 97084A   26084.71153570  .00001355  00000-0  40812-3 0  9990
2 25112  45.0128  95.1640 0007955 251.4717 108.5271 14.47033300482138
0 ORBCOMM FM 8
1 25112U 97084A   26085.33288970  .00001368  00000-0  41173-3 0  9997
2 25112  45.0129  92.1751 0007965 254.2878 105.7096 14.47035287482229
0 ORBCOMM FM 8
1 25112U 97084A   26085.33288971  .00001368  00000-0  41173-3 0  9998
2 25112  45.0129  92.1751 0007965 254.2878 105.7096 14.47035287482229
0 ORBCOMM FM 8
1 25112U 97084A   26086.16136005  .00001374  00000-0  41332-3 0  9994
2 25112  45.0130  88.1900 0007977 258.1166 101.8792 14.47038040482341
0 ORBCOMM FM 8
1 25112U 97084A   26086.16136005  .00001374  00000-0  41332-3 0  9994
2 25112  45.0130  88.1900 0007977 258.1166 101.8792 14.47038040482341
0 ORBCOMM FM 8
1 25112U 97084A   26086.43751662  .00001360  00000-0  40934-3 0  9998
2 25112  45.0132  86.8618 0007975 259.4334 100.5620 14.47038843482384
0 ORBCOMM FM 8
1 25112U 97084A   26086.71367285  .00001300  00000-0  39299-3 0  9999
2 25112  45.0133  85.5334 0007984 260.6848  99.3101 14.47039448482426
0 ORBCOMM FM 8
1 25112U 97084A   26086.71367285  .00001300  00000-0  39299-3 0  9999
2 25112  45.0133  85.5334 0007984 260.6848  99.3101 14.47039448482426
0 ORBCOMM FM 8
1 25112U 97084A   26086.98982896  .00001395  00000-0  41898-3 0  9991
2 25112  45.0133  84.2050 0007987 261.9717  98.0229 14.47040821482467
0 ORBCOMM FM 8
1 25112U 97084A   26087.26598487  .00001509  00000-0  44993-3 0  9998
2 25112  45.0133  82.8766 0007982 263.2153  96.7791 14.47042327482506
0 ORBCOMM FM 8
1 25112U 97084A   26087.26598487  .00001509  00000-0  44993-3 0  9998
2 25112  45.0133  82.8766 0007982 263.2153  96.7791 14.47042327482506
0 ORBCOMM FM 8
1 25112U 97084A   26087.68021850  .00001465  00000-0  43787-3 0  9990
2 25112  45.0135  80.8841 0007995 265.0377  94.9562 14.47043409482566
0 ORBCOMM FM 8
1 25112U 97084A   26087.95637394  .00001556  00000-0  46261-3 0  9997
2 25112  45.0136  79.5556 0007999 266.2851  93.7087 14.47044783482609
0 ORBCOMM FM 8
1 25112U 97084A   26087.95637394  .00001556  00000-0  46261-3 0  9997
2 25112  45.0136  79.5556 0007999 266.2851  93.7087 14.47044783482609
0 ORBCOMM FM 8
1 25112U 97084A   26088.99195526  .00001787  00000-0  52524-3 0  9993
2 25112  45.0138  74.5744 0007993 271.0494  88.9442 14.47049487482759
0 ORBCOMM FM 8
1 25112U 97084A   26088.99195526  .00001787  00000-0  52524-3 0  9993
2 25112  45.0138  74.5744 0007993 271.0494  88.9442 14.47049487482759
0 ORBCOMM FM 8
1 25112U 97084A   26089.95849541  .00001855  00000-0  54389-3 0  9990
2 25112  45.0140  69.9252 0007980 275.4284  84.5658 14.47053268482893
0 ORBCOMM FM 10
1 25113U 97084B   26060.43240898  .00001866  00000-0  55139-3 0  9999
2 25113  45.0140 214.8195 0004392  93.3457 266.7897 14.46666759653752
0 ORBCOMM FM 10
1 25113U 97084B   26060.77769319  .00001871  00000-0  55277-3 0  9999
2 25113  45.0140 213.1598 0004388  95.4732 264.6620 14.46668174653805
0 ORBCOMM FM 10
1 25113U 97084B   26060.84674978  .00001865  00000-0  55118-3 0  9990
2 25113  45.0139 212.8277 0004395  96.0063 264.1290 14.46668483653817
0 ORBCOMM FM 10
1 25113U 97084B   26061.12297679  .00001894  00000-0  55891-3 0  9991
2 25113  45.0139 211.4999 0004386  97.6369 262.4981 14.46669771653852
0 ORBCOMM FM 10
1 25113U 97084B   26061.39920358  .00002092  00000-0  61331-3 0  9994
2 25113  45.0139 210.1719 0004383  99.3174 260.8174 14.46671951653891
0 ORBCOMM FM 10
1 25113U 97084B   26061.60637354  .00002076  00000-0  60872-3 0  9990
2 25113  45.0140 209.1761 0004368 100.7183 259.4160 14.46672731653928
0 ORBCOMM FM 10
1 25113U 97084B   26061.74448667  .00002108  00000-0  61757-3 0  9991
2 25113  45.0139 208.5122 0004365 101.5667 258.5675 14.46673505653946
0 ORBCOMM FM 10
1 25113U 97084B   26061.74448667  .00002108  00000-0  61757-3 0  9991
2 25113  45.0139 208.5122 0004365 101.5667 258.5675 14.46673505653946
0 ORBCOMM FM 10
1 25113U 97084B   26062.43505176  .00002409  00000-0  69986-3 0  9993
2 25113  45.0132 205.1923 0004317 106.5917 253.5409 14.46677202654041
0 ORBCOMM FM 10
1 25113U 97084B   26062.43505176  .00002409  00000-0  69986-3 0  9993
2 25113  45.0132 205.1923 0004317 106.5917 253.5409 14.46677202654041
0 ORBCOMM FM 10
1 25113U 97084B   26062.71127703  .00002575  00000-0  74532-3 0  9997
2 25113  45.0134 203.8645 0004338 108.1336 251.9988 14.46679198654089
0 ORBCOMM FM 10
1 25113U 97084B   26062.71127703  .00002575  00000-0  74532-3 0  9997
2 25113  45.0134 203.8645 0004338 108.1336 251.9988 14.46679198654089
0 ORBCOMM FM 10
1 25113U 97084B   26063.40183878  .00002967  00000-0  85278-3 0  9993
2 25113  45.0134 200.5447 0004337 112.5074 247.6237 14.46684173654189
0 ORBCOMM FM 10
1 25113U 97084B   26063.40183880  .00002967  00000-0  85278-3 0  9996
2 25113  45.0134 200.5447 0004337 112.5074 247.6237 14.46684174654180
0 ORBCOMM FM 10
1 25113U 97084B   26064.09239920  .00002508  00000-0  72698-3 0  9992
2 25113  45.0135 197.2252 0004347 116.7609 243.3688 14.46686488654282
0 ORBCOMM FM 10
1 25113U 97084B   26064.09239921  .00002508  00000-0  72698-3 0  9993
2 25113  45.0135 197.2252 0004347 116.7609 243.3688 14.46686488654282
0 ORBCOMM FM 10
1 25113U 97084B   26064.57579045  .00002808  00000-0  80891-3 0  9997
2 25113  45.0136 194.9014 0004358 119.7274 240.4012 14.46689941654350
0 ORBCOMM FM 10
1 25113U 97084B   26064.64484622  .00002842  00000-0  81846-3 0  9990
2 25113  45.0135 194.5693 0004370 120.0751 240.0535 14.46690442654362
0 ORBCOMM FM 10
1 25113U 97084B   26064.64484622  .00002842  00000-0  81846-3 0  9990
2 25113  45.0135 194.5693 0004370 120.0751 240.0535 14.46690442654362
0 ORBCOMM FM 10
1 25113U 97084B   26065.54256975  .00002759  00000-0  79551-3 0  9995
2 25113  45.0136 190.2538 0004386 125.7133 234.4128 14.46695221654496
0 ORBCOMM FM 10
1 25113U 97084B   26066.02595824  .00002283  00000-0  66512-3 0  9993
2 25113  45.0138 187.9303 0004403 128.5148 231.6099 14.46696457654564
0 ORBCOMM FM 10
1 25113U 97084B   26066.30217965  .00002815  00000-0  81073-3 0  9991
2 25113  45.0138 186.6025 0004413 130.0980 230.0259 14.46699586654606
0 ORBCOMM FM 10
1 25113U 97084B   26066.37123514  .00002774  00000-0  79944-3 0  9992
2 25113  45.0138 186.2706 0004418 130.2957 229.8281 14.46699796654614
0 ORBCOMM FM 10
1 25113U 97084B   26066.50934619  .00002584  00000-0  74752-3 0  9994
2 25113  45.0139 185.6067 0004443 131.1274 228.9962 14.46699761654638
0 ORBCOMM FM 10
1 25113U 97084B   26066.50934619  .00002584  00000-0  74752-3 0  9994
2 25113  45.0139 185.6067 0004443 131.1274 228.9962 14.46699761654638
0 ORBCOMM FM 10
1 25113U 97084B   26067.47611958  .00002299  00000-0  66945-3 0  9997
2 25113  45.0138 180.9592 0004471 137.1215 222.9986 14.46703498654778
0 ORBCOMM FM 10
1 25113U 97084B   26067.61422984  .00002340  00000-0  68080-3 0  9991
2 25113  45.0138 180.2954 0004491 137.6377 222.4823 14.46704287654793
0 ORBCOMM FM 10
1 25113U 97084B   26068.30478030  .00001882  00000-0  55528-3 0  9994
2 25113  45.0139 176.9758 0004512 142.3068 217.8100 14.46705952654899
0 ORBCOMM FM 10
1 25113U 97084B   26068.30478030  .00001882  00000-0  55528-3 0  9994
2 25113  45.0139 176.9758 0004512 142.3068 217.8100 14.46705952654899
0 ORBCOMM FM 10
1 25113U 97084B   26069.27154836  .00001922  00000-0  56624-3 0  9999
2 25113  45.0136 172.3283 0004531 147.9348 212.1781 14.46710455655036
0 ORBCOMM FM 10
1 25113U 97084B   26069.47871287  .00001776  00000-0  52624-3 0  9990
2 25113  45.0136 171.3323 0004550 149.3117 210.8002 14.46710761655065
0 ORBCOMM FM 10
1 25113U 97084B   26069.68587707  .00001676  00000-0  49871-3 0  9993
2 25113  45.0139 170.3366 0004600 150.5673 209.5438 14.46711324655098
0 ORBCOMM FM 10
1 25113U 97084B   26069.96209567  .00001605  00000-0  47946-3 0  9992
2 25113  45.0139 169.0089 0004620 152.0157 208.0944 14.46712365655138
0 ORBCOMM FM 10
1 25113U 97084B   26069.96209567  .00001605  00000-0  47946-3 0  9992
2 25113  45.0139 169.0089 0004620 152.0157 208.0944 14.46712365655138
0 ORBCOMM FM 10
1 25113U 97084B   26070.30736871  .00001599  00000-0  47784-3 0  9997
2 25113  45.0139 167.3489 0004652 154.2444 205.8640 14.46713699655185
0 ORBCOMM FM 10
1 25113U 97084B   26070.51453243  .00001584  00000-0  47366-3 0  9999
2 25113  45.0137 166.3528 0004666 155.3406 204.7670 14.46714432655212
0 ORBCOMM FM 10
1 25113U 97084B   26070.51453244  .00001584  00000-0  47366-3 0  9990
2 25113  45.0137 166.3528 0004666 155.3406 204.7670 14.46714432655212
0 ORBCOMM FM 10
1 25113U 97084B   26071.27413212  .00001592  00000-0  47585-3 0  9997
2 25113  45.0139 162.7014 0004706 159.7037 200.4002 14.46717207655324
0 ORBCOMM FM 10
1 25113U 97084B   26071.27413212  .00001592  00000-0  47585-3 0  9997
2 25113  45.0139 162.7014 0004706 159.7037 200.4002 14.46717207655324
0 ORBCOMM FM 10
1 25113U 97084B   26072.58616501  .00001547  00000-0  46333-3 0  9998
2 25113  45.0144 156.3938 0004775 166.4178 193.6803 14.46721250655517
0 ORBCOMM FM 10
1 25113U 97084B   26072.93143622  .00001404  00000-0  42423-3 0  9994
2 25113  45.0143 154.7338 0004779 168.5191 191.5771 14.46721685655562
0 ORBCOMM FM 10
1 25113U 97084B   26073.55292320  .00001464  00000-0  44069-3 0  9997
2 25113  45.0141 151.7460 0004820 171.7631 188.3301 14.46724258655657
0 ORBCOMM FM 10
1 25113U 97084B   26073.89819360  .00001386  00000-0  41928-3 0  9997
2 25113  45.0141 150.0861 0004844 173.5825 186.5090 14.46725018655701
0 ORBCOMM FM 10
1 25113U 97084B   26074.51968020  .00001127  00000-0  34832-3 0  9994
2 25113  45.0141 147.0983 0004898 176.8490 183.2393 14.46725510655791
0 ORBCOMM FM 10
1 25113U 97084B   26075.62454293  .00001095  00000-0  33975-3 0  9990
2 25113  45.0140 141.7866 0004979 182.6722 177.4104 14.46728666655952
0 ORBCOMM FM 10
1 25113U 97084B   26075.90075849  .00001044  00000-0  32568-3 0  9998
2 25113  45.0140 140.4586 0004997 184.1602 175.9209 14.46729124655994
0 ORBCOMM FM 10
1 25113U 97084B   26075.90075849  .00001044  00000-0  32568-3 0  9998
2 25113  45.0140 140.4586 0004997 184.1602 175.9209 14.46729124655994
0 ORBCOMM FM 10
1 25113U 97084B   26076.52224307  .00001042  00000-0  32515-3 0  9992
2 25113  45.0139 137.4708 0005042 187.3029 172.7750 14.46730681656081
0 ORBCOMM FM 10
1 25113U 97084B   26076.86751176  .00001005  00000-0  31489-3 0  9996
2 25113  45.0139 135.8109 0005060 189.1644 170.9116 14.46731421656136
0 ORBCOMM FM 10
1 25113U 97084B   26076.86751176  .00001005  00000-0  31489-3 0  9996
2 25113  45.0139 135.8109 0005060 189.1644 170.9116 14.46731421656136
0 ORBCOMM FM 10
1 25113U 97084B   26077.48899516  .00001052  00000-0  32788-3 0  9991
2 25113  45.0139 132.8230 0005108 192.2726 167.8002 14.46733204656227
0 ORBCOMM FM 10
1 25113U 97084B   26077.55804885  .00001049  00000-0  32712-3 0  9997
2 25113  45.0139 132.4911 0005111 192.6233 167.4491 14.46733361656233
0 ORBCOMM FM 10
1 25113U 97084B   26077.83426331  .00001015  00000-0  31760-3 0  9999
2 25113  45.0140 131.1631 0005129 194.0731 165.9979 14.46733910656276
0 ORBCOMM FM 10
1 25113U 97084B   26077.83426332  .00001015  00000-0  31760-3 0  9990
2 25113  45.0140 131.1632 0005129 194.0731 165.9979 14.46733910656277
0 ORBCOMM FM 10
1 25113U 97084B   26078.52479970  .00000950  00000-0  29984-3 0  9995
2 25113  45.0140 127.8433 0005181 197.4870 162.5804 14.46735098656377
0 ORBCOMM FM 10
1 25113U 97084B   26079.14628143  .00000997  00000-0  31265-3 0  9998
2 25113  45.0140 124.8554 0005224 200.7542 159.3099 14.46736808656460
0 ORBCOMM FM 10
1 25113U 97084B   26079.14628143  .00000997  00000-0  31265-3 0  9998
2 25113  45.0140 124.8554 0005224 200.7542 159.3099 14.46736808656460
0 ORBCOMM FM 10
1 25113U 97084B   26079.42249595  .00000973  00000-0  30616-3 0  9992
2 25113  45.0140 123.5275 0005238 202.1279 157.9347 14.46737143656502
0 ORBCOMM FM 10
1 25113U 97084B   26079.42249595  .00000973  00000-0  30616-3 0  9992
2 25113  45.0140 123.5275 0005238 202.1279 157.9347 14.46737143656502
0 ORBCOMM FM 10
1 25113U 97084B   26080.45829646  .00001121  00000-0  34677-3 0  9995
2 25113  45.0141 118.5478 0005307 207.1311 152.9264 14.46740522656655
0 ORBCOMM FM 10
1 25113U 97084B   26080.80356324  .00001093  00000-0  33886-3 0  9991
2 25113  45.0141 116.8880 0005320 209.0272 151.0284 14.46741130656709
0 ORBCOMM FM 10
1 25113U 97084B   26081.77030863  .00001137  00000-0  35107-3 0  9992
2 25113  45.0141 112.2402 0005374 213.6803 146.3708 14.46743680656844
0 ORBCOMM FM 10
1 25113U 97084B   26082.11557406  .00001230  00000-0  37642-3 0  9998
2 25113  45.0141 110.5802 0005401 215.2182 144.8314 14.46745124656894
0 ORBCOMM FM 10
1 25113U 97084B   26082.39178676  .00001178  00000-0  36220-3 0  9998
2 25113  45.0140 109.2523 0005416 216.5122 143.5361 14.46745474656933
0 ORBCOMM FM 10
1 25113U 97084B   26082.39178677  .00001178  00000-0  36220-3 0  9999
2 25113  45.0140 109.2523 0005416 216.5122 143.5361 14.46745474656933
0 ORBCOMM FM 10
1 25113U 97084B   26083.49663509  .00001097  00000-0  34009-3 0  9997
2 25113  45.0140 103.9404 0005472 221.7524 138.2911 14.46747992657095
0 ORBCOMM FM 10
1 25113U 97084B   26083.77284670  .00001094  00000-0  33908-3 0  9990
2 25113  45.0141 102.6124 0005491 222.9190 137.1234 14.46748777657137
0 ORBCOMM FM 10
1 25113U 97084B   26084.39432261  .00001152  00000-0  35507-3 0  9992
2 25113  45.0141  99.6243 0005522 225.7859 134.2540 14.46750766657221
0 ORBCOMM FM 10
1 25113U 97084B   26084.73958616  .00001162  00000-0  35787-3 0  9998
2 25113  45.0142  97.9643 0005531 227.5051 132.5334 14.46751954657278
0 ORBCOMM FM 10
1 25113U 97084B   26084.73958617  .00001162  00000-0  35787-3 0  9999
2 25113  45.0142  97.9644 0005531 227.5051 132.5334 14.46751954657279
0 ORBCOMM FM 10
1 25113U 97084B   26085.08485012  .00001177  00000-0  36198-3 0  9995
2 25113  45.0142  96.3043 0005547 229.1178 130.9194 14.46752936657323
0 ORBCOMM FM 10
1 25113U 97084B   26085.08485013  .00001177  00000-0  36198-3 0  9996
2 25113  45.0142  96.3043 0005547 229.1178 130.9194 14.46752936657323
0 ORBCOMM FM 10
1 25113U 97084B   26086.05158635  .00001333  00000-0  40457-3 0  9998
2 25113  45.0142  91.6563 0005590 233.4762 126.5575 14.46756871657464
0 ORBCOMM FM 10
1 25113U 97084B   26086.18969175  .00001291  00000-0  39313-3 0  9993
2 25113  45.0142  90.9924 0005593 234.0748 125.9585 14.46756990657489
0 ORBCOMM FM 10
1 25113U 97084B   26086.18969175  .00001291  00000-0  39313-3 0  9993
2 25113  45.0142  90.9924 0005593 234.0748 125.9585 14.46756990657489
0 ORBCOMM FM 10
1 25113U 97084B   26086.94926898  .00001337  00000-0  40546-3 0  9993
2 25113  45.0143  87.3404 0005620 237.5494 122.4814 14.46759580657597
0 ORBCOMM FM 10
1 25113U 97084B   26086.94926899  .00001337  00000-0  40546-3 0  9994
2 25113  45.0143  87.3404 0005620 237.5494 122.4814 14.46759580657597
0 ORBCOMM FM 10
1 25113U 97084B   26087.43263536  .00001480  00000-0  44473-3 0  9993
2 25113  45.0145  85.0166 0005640 239.5867 120.4428 14.46761960657669
0 ORBCOMM FM 10
1 25113U 97084B   26087.43263537  .00001480  00000-0  44473-3 0  9994
2 25113  45.0145  85.0166 0005640 239.5867 120.4428 14.46761960657669
0 ORBCOMM FM 10
1 25113U 97084B   26087.70884453  .00001459  00000-0  43883-3 0  9990
2 25113  45.0145  83.6886 0005645 240.9114 119.1173 14.46762762657706
0 ORBCOMM FM 10
1 25113U 97084B   26087.70884453  .00001459  00000-0  43883-3 0  9990
2 25113  45.0145  83.6886 0005645 240.9114 119.1173 14.46762762657706
0 ORBCOMM FM 10
1 25113U 97084B   26088.05410586  .00001531  00000-0  45850-3 0  9998
2 25113  45.0145  82.0286 0005657 242.3794 117.6484 14.46764230657751
0 ORBCOMM FM 10
1 25113U 97084B   26089.22799124  .00001843  00000-0  54373-3 0  9992
2 25113  45.0148  76.3847 0005692 247.4718 112.5532 14.46770026657921
0 ORBCOMM FM 10
1 25113U 97084B   26089.22799124  .00001843  00000-0  54373-3 0  9992
2 25113  45.0148  76.3847 0005692 247.4718 112.5532 14.46770026657921
0 ORBCOMM FM 10
1 25113U 97084B   26089.64230243  .00001935  00000-0  56907-3 0  9997
2 25113  45.0149  74.3929 0005689 249.3498 110.6744 14.46772195657982
0 ORBCOMM FM 11
1 25114U 97084C   26060.75875726  .00001835  00000-0  54579-3 0  9992
2 25114  45.0122 214.3628 0005221  94.4323 265.7126 14.46405376478750
0 ORBCOMM FM 11
1 25114U 97084C   26060.75875726  .00001835  00000-0  54579-3 0  9992
2 25114  45.0122 214.3628 0005221  94.4323 265.7126 14.46405376478750
0 ORBCOMM FM 11
1 25114U 97084C   26061.10410416  .00001804  00000-0  53720-3 0  9996
2 25114  45.0122 212.7033 0005213  96.5274 263.6171 14.46406514478809
0 ORBCOMM FM 11
1 25114U 97084C   26061.38038127  .00001998  00000-0  59079-3 0  9998
2 25114  45.0121 211.3757 0005207  98.1670 261.9772 14.46408620478849
0 ORBCOMM FM 11
1 25114U 97084C   26061.38038128  .00001998  00000-0  59079-3 0  9999
2 25114  45.0121 211.3757 0005207  98.1670 261.9772 14.46408620478849
0 ORBCOMM FM 11
1 25114U 97084C   26061.72572766  .00001951  00000-0  57776-3 0  9999
2 25114  45.0121 209.7163 0005209 100.2558 259.8881 14.46409663478893
0 ORBCOMM FM 11
1 25114U 97084C   26061.72572767  .00001951  00000-0  57776-3 0  9990
2 25114  45.0121 209.7163 0005209 100.2558 259.8881 14.46409663478893
0 ORBCOMM FM 11
1 25114U 97084C   26062.34735001  .00002074  00000-0  61150-3 0  9999
2 25114  45.0122 206.7292 0005206 103.8841 256.2590 14.46412757478981
0 ORBCOMM FM 11
1 25114U 97084C   26062.55455692  .00002119  00000-0  62405-3 0  9991
2 25114  45.0122 205.7335 0005205 105.1744 254.9683 14.46413924479014
0 ORBCOMM FM 11
1 25114U 97084C   26062.55455693  .00002119  00000-0  62405-3 0  9992
2 25114  45.0122 205.7335 0005205 105.1744 254.9683 14.46413924479014
0 ORBCOMM FM 11
1 25114U 97084C   26062.76176379  .00002220  00000-0  65171-3 0  9992
2 25114  45.0121 204.7379 0005217 106.3042 253.8383 14.46415345479044
0 ORBCOMM FM 11
1 25114U 97084C   26062.76176379  .00002220  00000-0  65171-3 0  9992
2 25114  45.0121 204.7379 0005217 106.3042 253.8384 14.46415345479045
0 ORBCOMM FM 11
1 25114U 97084C   26063.45245272  .00002583  00000-0  75148-3 0  9995
2 25114  45.0115 201.4184 0005216 110.8217 249.3194 14.46418760479143
0 ORBCOMM FM 11
1 25114U 97084C   26063.45245272  .00002583  00000-0  75148-3 0  9995
2 25114  45.0115 201.4184 0005216 110.8217 249.3194 14.46418760479143
0 ORBCOMM FM 11
1 25114U 97084C   26063.72872784  .00002423  00000-0  70762-3 0  9999
2 25114  45.0115 200.0909 0005224 112.4641 247.6765 14.46419533479189
0 ORBCOMM FM 11
1 25114U 97084C   26064.07407124  .00002171  00000-0  63823-3 0  9990
2 25114  45.0116 198.4314 0005218 114.5452 245.5943 14.46420443479239
0 ORBCOMM FM 11
1 25114U 97084C   26064.07407125  .00002171  00000-0  63823-3 0  9991
2 25114  45.0116 198.4314 0005218 114.5453 245.5943 14.46420443479230
0 ORBCOMM FM 11
1 25114U 97084C   26064.55755137  .00002412  00000-0  70459-3 0  9994
2 25114  45.0116 196.1081 0005205 117.7394 242.3986 14.46423388479302
0 ORBCOMM FM 11
1 25114U 97084C   26064.55755137  .00002412  00000-0  70459-3 0  9994
2 25114  45.0116 196.1082 0005205 117.7394 242.3986 14.46423388479303
0 ORBCOMM FM 11
1 25114U 97084C   26065.52450891  .00002385  00000-0  69701-3 0  9998
2 25114  45.0117 191.4615 0005214 123.8972 236.2376 14.46428027479449
0 ORBCOMM FM 11
1 25114U 97084C   26066.28425918  .00002471  00000-0  72065-3 0  9997
2 25114  45.0117 187.8107 0005221 128.4010 231.7311 14.46431921479554
0 ORBCOMM FM 11
1 25114U 97084C   26066.42239538  .00002474  00000-0  72144-3 0  9995
2 25114  45.0119 187.1470 0005223 129.1565 230.9751 14.46432647479574
0 ORBCOMM FM 11
1 25114U 97084C   26066.56053168  .00002395  00000-0  69976-3 0  9994
2 25114  45.0118 186.4833 0005231 129.9462 230.1850 14.46432991479597
0 ORBCOMM FM 11
1 25114U 97084C   26066.62959977  .00002408  00000-0  70322-3 0  9996
2 25114  45.0120 186.1515 0005238 130.2998 229.8312 14.46433347479606
0 ORBCOMM FM 11
1 25114U 97084C   26066.62959978  .00002408  00000-0  70322-3 0  9997
2 25114  45.0120 186.1515 0005238 130.2998 229.8312 14.46433347479606
0 ORBCOMM FM 11
1 25114U 97084C   26067.04400743  .00002520  00000-0  73393-3 0  9991
2 25114  45.0120 184.1603 0005264 132.7681 227.3614 14.46435839479669
0 ORBCOMM FM 11
1 25114U 97084C   26067.38934669  .00002557  00000-0  74412-3 0  9990
2 25114  45.0120 182.5008 0005287 134.8756 225.2525 14.46437741479719
0 ORBCOMM FM 11
1 25114U 97084C   26067.52748261  .00002357  00000-0  68907-3 0  9997
2 25114  45.0121 181.8372 0005296 135.7427 224.3849 14.46437675479738
0 ORBCOMM FM 11
1 25114U 97084C   26067.73468592  .00002367  00000-0  69176-3 0  9996
2 25114  45.0119 180.8414 0005313 136.8602 223.2666 14.46438754479765
0 ORBCOMM FM 11
1 25114U 97084C   26068.63256574  .00002021  00000-0  59657-3 0  9991
2 25114  45.0119 176.5268 0005360 142.0481 218.0749 14.46442017479895
0 ORBCOMM FM 11
1 25114U 97084C   26068.63256574  .00002021  00000-0  59657-3 0  9991
2 25114  45.0119 176.5268 0005360 142.0481 218.0749 14.46442017479895
0 ORBCOMM FM 11
1 25114U 97084C   26068.97790332  .00001964  00000-0  58095-3 0  9993
2 25114  45.0119 174.8672 0005371 144.1084 216.0129 14.46443536479942
0 ORBCOMM FM 11
1 25114U 97084C   26069.32324051  .00001979  00000-0  58500-3 0  9991
2 25114  45.0118 173.2077 0005400 145.9433 214.1766 14.46445266479996
0 ORBCOMM FM 11
1 25114U 97084C   26069.32324051  .00001979  00000-0  58500-3 0  9991
2 25114  45.0118 173.2077 0005400 145.9433 214.1766 14.46445266479996
0 ORBCOMM FM 11
1 25114U 97084C   26069.59951031  .00001823  00000-0  54188-3 0  9990
2 25114  45.0119 171.8803 0005412 147.6183 212.5002 14.46445943480036
0 ORBCOMM FM 11
1 25114U 97084C   26069.59951032  .00001823  00000-0  54188-3 0  9991
2 25114  45.0119 171.8803 0005412 147.6183 212.5002 14.46445943480036
0 ORBCOMM FM 11
1 25114U 97084C   26070.01391422  .00001722  00000-0  51410-3 0  9994
2 25114  45.0119 169.8889 0005434 149.9580 210.1584 14.46447542480099
0 ORBCOMM FM 11
1 25114U 97084C   26070.29018328  .00001739  00000-0  51879-3 0  9992
2 25114  45.0118 168.5612 0005448 151.5937 208.5213 14.46448747480131
0 ORBCOMM FM 11
1 25114U 97084C   26070.56645207  .00001730  00000-0  51624-3 0  9993
2 25114  45.0119 167.2339 0005449 153.3673 206.7459 14.46449911480172
0 ORBCOMM FM 11
1 25114U 97084C   26070.56645208  .00001730  00000-0  51624-3 0  9994
2 25114  45.0119 167.2339 0005449 153.3673 206.7459 14.46449911480172
0 ORBCOMM FM 11
1 25114U 97084C   26071.32619063  .00001722  00000-0  51403-3 0  9995
2 25114  45.0120 163.5831 0005495 157.7173 202.3918 14.46452853480287
0 ORBCOMM FM 11
1 25114U 97084C   26071.67152594  .00001706  00000-0  50967-3 0  9990
2 25114  45.0120 161.9237 0005515 159.5997 200.5076 14.46454070480330
0 ORBCOMM FM 11
1 25114U 97084C   26071.67152594  .00001706  00000-0  50967-3 0  9990
2 25114  45.0120 161.9237 0005515 159.5997 200.5076 14.46454070480330
0 ORBCOMM FM 11
1 25114U 97084C   26072.63846259  .00001692  00000-0  50571-3 0  9990
2 25114  45.0120 157.2771 0005583 164.9532 195.1487 14.46457738480475
0 ORBCOMM FM 11
1 25114U 97084C   26072.91472974  .00001577  00000-0  47423-3 0  9994
2 25114  45.0121 155.9496 0005598 166.4310 193.6693 14.46458484480518
0 ORBCOMM FM 11
1 25114U 97084C   26073.60539698  .00001660  00000-0  49690-3 0  9999
2 25114  45.0129 152.6307 0005639 169.4978 190.5992 14.46461122480612
0 ORBCOMM FM 11
1 25114U 97084C   26073.95073034  .00001544  00000-0  46492-3 0  9992
2 25114  45.0129 150.9712 0005661 171.3922 188.7028 14.46461754480664
0 ORBCOMM FM 11
1 25114U 97084C   26074.50326331  .00001286  00000-0  39394-3 0  9991
2 25114  45.0128 148.3159 0005699 174.4305 185.6611 14.46462260480745
0 ORBCOMM FM 11
1 25114U 97084C   26074.91766238  .00001236  00000-0  38020-3 0  9990
2 25114  45.0128 146.3245 0005722 176.6609 183.4282 14.46463458480804
0 ORBCOMM FM 11
1 25114U 97084C   26075.88459278  .00001184  00000-0  36589-3 0  9990
2 25114  45.0127 141.6779 0005790 181.7115 178.3718 14.46466252480944
0 ORBCOMM FM 11
1 25114U 97084C   26075.88459278  .00001184  00000-0  36589-3 0  9990
2 25114  45.0127 141.6779 0005790 181.7115 178.3718 14.46466252480944
0 ORBCOMM FM 11
1 25114U 97084C   26076.43712408  .00001151  00000-0  35683-3 0  9997
2 25114  45.0127 139.0225 0005831 184.5131 175.5669 14.46467580481025
0 ORBCOMM FM 11
1 25114U 97084C   26076.85152197  .00001096  00000-0  34167-3 0  9990
2 25114  45.0127 137.0311 0005857 186.8199 173.2574 14.46468468481088
0 ORBCOMM FM 11
1 25114U 97084C   26076.85152197  .00001096  00000-0  34167-3 0  9990
2 25114  45.0127 137.0311 0005857 186.8199 173.2574 14.46468468481088
0 ORBCOMM FM 11
1 25114U 97084C   26077.61125079  .00001121  00000-0  34845-3 0  9996
2 25114  45.0126 133.3800 0005913 190.6800 169.3927 14.46470628481195
0 ORBCOMM FM 11
1 25114U 97084C   26077.61125079  .00001121  00000-0  34845-3 0  9996
2 25114  45.0126 133.3800 0005913 190.6800 169.3927 14.46470628481195
0 ORBCOMM FM 11
1 25114U 97084C   26078.64724344  .00000994  00000-0  31365-3 0  9991
2 25114  45.0126 128.4013 0005988 195.9660 164.1003 14.46472509481345
0 ORBCOMM FM 11
1 25114U 97084C   26078.64724344  .00000994  00000-0  31365-3 0  9991
2 25114  45.0126 128.4013 0005988 195.9660 164.1003 14.46472509481345
0 ORBCOMM FM 11
1 25114U 97084C   26079.47603663  .00001079  00000-0  33704-3 0  9997
2 25114  45.0126 124.4184 0006041 200.1836 159.8778 14.46474794481466
0 ORBCOMM FM 11
1 25114U 97084C   26079.54510270  .00001074  00000-0  33549-3 0  9998
2 25114  45.0126 124.0865 0006043 200.5301 159.5309 14.46474914481473
0 ORBCOMM FM 11
1 25114U 97084C   26079.54510270  .00001074  00000-0  33549-3 0  9998
2 25114  45.0126 124.0865 0006043 200.5301 159.5309 14.46474914481473
0 ORBCOMM FM 11
1 25114U 97084C   26080.37389418  .00001122  00000-0  34872-3 0  9993
2 25114  45.0126 120.1034 0006100 204.6616 155.3945 14.46477113481593
0 ORBCOMM FM 11
1 25114U 97084C   26082.51493358  .00001102  00000-0  34327-3 0  9993
2 25114  45.0127 109.8141 0006217 215.1837 144.8605 14.46482175481903
0 ORBCOMM FM 11
1 25114U 97084C   26082.51493358  .00001102  00000-0  34327-3 0  9993
2 25114  45.0127 109.8141 0006217 215.1837 144.8605 14.46482175481903
0 ORBCOMM FM 11
1 25114U 97084C   26083.27465484  .00001155  00000-0  35771-3 0  9998
2 25114  45.0126 106.1629 0006271 218.6864 141.3539 14.46484530482019
0 ORBCOMM FM 11
1 25114U 97084C   26083.48185122  .00001127  00000-0  35019-3 0  9993
2 25114  45.0127 105.1672 0006275 219.7083 140.3310 14.46485022482042
0 ORBCOMM FM 11
1 25114U 97084C   26083.75811319  .00001103  00000-0  34358-3 0  9996
2 25114  45.0127 103.8395 0006294 221.0166 139.0213 14.46485655482081
0 ORBCOMM FM 11
1 25114U 97084C   26084.51783280  .00001150  00000-0  35645-3 0  9998
2 25114  45.0127 100.1882 0006329 224.5702 135.4641 14.46488023482194
0 ORBCOMM FM 11
1 25114U 97084C   26084.51783280  .00001150  00000-0  35645-3 0  9998
2 25114  45.0127 100.1882 0006329 224.5702 135.4641 14.46488023482194
0 ORBCOMM FM 11
1 25114U 97084C   26085.07035574  .00001148  00000-0  35586-3 0  9997
2 25114  45.0127  97.5327 0006358 227.1500 132.8818 14.46489490482279
0 ORBCOMM FM 11
1 25114U 97084C   26085.07035574  .00001148  00000-0  35586-3 0  9997
2 25114  45.0127  97.5327 0006358 227.1500 132.8818 14.46489490482279
0 ORBCOMM FM 11
1 25114U 97084C   26085.48474723  .00001136  00000-0  35243-3 0  9992
2 25114  45.0128  95.5412 0006374 229.0143 131.0158 14.46490677482339
0 ORBCOMM FM 11
1 25114U 97084C   26085.48474724  .00001136  00000-0  35243-3 0  9993
2 25114  45.0128  95.5412 0006374 229.0143 131.0158 14.46490677482339
0 ORBCOMM FM 11
1 25114U 97084C   26086.03726870  .00001224  00000-0  37665-3 0  9995
2 25114  45.0128  92.8857 0006402 231.6060 128.4217 14.46492785482418
0 ORBCOMM FM 11
1 25114U 97084C   26086.31352962  .00001175  00000-0  36312-3 0  9996
2 25114  45.0129  91.5580 0006411 232.8482 127.1785 14.46493233482458
0 ORBCOMM FM 11
1 25114U 97084C   26086.38259465  .00001140  00000-0  35353-3 0  9993
2 25114  45.0129  91.2262 0006413 233.1224 126.9040 14.46493289482465
0 ORBCOMM FM 11
1 25114U 97084C   26086.72792009  .00001130  00000-0  35095-3 0  9999
2 25114  45.0130  89.5665 0006437 234.6440 125.3810 14.46494254482513
0 ORBCOMM FM 11
1 25114U 97084C   26086.72792010  .00001130  00000-0  35095-3 0  9991
2 25114  45.0130  89.5665 0006437 234.6440 125.3811 14.46494255482515
0 ORBCOMM FM 11
1 25114U 97084C   26087.00418031  .00001217  00000-0  37481-3 0  9998
2 25114  45.0130  88.2387 0006448 235.9424 124.0816 14.46495485482551
0 ORBCOMM FM 11
1 25114U 97084C   26087.00418031  .00001217  00000-0  37481-3 0  9998
2 25114  45.0130  88.2387 0006448 235.9424 124.0816 14.46495485482551
0 ORBCOMM FM 11
1 25114U 97084C   26087.97108947  .00001404  00000-0  42606-3 0  9999
2 25114  45.0131  83.5918 0006478 240.3378 119.6829 14.46499343482697
0 ORBCOMM FM 11
1 25114U 97084C   26089.21425490  .00001688  00000-0  50428-3 0  9998
2 25114  45.0133  77.6172 0006504 245.9053 114.1119 14.46504823482878
0 ORBCOMM FM 11
1 25114U 97084C   26089.21425491  .00001688  00000-0  50428-3 0  9999
2 25114  45.0133  77.6172 0006504 245.9053 114.1119 14.46504824482879
0 ORBCOMM FM 11
1 25114U 97084C   26089.42144879  .00001708  00000-0  50962-3 0  9996
2 25114  45.0133  76.6216 0006504 246.8702 113.1465 14.46505616482905
0 ORBCOMM FM 11
1 25114U 97084C   26089.42144879  .00001708  00000-0  50962-3 0  9996
2 25114  45.0133  76.6216 0006504 246.8702 113.1465 14.46505616482905
0 ORBCOMM FM 11
1 25114U 97084C   26089.97396477  .00001780  00000-0  52928-3 0  9993
2 25114  45.0134  73.9661 0006518 249.3533 110.6620 14.46508036482987
0 ORBCOMM FM 12
1 25115U 97084D   26060.44109740  .00001822  00000-0  54201-3 0  9993
2 25115  45.0127 215.6101 0004264  92.8976 267.2363 14.46432312478501
0 ORBCOMM FM 12
1 25115U 97084D   26060.78643767  .00001806  00000-0  53753-3 0  9995
2 25115  45.0127 213.9507 0004272  94.9960 265.1380 14.46433602478551
0 ORBCOMM FM 12
1 25115U 97084D   26060.78643768  .00001806  00000-0  53753-3 0  9996
2 25115  45.0127 213.9507 0004272  94.9960 265.1380 14.46433602478551
0 ORBCOMM FM 12
1 25115U 97084D   26061.13177767  .00001776  00000-0  52917-3 0  9994
2 25115  45.0127 212.2911 0004259  97.3929 262.7407 14.46434783478609
0 ORBCOMM FM 12
1 25115U 97084D   26061.40804938  .00001961  00000-0  58007-3 0  9993
2 25115  45.0127 210.9634 0004259  99.0135 261.1199 14.46436853478649
0 ORBCOMM FM 12
1 25115U 97084D   26061.61525295  .00001940  00000-0  57447-3 0  9996
2 25115  45.0128 209.9678 0004257 100.2056 259.9276 14.46437613478670
0 ORBCOMM FM 12
1 25115U 97084D   26061.61525296  .00001940  00000-0  57447-3 0  9997
2 25115  45.0128 209.9679 0004257 100.2056 259.9276 14.46437613478671
0 ORBCOMM FM 12
1 25115U 97084D   26062.37499858  .00002078  00000-0  61220-3 0  9992
2 25115  45.0129 206.3170 0004253 104.8370 255.2953 14.46441404478780
0 ORBCOMM FM 12
1 25115U 97084D   26062.58220112  .00002142  00000-0  62986-3 0  9992
2 25115  45.0129 205.3213 0004242 106.2499 253.8820 14.46442748478816
0 ORBCOMM FM 12
1 25115U 97084D   26062.58220113  .00002142  00000-0  62986-3 0  9993
2 25115  45.0129 205.3213 0004242 106.2499 253.8820 14.46442748478816
0 ORBCOMM FM 12
1 25115U 97084D   26063.41101090  .00002386  00000-0  69697-3 0  9994
2 25115  45.0129 201.3384 0004249 111.3409 248.7897 14.46447808478938
0 ORBCOMM FM 12
1 25115U 97084D   26063.41101091  .00002386  00000-0  69697-3 0  9995
2 25115  45.0129 201.3384 0004249 111.3409 248.7897 14.46447808478938
0 ORBCOMM FM 12
1 25115U 97084D   26063.75634846  .00002364  00000-0  69089-3 0  9992
2 25115  45.0124 199.6787 0004242 113.9995 246.1301 14.46448364478985
0 ORBCOMM FM 12
1 25115U 97084D   26063.75634846  .00002364  00000-0  69089-3 0  9992
2 25115  45.0124 199.6787 0004242 113.9995 246.1301 14.46448364478985
0 ORBCOMM FM 12
1 25115U 97084D   26064.65422239  .00002394  00000-0  69918-3 0  9997
2 25115  45.0127 195.3643 0004234 119.7394 240.3880 14.46452816479111
0 ORBCOMM FM 12
1 25115U 97084D   26064.72328945  .00002422  00000-0  70671-3 0  9994
2 25115  45.0126 195.0323 0004264 119.9450 240.1825 14.46453302479129
0 ORBCOMM FM 12
1 25115U 97084D   26064.72328945  .00002422  00000-0  70671-3 0  9994
2 25115  45.0126 195.0323 0004264 119.9450 240.1825 14.46453302479129
0 ORBCOMM FM 12
1 25115U 97084D   26065.55209371  .00002326  00000-0  68030-3 0  9996
2 25115  45.0127 191.0496 0004284 125.0925 235.0329 14.46456994479249
0 ORBCOMM FM 12
1 25115U 97084D   26065.75929437  .00002355  00000-0  68829-3 0  9998
2 25115  45.0127 190.0538 0004307 126.0277 234.0975 14.46458133479278
0 ORBCOMM FM 12
1 25115U 97084D   26066.44996203  .00002393  00000-0  69870-3 0  9999
2 25115  45.0127 186.7348 0004316 130.6589 229.4638 14.46461619479374
0 ORBCOMM FM 12
1 25115U 97084D   26066.58809560  .00002292  00000-0  67097-3 0  9990
2 25115  45.0127 186.0711 0004321 131.5375 228.5848 14.46461857479399
0 ORBCOMM FM 12
1 25115U 97084D   26066.65716228  .00002297  00000-0  67221-3 0  9990
2 25115  45.0128 185.7393 0004325 131.9051 228.2170 14.46462198479407
0 ORBCOMM FM 12
1 25115U 97084D   26066.65716229  .00002297  00000-0  67221-3 0  9991
2 25115  45.0128 185.7393 0004325 131.9051 228.2170 14.46462198479407
0 ORBCOMM FM 12
1 25115U 97084D   26067.34782776  .00002416  00000-0  70500-3 0  9995
2 25115  45.0127 182.4203 0004347 136.1719 223.9478 14.46465947479501
0 ORBCOMM FM 12
1 25115U 97084D   26067.34782776  .00002416  00000-0  70500-3 0  9995
2 25115  45.0127 182.4203 0004347 136.1719 223.9478 14.46465947479501
0 ORBCOMM FM 12
1 25115U 97084D   26067.69316016  .00002263  00000-0  66276-3 0  9998
2 25115  45.0126 180.7609 0004370 138.1561 221.9625 14.46467060479559
0 ORBCOMM FM 12
1 25115U 97084D   26068.66008853  .00001946  00000-0  57572-3 0  9999
2 25115  45.0125 176.1143 0004416 144.1361 215.9787 14.46470650479692
0 ORBCOMM FM 12
1 25115U 97084D   26068.66008854  .00001946  00000-0  57572-3 0  9990
2 25115  45.0125 176.1143 0004416 144.1361 215.9788 14.46470650479693
0 ORBCOMM FM 12
1 25115U 97084D   26069.28168369  .00001926  00000-0  57000-3 0  9991
2 25115  45.0124 173.1272 0004457 147.6557 212.4568 14.46473578479782
0 ORBCOMM FM 12
1 25115U 97084D   26069.48888213  .00001780  00000-0  53000-3 0  9994
2 25115  45.0124 172.1314 0004460 149.2721 210.8392 14.46473916479810
0 ORBCOMM FM 12
1 25115U 97084D   26069.48888214  .00001780  00000-0  53000-3 0  9995
2 25115  45.0124 172.1314 0004460 149.2721 210.8392 14.46473916479810
0 ORBCOMM FM 12
1 25115U 97084D   26070.31767366  .00001648  00000-0  49349-3 0  9997
2 25115  45.0124 168.1485 0004497 154.2782 205.8294 14.46477129479935
0 ORBCOMM FM 12
1 25115U 97084D   26070.45580538  .00001649  00000-0  49393-3 0  9996
2 25115  45.0125 167.4847 0004511 155.1187 204.9883 14.46477718479956
0 ORBCOMM FM 12
1 25115U 97084D   26070.59393712  .00001632  00000-0  48925-3 0  9999
2 25115  45.0125 166.8210 0004523 155.8389 204.2675 14.46478221479971
0 ORBCOMM FM 12
1 25115U 97084D   26070.59393713  .00001632  00000-0  48925-3 0  9990
2 25115  45.0125 166.8210 0004523 155.8389 204.2675 14.46478221479971
0 ORBCOMM FM 12
1 25115U 97084D   26071.62992346  .00001668  00000-0  49899-3 0  9992
2 25115  45.0126 161.8421 0004643 161.8330 198.2688 14.46482240480128
0 ORBCOMM FM 12
1 25115U 97084D   26071.62992346  .00001668  00000-0  49899-3 0  9992
2 25115  45.0126 161.8421 0004643 161.8330 198.2688 14.46482240480128
0 ORBCOMM FM 12
1 25115U 97084D   26072.59684218  .00001625  00000-0  48699-3 0  9995
2 25115  45.0127 157.1957 0004704 167.2118 192.8853 14.46485417480261
0 ORBCOMM FM 12
1 25115U 97084D   26072.94216974  .00001462  00000-0  44242-3 0  9993
2 25115  45.0127 155.5362 0004701 169.1859 190.9094 14.46486121480318
0 ORBCOMM FM 12
1 25115U 97084D   26073.56375850  .00001548  00000-0  46604-3 0  9990
2 25115  45.0135 152.5492 0004734 171.9065 188.1864 14.46488415480406
0 ORBCOMM FM 12
1 25115U 97084D   26073.90908507  .00001489  00000-0  44961-3 0  9997
2 25115  45.0135 150.8899 0004732 173.4990 186.5924 14.46489418480458
0 ORBCOMM FM 12
1 25115U 97084D   26074.59973835  .00001211  00000-0  37307-3 0  9998
2 25115  45.0135 147.5709 0004782 177.1287 182.9593 14.46490142480555
0 ORBCOMM FM 12
1 25115U 97084D   26074.87599921  .00001176  00000-0  36352-3 0  9998
2 25115  45.0134 146.2432 0004796 178.6754 181.4111 14.46490863480597
0 ORBCOMM FM 12
1 25115U 97084D   26075.56665092  .00001176  00000-0  36346-3 0  9991
2 25115  45.0133 142.9241 0004848 182.2665 177.8165 14.46493000480692
0 ORBCOMM FM 12
1 25115U 97084D   26075.56665092  .00001176  00000-0  36346-3 0  9991
2 25115  45.0133 142.9241 0004848 182.2665 177.8165 14.46493000480692
0 ORBCOMM FM 12
1 25115U 97084D   26076.53356205  .00001127  00000-0  35012-3 0  9997
2 25115  45.0133 138.2772 0004914 187.3682 172.7098 14.46495529480831
0 ORBCOMM FM 12
1 25115U 97084D   26076.87888697  .00001080  00000-0  33724-3 0  9995
2 25115  45.0133 136.6176 0004937 189.1920 170.8842 14.46496277480883
0 ORBCOMM FM 12
1 25115U 97084D   26077.50047140  .00001126  00000-0  34971-3 0  9992
2 25115  45.0133 133.6304 0004978 192.4208 167.6521 14.46498188480975
0 ORBCOMM FM 12
1 25115U 97084D   26077.50047140  .00001126  00000-0  34971-3 0  9992
2 25115  45.0133 133.6304 0004978 192.4208 167.6521 14.46498188480975
0 ORBCOMM FM 12
1 25115U 97084D   26077.84579580  .00001080  00000-0  33715-3 0  9991
2 25115  45.0134 131.9709 0004997 194.2020 165.8692 14.46498874481027
0 ORBCOMM FM 12
1 25115U 97084D   26077.84579581  .00001080  00000-0  33715-3 0  9992
2 25115  45.0134 131.9709 0004997 194.2020 165.8692 14.46498874481027
0 ORBCOMM FM 12
1 25115U 97084D   26078.53644453  .00001011  00000-0  31806-3 0  9993
2 25115  45.0134 128.6517 0005048 197.6540 162.4137 14.46500126481121
0 ORBCOMM FM 12
1 25115U 97084D   26078.53644453  .00001011  00000-0  31806-3 0  9993
2 25115  45.0134 128.6517 0005048 197.6540 162.4137 14.46500126481121
0 ORBCOMM FM 12
1 25115U 97084D   26079.15802802  .00001010  00000-0  31795-3 0  9992
2 25115  45.0133 125.6644 0005092 200.8144 159.2501 14.46501437481219
0 ORBCOMM FM 12
1 25115U 97084D   26079.15802802  .00001010  00000-0  31795-3 0  9992
2 25115  45.0133 125.6644 0005092 200.8144 159.2501 14.46501437481219
0 ORBCOMM FM 12
1 25115U 97084D   26079.43428696  .00001021  00000-0  32097-3 0  9996
2 25115  45.0133 124.3368 0005107 202.1546 157.9085 14.46502154481259
0 ORBCOMM FM 12
1 25115U 97084D   26079.43428696  .00001021  00000-0  32097-3 0  9996
2 25115  45.0134 124.3368 0005107 202.1546 157.9085 14.46502154481250
0 ORBCOMM FM 12
1 25115U 97084D   26080.47025588  .00001168  00000-0  36127-3 0  9995
2 25115  45.0134 119.3581 0005165 207.3884 152.6696 14.46505624481409
0 ORBCOMM FM 12
1 25115U 97084D   26080.81557845  .00001161  00000-0  35930-3 0  9993
2 25115  45.0133 117.6985 0005196 208.9002 151.1562 14.46506481481453
0 ORBCOMM FM 12
1 25115U 97084D   26081.78248085  .00001194  00000-0  36825-3 0  9993
2 25115  45.0133 113.0516 0005243 213.6233 146.4287 14.46509087481596
0 ORBCOMM FM 12
1 25115U 97084D   26082.47312413  .00001237  00000-0  38006-3 0  9998
2 25115  45.0133 109.7324 0005283 216.8433 143.2056 14.46511165481696
0 ORBCOMM FM 12
1 25115U 97084D   26082.74938129  .00001162  00000-0  35942-3 0  9999
2 25115  45.0133 108.4047 0005299 218.2167 141.8310 14.46511510481737
0 ORBCOMM FM 12
1 25115U 97084D   26083.37095919  .00001191  00000-0  36740-3 0  9999
2 25115  45.0132 105.4173 0005327 221.1573 138.8878 14.46513376481826
0 ORBCOMM FM 12
1 25115U 97084D   26083.78534373  .00001138  00000-0  35306-3 0  9994
2 25115  45.0132 103.4257 0005354 223.0255 137.0179 14.46514394481887
0 ORBCOMM FM 12
1 25115U 97084D   26084.40692051  .00001175  00000-0  36303-3 0  9991
2 25115  45.0133 100.4384 0005377 225.9320 134.1089 14.46516335481970
0 ORBCOMM FM 12
1 25115U 97084D   26084.75224015  .00001164  00000-0  36003-3 0  9995
2 25115  45.0133  98.7787 0005397 227.5018 132.5378 14.46517422482028
0 ORBCOMM FM 12
1 25115U 97084D   26084.75224015  .00001164  00000-0  36003-3 0  9995
2 25115  45.0133  98.7787 0005397 227.5018 132.5378 14.46517422482028
0 ORBCOMM FM 12
1 25115U 97084D   26085.30475179  .00001193  00000-0  36799-3 0  9990
2 25115  45.0133  96.1232 0005426 229.9839 130.0537 14.46519144482107
0 ORBCOMM FM 12
1 25115U 97084D   26085.37381568  .00001189  00000-0  36704-3 0  9996
2 25115  45.0133  95.7913 0005426 230.2867 129.7506 14.46519335482118
0 ORBCOMM FM 12
1 25115U 97084D   26085.37381569  .00001189  00000-0  36704-3 0  9997
2 25115  45.0133  95.7913 0005426 230.2867 129.7506 14.46519335482118
0 ORBCOMM FM 12
1 25115U 97084D   26086.06445381  .00001246  00000-0  38265-3 0  9995
2 25115  45.0133  92.4719 0005456 233.4774 126.5576 14.46521764482213
0 ORBCOMM FM 12
1 25115U 97084D   26086.27164533  .00001211  00000-0  37291-3 0  9995
2 25115  45.0134  91.4762 0005462 234.4121 125.6222 14.46522142482247
0 ORBCOMM FM 12
1 25115U 97084D   26086.40977287  .00001205  00000-0  37137-3 0  9990
2 25115  45.0135  90.8124 0005466 234.9920 125.0419 14.46522521482264
0 ORBCOMM FM 12
1 25115U 97084D   26086.40977288  .00001205  00000-0  37137-3 0  9991
2 25115  45.0135  90.8124 0005466 234.9920 125.0419 14.46522521482264
0 ORBCOMM FM 12
1 25115U 97084D   26087.03134592  .00001253  00000-0  38440-3 0  9995
2 25115  45.0136  87.8249 0005490 237.8337 122.1983 14.46524665482355
0 ORBCOMM FM 12
1 25115U 97084D   26087.03134592  .00001253  00000-0  38440-3 0  9995
2 25115  45.0136  87.8249 0005490 237.8337 122.1983 14.46524665482355
0 ORBCOMM FM 12
1 25115U 97084D   26087.37666396  .00001360  00000-0  41380-3 0  9990
2 25115  45.0136  86.1653 0005493 239.3280 120.7031 14.46526284482406
0 ORBCOMM FM 12
1 25115U 97084D   26087.37666396  .00001360  00000-0  41380-3 0  9990
2 25115  45.0136  86.1653 0005493 239.3280 120.7031 14.46526284482406
0 ORBCOMM FM 12
1 25115U 97084D   26087.72198141  .00001357  00000-0  41301-3 0  9996
2 25115  45.0138  84.5058 0005512 240.7942 119.2359 14.46527441482459
0 ORBCOMM FM 12
1 25115U 97084D   26088.06729883  .00001435  00000-0  43456-3 0  9997
2 25115  45.0139  82.8460 0005523 242.3189 117.7102 14.46528935482505
0 ORBCOMM FM 12
1 25115U 97084D   26088.96512195  .00001716  00000-0  51171-3 0  9997
2 25115  45.0140  78.5310 0005537 246.3509 113.6761 14.46533577482636
0 ORBCOMM FM 12
1 25115U 97084D   26088.96512195  .00001716  00000-0  51171-3 0  9997
2 25115  45.0140  78.5310 0005537 246.3509 113.6761 14.46533577482636
0 ORBCOMM FM 12
1 25115U 97084D   26089.37950166  .00001725  00000-0  51401-3 0  9993
2 25115  45.0141  76.5395 0005539 248.1560 111.8703 14.46534960482696
0 ORBCOMM FM 12
1 25115U 97084D   26089.37950166  .00001725  00000-0  51401-3 0  9993
2 25115  45.0141  76.5395 0005539 248.1560 111.8703 14.46534960482696
0 ORBCOMM FM 12
1 25115U 97084D   26089.65575389  .00001779  00000-0  52901-3 0  9999
2 25115  45.0142  75.2119 0005549 249.4262 110.5995 14.46536380482733
0 ORBCOMM FM 9
1 25116U 97084E   26060.43029619  .00001804  00000-0  53886-3 0  9997
2 25116  45.0133 216.8945 0005244  75.6333 284.5100 14.46259032478702
0 ORBCOMM FM 9
1 25116U 97084E   26060.77567796  .00001816  00000-0  54206-3 0  9997
2 25116  45.0133 215.2353 0005244  77.7197 282.4242 14.46260447478750
0 ORBCOMM FM 9
1 25116U 97084E   26060.77567797  .00001816  00000-0  54206-3 0  9998
2 25116  45.0133 215.2353 0005244  77.7197 282.4242 14.46260447478750
0 ORBCOMM FM 9
1 25116U 97084E   26061.46644093  .00001962  00000-0  58237-3 0  9990
2 25116  45.0132 211.9167 0005215  81.8307 278.3136 14.46263807478852
0 ORBCOMM FM 9
1 25116U 97084E   26061.60459340  .00001921  00000-0  57127-3 0  9997
2 25116  45.0133 211.2531 0005204  82.7374 277.4069 14.46264110478878
0 ORBCOMM FM 9
1 25116U 97084E   26061.60459341  .00001921  00000-0  57127-3 0  9998
2 25116  45.0133 211.2531 0005204  82.7374 277.4069 14.46264110478878
0 ORBCOMM FM 9
1 25116U 97084E   26062.43350654  .00002087  00000-0  61689-3 0  9999
2 25116  45.0134 207.2709 0005180  87.6016 272.5429 14.46268274478995
0 ORBCOMM FM 9
1 25116U 97084E   26062.43350654  .00002087  00000-0  61689-3 0  9999
2 25116  45.0134 207.2709 0005180  87.6016 272.5429 14.46268274478995
0 ORBCOMM FM 9
1 25116U 97084E   26062.70981010  .00002155  00000-0  63581-3 0  9994
2 25116  45.0134 205.9437 0005180  89.2650 270.8795 14.46269892479030
0 ORBCOMM FM 9
1 25116U 97084E   26062.70981010  .00002155  00000-0  63581-3 0  9994
2 25116  45.0134 205.9437 0005180  89.2650 270.8795 14.46269892479030
0 ORBCOMM FM 9
1 25116U 97084E   26063.40056868  .00002539  00000-0  74181-3 0  9990
2 25116  45.0128 202.6249 0005111  93.8442 266.2994 14.46273421479136
0 ORBCOMM FM 9
1 25116U 97084E   26063.40056869  .00002539  00000-0  74181-3 0  9991
2 25116  45.0128 202.6249 0005111  93.8442 266.2994 14.46273421479136
0 ORBCOMM FM 9
1 25116U 97084E   26063.74594816  .00002221  00000-0  65383-3 0  9999
2 25116  45.0129 200.9657 0005084  96.1390 264.0041 14.46273564479180
0 ORBCOMM FM 9
1 25116U 97084E   26064.09132681  .00001950  00000-0  57908-3 0  9998
2 25116  45.0128 199.3063 0005091  98.1285 262.0145 14.46274182479230
0 ORBCOMM FM 9
1 25116U 97084E   26064.09132681  .00001950  00000-0  57908-3 0  9998
2 25116  45.0128 199.3063 0005091  98.1285 262.0145 14.46274182479230
0 ORBCOMM FM 9
1 25116U 97084E   26064.57485666  .00002114  00000-0  62430-3 0  9994
2 25116  45.0130 196.9834 0005106 101.0775 259.0651 14.46276450479303
0 ORBCOMM FM 9
1 25116U 97084E   26064.71300763  .00002068  00000-0  61165-3 0  9996
2 25116  45.0134 196.3200 0005144 101.4684 258.6745 14.46277420479322
0 ORBCOMM FM 9
1 25116U 97084E   26064.71300764  .00002068  00000-0  61165-3 0  9997
2 25116  45.0134 196.3200 0005144 101.4685 258.6745 14.46277420479323
0 ORBCOMM FM 9
1 25116U 97084E   26065.33468741  .00002016  00000-0  59721-3 0  9994
2 25116  45.0135 193.3334 0005140 105.1783 254.9638 14.46279578479411
0 ORBCOMM FM 9
1 25116U 97084E   26065.54191385  .00001968  00000-0  58386-3 0  9995
2 25116  45.0135 192.3379 0005125 106.5853 253.5562 14.46280108479440
0 ORBCOMM FM 9
1 25116U 97084E   26066.30174237  .00002036  00000-0  60270-3 0  9999
2 25116  45.0134 188.6874 0005136 111.0642 249.0759 14.46283534479552
0 ORBCOMM FM 9
1 25116U 97084E   26066.37081726  .00002075  00000-0  61331-3 0  9998
2 25116  45.0135 188.3555 0005123 111.6018 248.5380 14.46284122479564
0 ORBCOMM FM 9
1 25116U 97084E   26066.37081726  .00002075  00000-0  61331-3 0  9998
2 25116  45.0135 188.3555 0005123 111.6018 248.5380 14.46284122479564
0 ORBCOMM FM 9
1 25116U 97084E   26066.64711853  .00002118  00000-0  62528-3 0  9996
2 25116  45.0130 187.0283 0005108 113.6905 246.4483 14.46284620479602
0 ORBCOMM FM 9
1 25116U 97084E   26066.64711853  .00002118  00000-0  62528-3 0  9996
2 25116  45.0130 187.0283 0005108 113.6905 246.4483 14.46284620479602
0 ORBCOMM FM 9
1 25116U 97084E   26067.06156899  .00002210  00000-0  65056-3 0  9998
2 25116  45.0131 185.0373 0005125 116.3284 243.8094 14.46286788479662
0 ORBCOMM FM 9
1 25116U 97084E   26067.33786899  .00002262  00000-0  66504-3 0  9993
2 25116  45.0130 183.7099 0005127 117.9564 242.1807 14.46288216479708
0 ORBCOMM FM 9
1 25116U 97084E   26067.33786900  .00002262  00000-0  66504-3 0  9996
2 25116  45.0130 183.7099 0005127 117.9564 242.1807 14.46288216479708
0 ORBCOMM FM 9
1 25116U 97084E   26068.30491789  .00001792  00000-0  53517-3 0  9999
2 25116  45.0130 179.0639 0005163 123.9728 236.1615 14.46290931479847
0 ORBCOMM FM 9
1 25116U 97084E   26068.30491790  .00001792  00000-0  53517-3 0  9991
2 25116  45.0130 179.0639 0005163 123.9728 236.1615 14.46290931479847
0 ORBCOMM FM 9
1 25116U 97084E   26068.65029122  .00001836  00000-0  54733-3 0  9995
2 25116  45.0129 177.4048 0005165 125.9835 234.1496 14.46292893479893
0 ORBCOMM FM 9
1 25116U 97084E   26068.65029122  .00001836  00000-0  54733-3 0  9995
2 25116  45.0129 177.4048 0005165 125.9835 234.1496 14.46292893479893
0 ORBCOMM FM 9
1 25116U 97084E   26069.27196277  .00001809  00000-0  53989-3 0  9992
2 25116  45.0129 174.4181 0005184 129.6307 230.5003 14.46295769479983
0 ORBCOMM FM 9
1 25116U 97084E   26069.47918652  .00001701  00000-0  50991-3 0  9994
2 25116  45.0128 173.4226 0005167 131.1965 228.9332 14.46296293480015
0 ORBCOMM FM 9
1 25116U 97084E   26069.68641008  .00001665  00000-0  50017-3 0  9993
2 25116  45.0128 172.4271 0005180 132.4042 227.7248 14.46297090480041
0 ORBCOMM FM 9
1 25116U 97084E   26069.96270793  .00001637  00000-0  49234-3 0  9991
2 25116  45.0130 171.0998 0005243 133.4196 226.7093 14.46298370480089
0 ORBCOMM FM 9
1 25116U 97084E   26069.96270793  .00001637  00000-0  49234-3 0  9991
2 25116  45.0130 171.0998 0005243 133.4196 226.7093 14.46298370480089
0 ORBCOMM FM 9
1 25116U 97084E   26070.30808005  .00001649  00000-0  49554-3 0  9992
2 25116  45.0129 169.4405 0005263 135.3467 224.7809 14.46299782480132
0 ORBCOMM FM 9
1 25116U 97084E   26070.44622881  .00001636  00000-0  49195-3 0  9990
2 25116  45.0129 168.7769 0005268 136.1853 223.9417 14.46300299480154
0 ORBCOMM FM 9
1 25116U 97084E   26070.58437737  .00001643  00000-0  49391-3 0  9995
2 25116  45.0129 168.1134 0005242 137.1322 222.9939 14.46300897480172
0 ORBCOMM FM 9
1 25116U 97084E   26070.58437738  .00001643  00000-0  49391-3 0  9996
2 25116  45.0129 168.1134 0005242 137.1322 222.9939 14.46300897480172
0 ORBCOMM FM 9
1 25116U 97084E   26071.27512037  .00001657  00000-0  49776-3 0  9991
2 25116  45.0129 164.7949 0005260 141.0719 219.0512 14.46303469480275
0 ORBCOMM FM 9
1 25116U 97084E   26071.27512037  .00001657  00000-0  49776-3 0  9991
2 25116  45.0129 164.7949 0005260 141.0719 219.0512 14.46303469480275
0 ORBCOMM FM 9
1 25116U 97084E   26071.62049117  .00001701  00000-0  50983-3 0  9996
2 25116  45.0129 163.1357 0005324 142.9734 217.1486 14.46305008480325
0 ORBCOMM FM 9
1 25116U 97084E   26071.62049118  .00001701  00000-0  50983-3 0  9997
2 25116  45.0129 163.1357 0005324 142.9734 217.1486 14.46305008480325
0 ORBCOMM FM 9
1 25116U 97084E   26072.58752879  .00001623  00000-0  48842-3 0  9992
2 25116  45.0138 158.4898 0005388 148.0023 212.1156 14.46307835480464
0 ORBCOMM FM 9
1 25116U 97084E   26073.62363737  .00001535  00000-0  46393-3 0  9990
2 25116  45.0138 153.5121 0005467 153.7538 206.3592 14.46311268480612
0 ORBCOMM FM 9
1 25116U 97084E   26074.59067004  .00001218  00000-0  37641-3 0  9999
2 25116  45.0138 148.8663 0005484 159.7258 200.3813 14.46312926480751
0 ORBCOMM FM 9
1 25116U 97084E   26075.55770108  .00001196  00000-0  37032-3 0  9991
2 25116  45.0137 144.2204 0005537 165.0558 195.0458 14.46315899480895
0 ORBCOMM FM 9
1 25116U 97084E   26075.90306887  .00001149  00000-0  35737-3 0  9997
2 25116  45.0137 142.5611 0005550 167.0199 193.0797 14.46316723480943
0 ORBCOMM FM 9
1 25116U 97084E   26075.90306887  .00001149  00000-0  35737-3 0  9997
2 25116  45.0137 142.5611 0005550 167.0199 193.0797 14.46316723480943
0 ORBCOMM FM 9
1 25116U 97084E   26076.52473096  .00001141  00000-0  35532-3 0  9998
2 25116  45.0137 139.5745 0005570 169.9457 190.1507 14.46318392481039
0 ORBCOMM FM 9
1 25116U 97084E   26077.42268558  .00001161  00000-0  36078-3 0  9991
2 25116  45.0137 135.2603 0005629 174.7944 185.2967 14.46320933481168
0 ORBCOMM FM 9
1 25116U 97084E   26077.42268558  .00001161  00000-0  36078-3 0  9991
2 25116  45.0137 135.2603 0005629 174.7944 185.2967 14.46320933481168
0 ORBCOMM FM 9
1 25116U 97084E   26077.83712566  .00001088  00000-0  34041-3 0  9995
2 25116  45.0137 133.2692 0005652 176.9318 183.1569 14.46321672481222
0 ORBCOMM FM 9
1 25116U 97084E   26077.83712567  .00001088  00000-0  34041-3 0  9996
2 25116  45.0137 133.2692 0005652 176.9318 183.1569 14.46321672481222
0 ORBCOMM FM 9
1 25116U 97084E   26078.45878581  .00001075  00000-0  33686-3 0  9994
2 25116  45.0137 130.2824 0005698 180.1603 179.9248 14.46323046481314
0 ORBCOMM FM 9
1 25116U 97084E   26079.14951820  .00001030  00000-0  32444-3 0  9991
2 25116  45.0136 126.9639 0005739 183.8451 176.2357 14.46324493481415
0 ORBCOMM FM 9
1 25116U 97084E   26079.14951820  .00001030  00000-0  32444-3 0  9991
2 25116  45.0137 126.9639 0005739 183.8451 176.2357 14.46324493481416
0 ORBCOMM FM 9
1 25116U 97084E   26079.42581161  .00000993  00000-0  31431-3 0  9991
2 25116  45.0137 125.6365 0005756 185.2474 174.8319 14.46324755481455
0 ORBCOMM FM 9
1 25116U 97084E   26079.42581161  .00000993  00000-0  31431-3 0  9991
2 25116  45.0137 125.6365 0005756 185.2474 174.8319 14.46324755481455
0 ORBCOMM FM 9
1 25116U 97084E   26080.53098082  .00001128  00000-0  35139-3 0  9990
2 25116  45.0137 120.3268 0005829 190.9354 169.1372 14.46328205481618
0 ORBCOMM FM 9
1 25116U 97084E   26080.80727267  .00001137  00000-0  35386-3 0  9998
2 25116  45.0137 118.9994 0005843 192.3850 167.6859 14.46328980481657
0 ORBCOMM FM 9
1 25116U 97084E   26081.77429369  .00001177  00000-0  36497-3 0  9995
2 25116  45.0139 114.3533 0005914 197.1365 162.9288 14.46331572481791
0 ORBCOMM FM 9
1 25116U 97084E   26082.11965746  .00001280  00000-0  39349-3 0  9992
2 25116  45.0138 112.6939 0005939 198.8648 161.1985 14.46333117481848
0 ORBCOMM FM 9
1 25116U 97084E   26082.39594888  .00001229  00000-0  37947-3 0  9992
2 25116  45.0138 111.3665 0005955 200.2173 159.8443 14.46333500481882
0 ORBCOMM FM 9
1 25116U 97084E   26082.39594889  .00001229  00000-0  37947-3 0  9993
2 25116  45.0138 111.3665 0005955 200.2174 159.8443 14.46333500481883
0 ORBCOMM FM 9
1 25116U 97084E   26083.36296684  .00001184  00000-0  36688-3 0  9994
2 25116  45.0138 106.7203 0006017 204.9373 155.1188 14.46335873482028
0 ORBCOMM FM 9
1 25116U 97084E   26083.77740225  .00001135  00000-0  35339-3 0  9992
2 25116  45.0138 104.7291 0006044 206.9506 153.1032 14.46336880482084
0 ORBCOMM FM 9
1 25116U 97084E   26084.32998276  .00001182  00000-0  36622-3 0  9993
2 25116  45.0138 102.0740 0006077 209.6061 150.4447 14.46338639482169
0 ORBCOMM FM 9
1 25116U 97084E   26084.74441737  .00001160  00000-0  36018-3 0  9999
2 25116  45.0137 100.0828 0006104 211.5632 148.4855 14.46339818482227
0 ORBCOMM FM 9
1 25116U 97084E   26084.74441738  .00001160  00000-0  36018-3 0  9990
2 25116  45.0137 100.0828 0006104 211.5632 148.4855 14.46339818482227
0 ORBCOMM FM 9
1 25116U 97084E   26085.08977980  .00001163  00000-0  36118-3 0  9995
2 25116  45.0137  98.4233 0006125 213.2319 146.8148 14.46340726482273
0 ORBCOMM FM 9
1 25116U 97084E   26085.08977981  .00001163  00000-0  36118-3 0  9996
2 25116  45.0137  98.4233 0006125 213.2319 146.8148 14.46340726482273
0 ORBCOMM FM 9
1 25116U 97084E   26086.05679251  .00001218  00000-0  37628-3 0  9991
2 25116  45.0138  93.7771 0006177 217.7811 142.2607 14.46343857482416
0 ORBCOMM FM 9
1 25116U 97084E   26086.19493740  .00001169  00000-0  36270-3 0  9990
2 25116  45.0138  93.1133 0006185 218.4017 141.6395 14.46343895482438
0 ORBCOMM FM 9
1 25116U 97084E   26086.40215424  .00001160  00000-0  36025-3 0  9994
2 25116  45.0139  92.1178 0006190 219.3701 140.6701 14.46344429482460
0 ORBCOMM FM 9
1 25116U 97084E   26086.40215424  .00001160  00000-0  36025-3 0  9994
2 25116  45.0139  92.1178 0006190 219.3701 140.6701 14.46344429482460
0 ORBCOMM FM 9
1 25116U 97084E   26087.02380392  .00001196  00000-0  37007-3 0  9990
2 25116  45.0140  89.1308 0006224 222.3196 137.7176 14.46346398482553
0 ORBCOMM FM 9
1 25116U 97084E   26087.02380392  .00001196  00000-0  37007-3 0  9990
2 25116  45.0140  89.1308 0006224 222.3196 137.7176 14.46346398482553
0 ORBCOMM FM 9
1 25116U 97084E   26087.30009256  .00001278  00000-0  39264-3 0  9996
2 25116  45.0140  87.8033 0006238 223.5361 136.4999 14.46347578482599
0 ORBCOMM FM 9
1 25116U 97084E   26087.99081317  .00001330  00000-0  40719-3 0  9995
2 25116  45.0141  84.4846 0006274 226.7451 133.2878 14.46349819482692
0 ORBCOMM FM 9
1 25116U 97084E   26089.02689193  .00001556  00000-0  46926-3 0  9993
2 25116  45.0145  79.5066 0006336 231.4314 128.5970 14.46354112482844
0 ORBCOMM FM 9
1 25116U 97084E   26089.23410792  .00001531  00000-0  46253-3 0  9999
2 25116  45.0146  78.5110 0006327 232.4457 127.5821 14.46354455482870
0 ORBCOMM FM 9
1 25116U 97084E   26089.23410793  .00001531  00000-0  46253-3 0  9990
2 25116  45.0146  78.5110 0006327 232.4457 127.5821 14.46354455482870
0 ORBCOMM FM 9
1 25116U 97084E   26089.92482516  .00001618  00000-0  48641-3 0  9997
2 25116  45.0146  75.1922 0006349 235.5859 124.4393 14.46357155482979
0 ORBCOMM FM 5
1 25117U 97084F   26060.42402211  .00002175  00000-0  63109-3 0  9991
2 25117  45.0133 211.9518 0002084 113.9933 246.1137 14.47052081477851
0 ORBCOMM FM 5
1 25117U 97084F   26060.42402212  .00002175  00000-0  63109-3 0  9992
2 25117  45.0133 211.9518 0002084 113.9933 246.1137 14.47052081477851
0 ORBCOMM FM 5
1 25117U 97084F   26061.11440663  .00002166  00000-0  62856-3 0  9999
2 25117  45.0124 208.6309 0002071 120.5897 239.5159 14.47054715477958
0 ORBCOMM FM 5
1 25117U 97084F   26061.45959821  .00002425  00000-0  69897-3 0  9997
2 25117  45.0123 206.9703 0002083 123.0521 237.0531 14.47057071478003
0 ORBCOMM FM 5
1 25117U 97084F   26061.66671282  .00002400  00000-0  69199-3 0  9990
2 25117  45.0124 205.9741 0002085 124.9006 235.2042 14.47058020478030
0 ORBCOMM FM 5
1 25117U 97084F   26061.66671283  .00002400  00000-0  69199-3 0  9991
2 25117  45.0124 205.9741 0002085 124.9006 235.2042 14.47058020478030
0 ORBCOMM FM 5
1 25117U 97084F   26062.42613211  .00002514  00000-0  72300-3 0  9997
2 25117  45.0125 202.3210 0002100 130.6080 229.4955 14.47062031478144
0 ORBCOMM FM 5
1 25117U 97084F   26062.56420793  .00002626  00000-0  75354-3 0  9999
2 25117  45.0125 201.6569 0002102 131.6628 228.4404 14.47063159478166
0 ORBCOMM FM 5
1 25117U 97084F   26062.56420793  .00002626  00000-0  75354-3 0  9999
2 25117  45.0125 201.6569 0002102 131.6628 228.4404 14.47063159478166
0 ORBCOMM FM 5
1 25117U 97084F   26063.39266209  .00002952  00000-0  84201-3 0  9994
2 25117  45.0127 197.6718 0002140 137.3872 222.7146 14.47068544478280
0 ORBCOMM FM 5
1 25117U 97084F   26063.39266211  .00002952  00000-0  84201-3 0  9997
2 25117  45.0127 197.6718 0002140 137.3872 222.7146 14.47068544478280
0 ORBCOMM FM 5
1 25117U 97084F   26063.53073785  .00002675  00000-0  76652-3 0  9998
2 25117  45.0127 197.0077 0002145 138.5837 221.5178 14.47068292478306
0 ORBCOMM FM 5
1 25117U 97084F   26063.87592605  .00002494  00000-0  71755-3 0  9990
2 25117  45.0125 195.3470 0002169 140.9765 219.1244 14.47069675478353
0 ORBCOMM FM 5
1 25117U 97084F   26063.87592606  .00002494  00000-0  71755-3 0  9991
2 25117  45.0125 195.3470 0002169 140.9765 219.1244 14.47069675478353
0 ORBCOMM FM 5
1 25117U 97084F   26064.56630226  .00002632  00000-0  75497-3 0  9990
2 25117  45.0126 192.0259 0002217 145.1430 214.9568 14.47073358478459
0 ORBCOMM FM 5
1 25117U 97084F   26064.56630226  .00002632  00000-0  75497-3 0  9990
2 25117  45.0126 192.0259 0002217 145.1430 214.9568 14.47073358478459
0 ORBCOMM FM 5
1 25117U 97084F   26065.60186321  .00002456  00000-0  70692-3 0  9994
2 25117  45.0127 187.0446 0002273 151.5099 208.5878 14.47077887478607
0 ORBCOMM FM 5
1 25117U 97084F   26066.01608661  .00001990  00000-0  58042-3 0  9993
2 25117  45.0129 185.0523 0002307 153.7986 206.2983 14.47078518478660
0 ORBCOMM FM 5
1 25117U 97084F   26066.29223507  .00002480  00000-0  71350-3 0  9997
2 25117  45.0128 183.7240 0002323 155.5301 204.5661 14.47081325478708
0 ORBCOMM FM 5
1 25117U 97084F   26066.36127234  .00002424  00000-0  69831-3 0  9994
2 25117  45.0128 183.3920 0002335 155.4231 204.6732 14.47081437478718
0 ORBCOMM FM 5
1 25117U 97084F   26066.49934678  .00002269  00000-0  65611-3 0  9995
2 25117  45.0133 182.7284 0002354 157.0566 203.0392 14.47081493478739
0 ORBCOMM FM 5
1 25117U 97084F   26066.49934678  .00002269  00000-0  65611-3 0  9995
2 25117  45.0133 182.7284 0002354 157.0566 203.0392 14.47081493478739
0 ORBCOMM FM 5
1 25117U 97084F   26067.46586419  .00002219  00000-0  64259-3 0  9991
2 25117  45.0133 178.0791 0002502 163.5425 196.5509 14.47085769478872
0 ORBCOMM FM 5
1 25117U 97084F   26067.60393785  .00002258  00000-0  65320-3 0  9992
2 25117  45.0133 177.4152 0002465 164.4395 195.6533 14.47086582478893
0 ORBCOMM FM 5
1 25117U 97084F   26068.29430548  .00001951  00000-0  56964-3 0  9990
2 25117  45.0132 174.0944 0002509 168.9328 191.1580 14.47088809478996
0 ORBCOMM FM 5
1 25117U 97084F   26068.29430548  .00001951  00000-0  56964-3 0  9990
2 25117  45.0132 174.0944 0002509 168.9328 191.1580 14.47088809478996
0 ORBCOMM FM 5
1 25117U 97084F   26069.26081694  .00001980  00000-0  57745-3 0  9992
2 25117  45.0132 169.4451 0002592 174.7208 185.3671 14.47093725479137
0 ORBCOMM FM 5
1 25117U 97084F   26069.46792635  .00001858  00000-0  54427-3 0  9996
2 25117  45.0132 168.4489 0002611 175.8956 184.1918 14.47094289479161
0 ORBCOMM FM 5
1 25117U 97084F   26069.46792636  .00001858  00000-0  54427-3 0  9997
2 25117  45.0132 168.4489 0002611 175.8956 184.1918 14.47094289479161
0 ORBCOMM FM 5
1 25117U 97084F   26070.22732604  .00001739  00000-0  51191-3 0  9995
2 25117  45.0131 164.7959 0002652 180.6834 179.4015 14.47097367479272
0 ORBCOMM FM 5
1 25117U 97084F   26070.29636241  .00001701  00000-0  50177-3 0  9994
2 25117  45.0131 164.4638 0002661 180.7547 179.3302 14.47097537479283
0 ORBCOMM FM 5
1 25117U 97084F   26070.43443489  .00001678  00000-0  49538-3 0  9992
2 25117  45.0131 163.7997 0002680 181.4676 178.6169 14.47098072479306
0 ORBCOMM FM 5
1 25117U 97084F   26070.43443489  .00001678  00000-0  49538-3 0  9992
2 25117  45.0131 163.7997 0002680 181.4676 178.6169 14.47098072479306
0 ORBCOMM FM 5
1 25117U 97084F   26070.98672457  .00001475  00000-0  44031-3 0  9999
2 25117  45.0132 161.1430 0002719 184.5949 175.4878 14.47099638479380
0 ORBCOMM FM 5
1 25117U 97084F   26070.98672458  .00001475  00000-0  44031-3 0  9990
2 25117  45.0132 161.1430 0002719 184.5949 175.4878 14.47099638479380
0 ORBCOMM FM 5
1 25117U 97084F   26071.53901352  .00001687  00000-0  49777-3 0  9997
2 25117  45.0131 158.4863 0002754 187.8134 172.2675 14.47102307479466
0 ORBCOMM FM 5
1 25117U 97084F   26071.53901353  .00001687  00000-0  49777-3 0  9998
2 25117  45.0131 158.4863 0002754 187.8134 172.2675 14.47102307479466
0 ORBCOMM FM 5
1 25117U 97084F   26072.57455322  .00001682  00000-0  49636-3 0  9992
2 25117  45.0131 153.5050 0002820 192.8860 167.1920 14.47106118479613
0 ORBCOMM FM 5
1 25117U 97084F   26072.91973255  .00001555  00000-0  46188-3 0  9998
2 25117  45.0131 151.8446 0002824 194.4220 165.6552 14.47107028479665
0 ORBCOMM FM 5
1 25117U 97084F   26073.54105446  .00001705  00000-0  50266-3 0  9996
2 25117  45.0133 148.8559 0002877 197.4226 162.6528 14.47109741479759
0 ORBCOMM FM 5
1 25117U 97084F   26073.88623293  .00001581  00000-0  46910-3 0  9991
2 25117  45.0133 147.1954 0002904 199.2321 160.8422 14.47110591479801
0 ORBCOMM FM 5
1 25117U 97084F   26074.50755379  .00001228  00000-0  37320-3 0  9995
2 25117  45.0133 144.2066 0002951 202.2253 157.8472 14.47111510479896
0 ORBCOMM FM 5
1 25117U 97084F   26074.92176754  .00001216  00000-0  36977-3 0  9999
2 25117  45.0138 142.2138 0002946 203.7117 156.3600 14.47111956479956
0 ORBCOMM FM 5
1 25117U 97084F   26075.26694500  .00001335  00000-0  40208-3 0  9995
2 25117  45.0137 140.5532 0002974 205.4076 154.6630 14.47113755480009
0 ORBCOMM FM 5
1 25117U 97084F   26075.54308704  .00001245  00000-0  37757-3 0  9999
2 25117  45.0137 139.2248 0002990 206.6410 153.4289 14.47114146480047
0 ORBCOMM FM 5
1 25117U 97084F   26075.88826420  .00001203  00000-0  36636-3 0  9995
2 25117  45.0137 137.5643 0003015 208.3259 151.7430 14.47115050480095
0 ORBCOMM FM 5
1 25117U 97084F   26075.88826421  .00001203  00000-0  36636-3 0  9996
2 25117  45.0137 137.5643 0003015 208.3259 151.7430 14.47115050480095
0 ORBCOMM FM 5
1 25117U 97084F   26076.57861820  .00001219  00000-0  37063-3 0  9997
2 25117  45.0136 134.2433 0003060 211.6598 148.4070 14.47117172480199
0 ORBCOMM FM 5
1 25117U 97084F   26076.85475935  .00001188  00000-0  36208-3 0  9991
2 25117  45.0137 132.9149 0003075 213.0503 147.0157 14.47117878480236
0 ORBCOMM FM 5
1 25117U 97084F   26076.85475936  .00001188  00000-0  36208-3 0  9992
2 25117  45.0137 132.9149 0003075 213.0503 147.0157 14.47117878480236
0 ORBCOMM FM 5
1 25117U 97084F   26077.40704155  .00001274  00000-0  38542-3 0  9991
2 25117  45.0137 130.2580 0003113 215.5807 144.4837 14.47119908480314
0 ORBCOMM FM 5
1 25117U 97084F   26077.40704156  .00001274  00000-0  38542-3 0  9992
2 25117  45.0137 130.2580 0003113 215.5808 144.4837 14.47119908480315
0 ORBCOMM FM 5
1 25117U 97084F   26077.82125273  .00001202  00000-0  36595-3 0  9992
2 25117  45.0137 128.2654 0003136 217.4062 142.6572 14.47120745480375
0 ORBCOMM FM 5
1 25117U 97084F   26077.82125274  .00001202  00000-0  36595-3 0  9993
2 25117  45.0137 128.2654 0003136 217.4062 142.6572 14.47120745480375
0 ORBCOMM FM 5
1 25117U 97084F   26079.13292024  .00001174  00000-0  35843-3 0  9990
2 25117  45.0136 121.9553 0003219 223.3464 136.7135 14.47124045480563
0 ORBCOMM FM 5
1 25117U 97084F   26079.13292025  .00001174  00000-0  35843-3 0  9991
2 25117  45.0136 121.9553 0003219 223.3464 136.7135 14.47124045480563
0 ORBCOMM FM 5
1 25117U 97084F   26079.40906096  .00001144  00000-0  35016-3 0  9990
2 25117  45.0137 120.6270 0003230 224.6647 135.3945 14.47124415480606
0 ORBCOMM FM 5
1 25117U 97084F   26079.54713054  .00001241  00000-0  37663-3 0  9993
2 25117  45.0136 119.9628 0003234 225.2296 134.8293 14.47125424480627
0 ORBCOMM FM 5
1 25117U 97084F   26079.54713056  .00001241  00000-0  37663-3 0  9995
2 25117  45.0136 119.9628 0003234 225.2296 134.8293 14.47125424480627
0 ORBCOMM FM 5
1 25117U 97084F   26080.23747996  .00001203  00000-0  36631-3 0  9995
2 25117  45.0137 116.6417 0003278 228.2355 131.8217 14.47127024480727
0 ORBCOMM FM 5
1 25117U 97084F   26080.51361906  .00001320  00000-0  39784-3 0  9991
2 25117  45.0136 115.3133 0003288 229.2533 130.8034 14.47128485480769
0 ORBCOMM FM 5
1 25117U 97084F   26080.78975805  .00001337  00000-0  40259-3 0  9996
2 25117  45.0137 113.9850 0003301 230.5524 129.5036 14.47129419480801
0 ORBCOMM FM 5
1 25117U 97084F   26081.75624446  .00001356  00000-0  40758-3 0  9991
2 25117  45.0136 109.3354 0003344 234.7345 125.3195 14.47132129480949
0 ORBCOMM FM 5
1 25117U 97084F   26082.44659054  .00001381  00000-0  41444-3 0  9992
2 25117  45.0136 106.0142 0003370 237.5118 122.5409 14.47134246481047
0 ORBCOMM FM 5
1 25117U 97084F   26082.79176335  .00001291  00000-0  39012-3 0  9994
2 25117  45.0136 104.3536 0003387 238.9946 121.0574 14.47134755481094
0 ORBCOMM FM 5
1 25117U 97084F   26083.34403904  .00001333  00000-0  40142-3 0  9994
2 25117  45.0136 101.6966 0003405 241.3194 118.7316 14.47136644481170
0 ORBCOMM FM 5
1 25117U 97084F   26083.75824513  .00001282  00000-0  38743-3 0  9999
2 25117  45.0136  99.7039 0003420 243.0468 117.0035 14.47137752481236
0 ORBCOMM FM 5
1 25117U 97084F   26084.31051983  .00001340  00000-0  40322-3 0  9996
2 25117  45.0137  97.0469 0003436 245.3272 114.7222 14.47139728481316
0 ORBCOMM FM 5
1 25117U 97084F   26084.72472490  .00001337  00000-0  40248-3 0  9994
2 25117  45.0137  95.0542 0003446 247.0893 112.9596 14.47141170481379
0 ORBCOMM FM 5
1 25117U 97084F   26084.72472490  .00001337  00000-0  40248-3 0  9994
2 25117  45.0137  95.0542 0003446 247.0893 112.9596 14.47141170481379
0 ORBCOMM FM 5
1 25117U 97084F   26085.06989614  .00001344  00000-0  40428-3 0  9991
2 25117  45.0136  93.3936 0003456 248.4507 111.5976 14.47142189481428
0 ORBCOMM FM 5
1 25117U 97084F   26085.06989614  .00001344  00000-0  40428-3 0  9991
2 25117  45.0136  93.3936 0003456 248.4507 111.5977 14.47142189481429
0 ORBCOMM FM 5
1 25117U 97084F   26086.03637281  .00001454  00000-0  43418-3 0  9993
2 25117  45.0137  88.7439 0003476 252.3650 107.6823 14.47146059481562
0 ORBCOMM FM 5
1 25117U 97084F   26086.31250911  .00001395  00000-0  41812-3 0  9995
2 25117  45.0138  87.4154 0003477 253.4503 106.5968 14.47146538481608
0 ORBCOMM FM 5
1 25117U 97084F   26086.38154299  .00001354  00000-0  40696-3 0  9998
2 25117  45.0138  87.0834 0003476 253.7285 106.3185 14.47146585481610
0 ORBCOMM FM 5
1 25117U 97084F   26086.72671267  .00001333  00000-0  40125-3 0  9999
2 25117  45.0139  85.4228 0003483 255.1995 104.8471 14.47147586481660
0 ORBCOMM FM 5
1 25117U 97084F   26086.72671268  .00001333  00000-0  40125-3 0  9990
2 25117  45.0139  85.4228 0003483 255.1995 104.8471 14.47147586481660
0 ORBCOMM FM 5
1 25117U 97084F   26087.48608472  .00001516  00000-0  45104-3 0  9996
2 25117  45.0140  81.7695 0003484 258.2134 101.8327 14.47151064481774
0 ORBCOMM FM 5
1 25117U 97084F   26087.48608473  .00001516  00000-0  45104-3 0  9997
2 25117  45.0140  81.7695 0003484 258.2134 101.8327 14.47151064481774
0 ORBCOMM FM 5
1 25117U 97084F   26087.69318598  .00001507  00000-0  44842-3 0  9994
2 25117  45.0141  80.7731 0003496 258.9253 101.1205 14.47151691481805
0 ORBCOMM FM 5
1 25117U 97084F   26087.69318599  .00001507  00000-0  44842-3 0  9995
2 25117  45.0141  80.7731 0003496 258.9253 101.1206 14.47151691481806
0 ORBCOMM FM 5
1 25117U 97084F   26089.21192413  .00001924  00000-0  56153-3 0  9991
2 25117  45.0146  73.4665 0003500 264.8469  95.1983 14.47159341482026
0 ORBCOMM FM 5
1 25117U 97084F   26089.21192413  .00001924  00000-0  56153-3 0  9991
2 25117  45.0146  73.4665 0003500 264.8469  95.1983 14.47159341482026
0 ORBCOMM FM 5
1 25117U 97084F   26089.41902429  .00001944  00000-0  56681-3 0  9997
2 25117  45.0145  72.4702 0003496 265.6606  94.3847 14.47160212482054
0 ORBCOMM FM 5
1 25117U 97084F   26089.41902430  .00001944  00000-0  56681-3 0  9999
2 25117  45.0145  72.4702 0003496 265.6606  94.3847 14.47160212482054
0 ORBCOMM FM 6
1 25118U 97084G   26060.46394330  .00002066  00000-0  59924-3 0  9997
2 25118  45.0126 211.1758 0001282 141.8430 250.9075 14.47227578478785
0 ORBCOMM FM 6
1 25118U 97084G   26060.46394331  .00002066  00000-0  59924-3 0  9998
2 25118  45.0127 211.1758 0001282 141.8430 250.9075 14.47227578478786
0 ORBCOMM FM 6
1 25118U 97084G   26061.11164205  .00002027  00000-0  58870-3 0  9992
2 25118  45.0127 208.0594 0001320 146.9742  23.6031 14.47230149478879
0 ORBCOMM FM 6
1 25118U 97084G   26061.42973808  .00002333  00000-0  67153-3 0  9997
2 25118  45.0118 206.5286 0001349 151.8466 237.6406 14.47232214478923
0 ORBCOMM FM 6
1 25118U 97084G   26061.42973809  .00002333  00000-0  67153-3 0  9998
2 25118  45.0118 206.5286 0001349 151.8466 237.6406 14.47232214478923
0 ORBCOMM FM 6
1 25118U 97084G   26062.46891373  .00002477  00000-0  71033-3 0  9999
2 25118  45.0122 201.5286 0001415 159.5080 249.4262 14.47237655479076
0 ORBCOMM FM 6
1 25118U 97084G   26062.46891374  .00002477  00000-0  71033-3 0  9990
2 25118  45.0122 201.5286 0001415 159.5080 249.4263 14.47237655479077
0 ORBCOMM FM 6
1 25118U 97084G   26063.43505901  .00002961  00000-0  84121-3 0  9996
2 25118  45.0124 196.8799 0001485 166.3895 241.1518 14.47244564479216
0 ORBCOMM FM 6
1 25118U 97084G   26063.50295853  .00002742  00000-0  78194-3 0  9996
2 25118  45.0123 196.5531 0001505 167.0422 234.6064 14.47244210479225
0 ORBCOMM FM 6
1 25118U 97084G   26063.79109476  .00002779  00000-0  79198-3 0  9997
2 25118  45.0124 195.1667 0001523 168.7947 295.5353 14.47245919479269
0 ORBCOMM FM 6
1 25118U 97084G   26064.07970316  .00002532  00000-0  72509-3 0  9994
2 25118  45.0125 193.7781 0001549 171.7348 357.7413 14.47246858479304
0 ORBCOMM FM 6
1 25118U 97084G   26064.32788720  .00002759  00000-0  78656-3 0  9998
2 25118  45.0124 192.5839 0001568 172.5868 211.2145 14.47248735479347
0 ORBCOMM FM 6
1 25118U 97084G   26064.62223538  .00002774  00000-0  79049-3 0  9996
2 25118  45.0125 191.1676 0001593 173.6815 305.2016 14.47250354479389
0 ORBCOMM FM 6
1 25118U 97084G   26064.76691685  .00002791  00000-0  79507-3 0  9991
2 25118  45.0122 190.4713 0001598 174.0974 339.3282 14.47251187479407
0 ORBCOMM FM 6
1 25118U 97084G   26064.76691685  .00002791  00000-0  79507-3 0  9991
2 25118  45.0122 190.4713 0001598 174.0974 339.3282 14.47251187479407
0 ORBCOMM FM 6
1 25118U 97084G   26065.63759301  .00002773  00000-0  79015-3 0  9992
2 25118  45.0124 186.2821 0001683 180.2186 193.9637 14.47255959479534
0 ORBCOMM FM 6
1 25118U 97084G   26066.33097128  .00002829  00000-0  80534-3 0  9992
2 25118  45.0123 182.9458 0001753 184.9782 205.3262 14.47259969479631
0 ORBCOMM FM 6
1 25118U 97084G   26066.33097128  .00002829  00000-0  80534-3 0  9992
2 25118  45.0123 182.9458 0001753 184.9782 205.3262 14.47259969479631
0 ORBCOMM FM 6
1 25118U 97084G   26066.55321398  .00002657  00000-0  75876-3 0  9997
2 25118  45.0124 181.8765 0001767 185.8003 283.5492 14.47260467479663
0 ORBCOMM FM 6
1 25118U 97084G   26066.55321399  .00002657  00000-0  75876-3 0  9998
2 25118  45.0124 181.8765 0001767 185.8003 283.5492 14.47260467479663
0 ORBCOMM FM 6
1 25118U 97084G   26067.44598699  .00002571  00000-0  73529-3 0  9994
2 25118  45.0123 177.5807 0001830 190.4664 254.9103 14.47265081479799
0 ORBCOMM FM 6
1 25118U 97084G   26067.59123994  .00002578  00000-0  73731-3 0  9994
2 25118  45.0123 176.8819 0001840 191.0609 291.8465 14.47265876479817
0 ORBCOMM FM 6
1 25118U 97084G   26067.66562471  .00002600  00000-0  74309-3 0  9997
2 25118  45.0123 176.5240 0001841 191.0477 319.7955 14.47266376479827
0 ORBCOMM FM 6
1 25118U 97084G   26068.33519030  .00002269  00000-0  65353-3 0  9995
2 25118  45.0122 173.3021 0001908 195.1334 207.6689 14.47268952479921
0 ORBCOMM FM 6
1 25118U 97084G   26068.62953596  .00002251  00000-0  64878-3 0  9998
2 25118  45.0122 171.8858 0001937 196.1809 301.7130 14.47270413479968
0 ORBCOMM FM 6
1 25118U 97084G   26068.62953596  .00002251  00000-0  64878-3 0  9998
2 25118  45.0122 171.8858 0001937 196.1809 301.7130 14.47270413479968
0 ORBCOMM FM 6
1 25118U 97084G   26069.23128485  .00002243  00000-0  64655-3 0  9991
2 25118  45.0122 168.9903 0001988 199.2001 196.9825 14.47273691480058
0 ORBCOMM FM 6
1 25118U 97084G   26069.44947517  .00002199  00000-0  63448-3 0  9998
2 25118  45.0122 167.9404 0002007 200.2690 253.8388 14.47274772480084
0 ORBCOMM FM 6
1 25118U 97084G   26069.73939914  .00002099  00000-0  60747-3 0  9990
2 25118  45.0121 166.5453 0002028 200.9765 325.1683 14.47275924480121
0 ORBCOMM FM 6
1 25118U 97084G   26069.73939914  .00002099  00000-0  60747-3 0  9990
2 25118  45.0121 166.5453 0002028 200.9765 325.1683 14.47275924480121
0 ORBCOMM FM 6
1 25118U 97084G   26070.33800187  .00001958  00000-0  56944-3 0  9994
2 25118  45.0122 163.6649 0002076 203.4774 204.5582 14.47278515480215
0 ORBCOMM FM 6
1 25118U 97084G   26070.48793718  .00001924  00000-0  56023-3 0  9992
2 25118  45.0122 162.9435 0002084 204.7784 265.2143 14.47279061480230
0 ORBCOMM FM 6
1 25118U 97084G   26070.63182873  .00001914  00000-0  55732-3 0  9998
2 25118  45.0121 162.2511 0002084 205.7751 294.6560 14.47279727480252
0 ORBCOMM FM 6
1 25118U 97084G   26070.63182874  .00001914  00000-0  55732-3 0  9999
2 25118  45.0121 162.2511 0002084 205.7751 294.6560 14.47279727480252
0 ORBCOMM FM 6
1 25118U 97084G   26071.30454457  .00001911  00000-0  55651-3 0  9990
2 25118  45.0121 159.0139 0002153 208.7154 200.1364 14.47282645480357
0 ORBCOMM FM 6
1 25118U 97084G   26071.30454457  .00001911  00000-0  55651-3 0  9990
2 25118  45.0121 159.0139 0002153 208.7154 200.1364 14.47282645480357
0 ORBCOMM FM 6
1 25118U 97084G   26071.73644542  .00001915  00000-0  55758-3 0  9995
2 25118  45.0121 156.9356 0002186 210.5585 290.7929 14.47284452480416
0 ORBCOMM FM 6
1 25118U 97084G   26071.73644543  .00001915  00000-0  55758-3 0  9996
2 25118  45.0121 156.9357 0002186 210.5585 290.7929 14.47284452480417
0 ORBCOMM FM 6
1 25118U 97084G   26072.63595756  .00001872  00000-0  54593-3 0  9995
2 25118  45.0122 152.6073 0002273 214.3617 298.2384 14.47287867480546
0 ORBCOMM FM 6
1 25118U 97084G   26072.98445713  .00001734  00000-0  50864-3 0  9994
2 25118  45.0123 150.9305 0002285 216.7469 313.3948 14.47288829480599
0 ORBCOMM FM 6
1 25118U 97084G   26073.60246200  .00001911  00000-0  55655-3 0  9994
2 25118  45.0124 147.9570 0002302 219.4533 293.7949 14.47291847480688
0 ORBCOMM FM 6
1 25118U 97084G   26073.95078871  .00001790  00000-0  52372-3 0  9997
2 25118  45.0123 146.2807 0002330 221.0834 308.8102 14.47292873480731
0 ORBCOMM FM 6
1 25118U 97084G   26074.56598946  .00001400  00000-0  41815-3 0  9993
2 25118  45.0122 143.3204 0002378 223.4811 274.9014 14.47293963480828
0 ORBCOMM FM 6
1 25118U 97084G   26075.88354292  .00001337  00000-0  40125-3 0  9995
2 25118  45.0127 136.9800 0002414 228.7687 301.1307 14.47297336481011
0 ORBCOMM FM 6
1 25118U 97084G   26075.88354293  .00001337  00000-0  40125-3 0  9996
2 25118  45.0127 136.9800 0002414 228.7687 301.1307 14.47297336481011
0 ORBCOMM FM 6
1 25118U 97084G   26076.56952734  .00001319  00000-0  39637-3 0  9992
2 25118  45.0127 133.6790 0002440 231.1302 276.4317 14.47299397481119
0 ORBCOMM FM 6
1 25118U 97084G   26076.91894557  .00001254  00000-0  37864-3 0  9997
2 25118  45.0127 131.9975 0002463 232.7282 297.1813 14.47300165481166
0 ORBCOMM FM 6
1 25118U 97084G   26077.53952772  .00001289  00000-0  38802-3 0  9991
2 25118  45.0127 129.0113 0002488 235.2681 291.2135 14.47302222481254
0 ORBCOMM FM 6
1 25118U 97084G   26077.60818222  .00001285  00000-0  38701-3 0  9994
2 25118  45.0127 128.6810 0002490 235.5685 288.9727 14.47302412481265
0 ORBCOMM FM 6
1 25118U 97084G   26077.88531774  .00001231  00000-0  37249-3 0  9995
2 25118  45.0128 127.3473 0002508 236.7302 293.1798 14.47302959481303
0 ORBCOMM FM 6
1 25118U 97084G   26077.88531774  .00001231  00000-0  37249-3 0  9995
2 25118  45.0128 127.3473 0002508 236.7302 293.1798 14.47302959481303
0 ORBCOMM FM 6
1 25118U 97084G   26078.57336642  .00001153  00000-0  35129-3 0  9997
2 25118  45.0128 124.0363 0002547 239.4200 278.9302 14.47304371481408
0 ORBCOMM FM 6
1 25118U 97084G   26078.57336642  .00001153  00000-0  35129-3 0  9997
2 25118  45.0128 124.0363 0002547 239.4201 278.9302 14.47304371481409
0 ORBCOMM FM 6
1 25118U 97084G   26079.17248030  .00001162  00000-0  35382-3 0  9998
2 25118  45.0128 121.1533 0002580 241.8146 161.1482 14.47305835481495
0 ORBCOMM FM 6
1 25118U 97084G   26079.17248030  .00001162  00000-0  35382-3 0  9998
2 25118  45.0128 121.1533 0002580 241.8146 161.1482 14.47305835481495
0 ORBCOMM FM 6
1 25118U 97084G   26079.53854875  .00001276  00000-0  38449-3 0  9991
2 25118  45.0127 119.3918 0002584 243.1589 268.9995 14.47307547481543
0 ORBCOMM FM 6
1 25118U 97084G   26079.53854875  .00001276  00000-0  38449-3 0  9991
2 25118  45.0127 119.3918 0002584 243.1589 268.9995 14.47307547481543
0 ORBCOMM FM 6
1 25118U 97084G   26080.50504881  .00001371  00000-0  41033-3 0  9998
2 25118  45.0128 114.7409 0002620 246.9760 265.8762 14.47310778481684
0 ORBCOMM FM 6
1 25118U 97084G   26080.85335373  .00001347  00000-0  40389-3 0  9990
2 25118  45.0128 113.0647 0002634 248.3707 281.0359 14.47311599481732
0 ORBCOMM FM 6
1 25118U 97084G   26081.54229687  .00001356  00000-0  40609-3 0  9992
2 25118  45.0129 109.7495 0002649 251.1661 271.3677 14.47313499481830
0 ORBCOMM FM 6
1 25118U 97084G   26082.14132314  .00001481  00000-0  44001-3 0  9998
2 25118  45.0128 106.8667 0002664 253.4988 153.2165 14.47316067481926
0 ORBCOMM FM 6
1 25118U 97084G   26082.34215703  .00001467  00000-0  43622-3 0  9996
2 25118  45.0128 105.9002 0002672 254.1454 120.0058 14.47316599481950
0 ORBCOMM FM 6
1 25118U 97084G   26082.78613216  .00001365  00000-0  40847-3 0  9998
2 25118  45.0128 103.7637 0002681 256.0310 273.6438 14.47317350482013
0 ORBCOMM FM 6
1 25118U 97084G   26083.30920721  .00001404  00000-0  41908-3 0  9992
2 25118  45.0129 101.2465 0002690 257.7097 120.0333 14.47319178482093
0 ORBCOMM FM 6
1 25118U 97084G   26083.47322951  .00001400  00000-0  41802-3 0  9990
2 25118  45.0130 100.4572 0002691 258.3792 254.8134 14.47319671482111
0 ORBCOMM FM 6
1 25118U 97084G   26083.99931111  .00001381  00000-0  41276-3 0  9994
2 25118  45.0130  97.9256 0002708 260.6941 116.2520 14.47321283482191
0 ORBCOMM FM 6
1 25118U 97084G   26084.34383229  .00001406  00000-0  41956-3 0  9998
2 25118  45.0130  96.2676 0002709 262.0275 111.7542 14.47322569482244
0 ORBCOMM FM 6
1 25118U 97084G   26084.78791093  .00001399  00000-0  41772-3 0  9995
2 25118  45.0131  94.1305 0002714 263.6274 266.2320 14.47324170482300
0 ORBCOMM FM 6
1 25118U 97084G   26084.78791094  .00001399  00000-0  41772-3 0  9996
2 25118  45.0131  94.1305 0002714 263.6274 266.2320 14.47324170482300
0 ORBCOMM FM 6
1 25118U 97084G   26085.10980767  .00001402  00000-0  41856-3 0  9998
2 25118  45.0130  92.5813 0002717 264.7971 143.9026 14.47325169482352
0 ORBCOMM FM 6
1 25118U 97084G   26085.31042078  .00001435  00000-0  42738-3 0  9991
2 25118  45.0130  91.6159 0002716 265.4607 109.5313 14.47326061482380
0 ORBCOMM FM 6
1 25118U 97084G   26085.40610096  .00001434  00000-0  42719-3 0  9990
2 25118  45.0131  91.1555 0002714 265.8577 248.1516 14.47326385482399
0 ORBCOMM FM 6
1 25118U 97084G   26085.40610096  .00001434  00000-0  42719-3 0  9990
2 25118  45.0131  91.1555 0002714 265.8577 248.1516 14.47326385482399
0 ORBCOMM FM 6
1 25118U 97084G   26086.07569713  .00001514  00000-0  44879-3 0  9991
2 25118  45.0131  87.9330 0002719 268.3349 137.9402 14.47329237482492
0 ORBCOMM FM 6
1 25118U 97084G   26086.27667609  .00001483  00000-0  44034-3 0  9994
2 25118  45.0132  86.9659 0002719 269.0133 105.4633 14.47329713482524
0 ORBCOMM FM 6
1 25118U 97084G   26086.72077993  .00001426  00000-0  42505-3 0  9993
2 25118  45.0138  84.8290 0002724 271.0624 259.6323 14.47330995482580
0 ORBCOMM FM 6
1 25118U 97084G   26086.72077993  .00001426  00000-0  42505-3 0  9993
2 25118  45.0138  84.8290 0002724 271.0624 259.6323 14.47330995482580
0 ORBCOMM FM 6
1 25118U 97084G   26087.04168050  .00001525  00000-0  45163-3 0  9997
2 25118  45.0138  83.2846 0002723 272.1839 132.1654 14.47332604482636
0 ORBCOMM FM 6
1 25118U 97084G   26087.04168051  .00001525  00000-0  45163-3 0  9998
2 25118  45.0138  83.2846 0002723 272.1839 132.1654 14.47332604482636
0 ORBCOMM FM 6
1 25118U 97084G   26087.40767314  .00001664  00000-0  48919-3 0  9991
2 25118  45.0139  81.5233 0002714 273.6081 239.5756 14.47334644482689
0 ORBCOMM FM 6
1 25118U 97084G   26087.40767315  .00001664  00000-0  48919-3 0  9992
2 25118  45.0139  81.5233 0002714 273.6081 239.5756 14.47334644482689
0 ORBCOMM FM 6
1 25118U 97084G   26087.68697354  .00001640  00000-0  48281-3 0  9993
2 25118  45.0140  80.1792 0002714 274.6610 255.2153 14.47335555482728
0 ORBCOMM FM 6
1 25118U 97084G   26087.68697354  .00001640  00000-0  48281-3 0  9993
2 25118  45.0140  80.1792 0002714 274.6610 255.2153 14.47335555482728
0 ORBCOMM FM 6
1 25118U 97084G   26088.97161169  .00002067  00000-0  59793-3 0  9990
2 25118  45.0143  73.9971 0002693 279.0485 110.8822 14.47342833482912
0 ORBCOMM FM 6
1 25118U 97084G   26089.24460361  .00002059  00000-0  59579-3 0  9990
2 25118  45.0145  72.6834 0002692 279.6624  94.0638 14.47343767482957
0 ORBCOMM FM 6
1 25118U 97084G   26089.34089115  .00002080  00000-0  60162-3 0  9999
2 25118  45.0144  72.2200 0002689 280.0592 235.8582 14.47344294482965
0 ORBCOMM FM 6
1 25118U 97084G   26089.34089115  .00002080  00000-0  60162-3 0  9999
2 25118  45.0144  72.2200 0002689 280.0592 235.8582 14.47344294482965
0 ORBCOMM FM 6
1 25118U 97084G   26089.93764399  .00002168  00000-0  62526-3 0  9991
2 25118  45.0146  69.3482 0002682 282.1324 106.1746 14.47347349483052
0 ORBCOMM FM 7
1 25119U 97084H   26060.40047823  .00001970  00000-0  57302-3 0  9995
2 25119  45.0123 212.2217 0002664  99.8014 260.3138 14.47231852478763
0 ORBCOMM FM 7
1 25119U 97084H   26060.81465715  .00001958  00000-0  56999-3 0  9991
2 25119  45.0122 210.2289 0002678 102.5401 257.5750 14.47233596478828
0 ORBCOMM FM 7
1 25119U 97084H   26060.81465716  .00001958  00000-0  56999-3 0  9992
2 25119  45.0122 210.2289 0002678 102.5401 257.5750 14.47233596478828
0 ORBCOMM FM 7
1 25119U 97084H   26061.43592417  .00002185  00000-0  63140-3 0  9999
2 25119  45.0114 207.2393 0002650 107.5795 252.5346 14.47237301478916
0 ORBCOMM FM 7
1 25119U 97084H   26061.57398343  .00002107  00000-0  61008-3 0  9991
2 25119  45.0114 206.5751 0002639 108.7674 251.3465 14.47237680478933
0 ORBCOMM FM 7
1 25119U 97084H   26061.78107224  .00002120  00000-0  61364-3 0  9990
2 25119  45.0115 205.5787 0002648 110.0567 250.0570 14.47238649478961
0 ORBCOMM FM 7
1 25119U 97084H   26061.78107224  .00002120  00000-0  61364-3 0  9990
2 25119  45.0115 205.5787 0002648 110.0567 250.0570 14.47238649478961
0 ORBCOMM FM 7
1 25119U 97084H   26062.40233769  .00002215  00000-0  63924-3 0  9993
2 25119  45.0116 202.5893 0002649 114.4628 245.6500 14.47241742479056
0 ORBCOMM FM 7
1 25119U 97084H   26062.40233770  .00002215  00000-0  63924-3 0  9995
2 25119  45.0116 202.5893 0002649 114.4628 245.6500 14.47241742479056
0 ORBCOMM FM 7
1 25119U 97084H   26062.74748404  .00002464  00000-0  70673-3 0  9992
2 25119  45.0115 200.9286 0002643 117.3982 242.7139 14.47244375479109
0 ORBCOMM FM 7
1 25119U 97084H   26062.74748404  .00002464  00000-0  70673-3 0  9992
2 25119  45.0115 200.9286 0002643 117.3982 242.7139 14.47244375479109
0 ORBCOMM FM 7
1 25119U 97084H   26063.36874653  .00002682  00000-0  76574-3 0  9995
2 25119  45.0115 197.9391 0002644 121.9835 238.1274 14.47248410479192
0 ORBCOMM FM 7
1 25119U 97084H   26063.36874653  .00002682  00000-0  76574-3 0  9995
2 25119  45.0115 197.9391 0002644 121.9835 238.1274 14.47248411479193
0 ORBCOMM FM 7
1 25119U 97084H   26063.57583389  .00002501  00000-0  71680-3 0  9994
2 25119  45.0117 196.9427 0002673 122.7029 237.4081 14.47248983479226
0 ORBCOMM FM 7
1 25119U 97084H   26064.05903686  .00002274  00000-0  65529-3 0  9996
2 25119  45.0117 194.6178 0002693 125.8093 234.3009 14.47250941479291
0 ORBCOMM FM 7
1 25119U 97084H   26064.33515277  .00002463  00000-0  70626-3 0  9996
2 25119  45.0117 193.2892 0002713 127.6843 232.4255 14.47252779479333
0 ORBCOMM FM 7
1 25119U 97084H   26064.61126811  .00002497  00000-0  71545-3 0  9997
2 25119  45.0118 191.9605 0002733 129.7714 230.3379 14.47254351479379
0 ORBCOMM FM 7
1 25119U 97084H   26064.68029685  .00002509  00000-0  71863-3 0  9992
2 25119  45.0118 191.6283 0002757 130.3696 229.7397 14.47254767479385
0 ORBCOMM FM 7
1 25119U 97084H   26064.68029686  .00002509  00000-0  71863-3 0  9993
2 25119  45.0118 191.6283 0002757 130.3696 229.7397 14.47254767479385
0 ORBCOMM FM 7
1 25119U 97084H   26065.30155561  .00002346  00000-0  67460-3 0  9992
2 25119  45.0118 188.6390 0002754 133.8765 226.2315 14.47257365479471
0 ORBCOMM FM 7
1 25119U 97084H   26065.50864106  .00002448  00000-0  70227-3 0  9994
2 25119  45.0119 187.6426 0002765 135.7580 224.3494 14.47258974479507
0 ORBCOMM FM 7
1 25119U 97084H   26066.33698295  .00002497  00000-0  71547-3 0  9990
2 25119  45.0119 183.6567 0002809 140.9417 219.1638 14.47263348479621
0 ORBCOMM FM 7
1 25119U 97084H   26066.33698295  .00002497  00000-0  71547-3 0  9990
2 25119  45.0119 183.6568 0002809 140.9417 219.1638 14.47263348479622
0 ORBCOMM FM 7
1 25119U 97084H   26066.54406817  .00002406  00000-0  69073-3 0  9991
2 25119  45.0118 182.6604 0002797 142.1813 217.9236 14.47264069479655
0 ORBCOMM FM 7
1 25119U 97084H   26066.68212476  .00002435  00000-0  69844-3 0  9990
2 25119  45.0118 181.9961 0002844 142.7155 217.3894 14.47264898479677
0 ORBCOMM FM 7
1 25119U 97084H   26066.68212476  .00002435  00000-0  69844-3 0  9990
2 25119  45.0118 181.9962 0002844 142.7155 217.3894 14.47264898479678
0 ORBCOMM FM 7
1 25119U 97084H   26067.44143440  .00002387  00000-0  68550-3 0  9998
2 25119  45.0117 178.3423 0002866 149.0285 211.0737 14.47268863479782
0 ORBCOMM FM 7
1 25119U 97084H   26067.57949058  .00002387  00000-0  68562-3 0  9994
2 25119  45.0117 177.6781 0002880 149.7795 210.3224 14.47269572479804
0 ORBCOMM FM 7
1 25119U 97084H   26068.33879855  .00002003  00000-0  58165-3 0  9999
2 25119  45.0118 174.0246 0002922 154.5635 205.5361 14.47272218479917
0 ORBCOMM FM 7
1 25119U 97084H   26068.33879855  .00002003  00000-0  58165-3 0  9999
2 25119  45.0118 174.0246 0002922 154.5635 205.5361 14.47272218479917
0 ORBCOMM FM 7
1 25119U 97084H   26068.61490986  .00002022  00000-0  58661-3 0  9996
2 25119  45.0118 172.6961 0002955 156.1809 203.9180 14.47273735479952
0 ORBCOMM FM 7
1 25119U 97084H   26068.61490987  .00002022  00000-0  58661-3 0  9997
2 25119  45.0118 172.6961 0002955 156.1809 203.9180 14.47273735479952
0 ORBCOMM FM 7
1 25119U 97084H   26069.23615933  .00002011  00000-0  58377-3 0  9998
2 25119  45.0118 169.7067 0002981 160.3694 199.7273 14.47276942480044
0 ORBCOMM FM 7
1 25119U 97084H   26069.44324220  .00001967  00000-0  57183-3 0  9990
2 25119  45.0118 168.7102 0003002 161.5179 198.5782 14.47277923480074
0 ORBCOMM FM 7
1 25119U 97084H   26069.65032514  .00001873  00000-0  54634-3 0  9999
2 25119  45.0117 167.7138 0003021 162.4568 197.6389 14.47278606480100
0 ORBCOMM FM 7
1 25119U 97084H   26069.65032515  .00001873  00000-0  54634-3 0  9990
2 25119  45.0117 167.7138 0003021 162.4568 197.6389 14.47278607480101
0 ORBCOMM FM 7
1 25119U 97084H   26070.27157284  .00001766  00000-0  51725-3 0  9990
2 25119  45.0117 164.7241 0003102 166.1552 193.9386 14.47281178480199
0 ORBCOMM FM 7
1 25119U 97084H   26070.54768252  .00001798  00000-0  52596-3 0  9995
2 25119  45.0118 163.3962 0003044 166.9801 193.1130 14.47282744480239
0 ORBCOMM FM 7
1 25119U 97084H   26070.61670993  .00001776  00000-0  52004-3 0  9997
2 25119  45.0117 163.0640 0003047 167.4262 192.6667 14.47283007480241
0 ORBCOMM FM 7
1 25119U 97084H   26070.61670993  .00001776  00000-0  52004-3 0  9997
2 25119  45.0117 163.0640 0003047 167.4262 192.6667 14.47283007480241
0 ORBCOMM FM 7
1 25119U 97084H   26071.72114701  .00001711  00000-0  50245-3 0  9994
2 25119  45.0116 157.7495 0003123 173.3692 186.7202 14.47287337480403
0 ORBCOMM FM 7
1 25119U 97084H   26071.72114702  .00001711  00000-0  50245-3 0  9995
2 25119  45.0116 157.7495 0003123 173.3692 186.7202 14.47287337480403
0 ORBCOMM FM 7
1 25119U 97084H   26072.34239137  .00001541  00000-0  45636-3 0  9993
2 25119  45.0117 154.7600 0003175 177.1819 182.9051 14.47289208480497
0 ORBCOMM FM 7
1 25119U 97084H   26072.89460765  .00001521  00000-0  45087-3 0  9994
2 25119  45.0118 152.1031 0003211 180.1888 179.8963 14.47291305480576
0 ORBCOMM FM 7
1 25119U 97084H   26073.93001110  .00001615  00000-0  47647-3 0  9993
2 25119  45.0118 147.1207 0003301 185.6767 174.4048 14.47295460480729
0 ORBCOMM FM 7
1 25119U 97084H   26074.55125212  .00001269  00000-0  38265-3 0  9993
2 25119  45.0117 144.1313 0003344 189.1717 170.9075 14.47296598480818
0 ORBCOMM FM 7
1 25119U 97084H   26074.89638574  .00001192  00000-0  36188-3 0  9997
2 25119  45.0118 142.4706 0003371 190.9191 169.1588 14.47297554480869
0 ORBCOMM FM 7
1 25119U 97084H   26075.86275929  .00001197  00000-0  36322-3 0  9991
2 25119  45.0123 137.8200 0003415 195.4031 164.6717 14.47299593481000
0 ORBCOMM FM 7
1 25119U 97084H   26075.86275930  .00001197  00000-0  36322-3 0  9993
2 25119  45.0123 137.8200 0003415 195.4031 164.6717 14.47299593481000
0 ORBCOMM FM 7
1 25119U 97084H   26076.55302532  .00001164  00000-0  35428-3 0  9999
2 25119  45.0122 134.4984 0003461 198.7131 161.3594 14.47301385481100
0 ORBCOMM FM 7
1 25119U 97084H   26076.82913129  .00001115  00000-0  34116-3 0  9998
2 25119  45.0123 133.1697 0003480 200.2400 159.8315 14.47301958481140
0 ORBCOMM FM 7
1 25119U 97084H   26076.82913129  .00001115  00000-0  34116-3 0  9998
2 25119  45.0123 133.1697 0003480 200.2400 159.8315 14.47301958481140
0 ORBCOMM FM 7
1 25119U 97084H   26077.51939598  .00001138  00000-0  34735-3 0  9995
2 25119  45.0123 129.8480 0003532 203.4364 156.6328 14.47303967481246
0 ORBCOMM FM 7
1 25119U 97084H   26077.51939599  .00001138  00000-0  34735-3 0  9996
2 25119  45.0123 129.8480 0003532 203.4364 156.6328 14.47303967481246
0 ORBCOMM FM 7
1 25119U 97084H   26077.86452792  .00001087  00000-0  33357-3 0  9991
2 25119  45.0123 128.1871 0003559 205.1171 154.9509 14.47304664481298
0 ORBCOMM FM 7
1 25119U 97084H   26077.86452792  .00001087  00000-0  33357-3 0  9991
2 25119  45.0123 128.1871 0003559 205.1171 154.9509 14.47304664481298
0 ORBCOMM FM 7
1 25119U 97084H   26078.48576539  .00001018  00000-0  31485-3 0  9990
2 25119  45.0123 125.1976 0003598 208.1013 151.9645 14.47305810481384
0 ORBCOMM FM 7
1 25119U 97084H   26079.10700196  .00001064  00000-0  32715-3 0  9996
2 25119  45.0123 122.2080 0003640 211.1654 148.8982 14.47307582481478
0 ORBCOMM FM 7
1 25119U 97084H   26079.10700196  .00001064  00000-0  32715-3 0  9996
2 25119  45.0123 122.2080 0003640 211.1654 148.8982 14.47307582481478
0 ORBCOMM FM 7
1 25119U 97084H   26079.45213353  .00001051  00000-0  32373-3 0  9994
2 25119  45.0123 120.5472 0003661 212.7731 147.2894 14.47308217481527
0 ORBCOMM FM 7
1 25119U 97084H   26079.45213353  .00001051  00000-0  32373-3 0  9994
2 25119  45.0123 120.5472 0003661 212.7731 147.2894 14.47308217481527
0 ORBCOMM FM 7
1 25119U 97084H   26079.79726426  .00001062  00000-0  32682-3 0  9996
2 25119  45.0123 118.8864 0003678 214.4392 145.6222 14.47309192481577
0 ORBCOMM FM 7
1 25119U 97084H   26079.79726426  .00001062  00000-0  32682-3 0  9996
2 25119  45.0123 118.8864 0003678 214.4392 145.6222 14.47309192481577
0 ORBCOMM FM 7
1 25119U 97084H   26080.41849867  .00001234  00000-0  37312-3 0  9998
2 25119  45.0123 115.8969 0003720 217.2318 142.8277 14.47311811481667
0 ORBCOMM FM 7
1 25119U 97084H   26081.79901752  .00001274  00000-0  38400-3 0  9995
2 25119  45.0123 109.2534 0003799 223.3145 136.7409 14.47315816481864
0 ORBCOMM FM 7
1 25119U 97084H   26082.14414633  .00001384  00000-0  41360-3 0  9993
2 25119  45.0124 107.5925 0003817 224.8738 135.1806 14.47317482481916
0 ORBCOMM FM 7
1 25119U 97084H   26082.42024953  .00001342  00000-0  40220-3 0  9994
2 25119  45.0123 106.2638 0003826 226.1565 133.8972 14.47318024481951
0 ORBCOMM FM 7
1 25119U 97084H   26082.76537818  .00001265  00000-0  38147-3 0  9999
2 25119  45.0124 104.6030 0003840 227.8705 132.1821 14.47318653482000
0 ORBCOMM FM 7
1 25119U 97084H   26083.31758309  .00001319  00000-0  39596-3 0  9990
2 25119  45.0124 101.9455 0003873 230.1360 129.9151 14.47320716482082
0 ORBCOMM FM 7
1 25119U 97084H   26083.45563432  .00001311  00000-0  39390-3 0  9990
2 25119  45.0125 101.2813 0003877 230.7324 129.3184 14.47321106482101
0 ORBCOMM FM 7
1 25119U 97084H   26083.45563432  .00001311  00000-0  39390-3 0  9990
2 25119  45.0125 101.2813 0003877 230.7324 129.3184 14.47321106482101
0 ORBCOMM FM 7
1 25119U 97084H   26084.49101623  .00001315  00000-0  39503-3 0  9995
2 25119  45.0125  96.2985 0003912 235.3895 124.6589 14.47324657482255
0 ORBCOMM FM 7
1 25119U 97084H   26085.31932050  .00001309  00000-0  39330-3 0  9994
2 25119  45.0127  92.3123 0003942 238.9939 121.0526 14.47327357482374
0 ORBCOMM FM 7
1 25119U 97084H   26085.38834578  .00001302  00000-0  39151-3 0  9991
2 25119  45.0127  91.9801 0003942 239.2736 120.7728 14.47327562482380
0 ORBCOMM FM 7
1 25119U 97084H   26085.38834578  .00001302  00000-0  39151-3 0  9991
2 25119  45.0127  91.9801 0003942 239.2736 120.7728 14.47327562482380
0 ORBCOMM FM 7
1 25119U 97084H   26086.00957251  .00001348  00000-0  40392-3 0  9994
2 25119  45.0128  88.9904 0003967 241.9553 118.0898 14.47329965482472
0 ORBCOMM FM 7
1 25119U 97084H   26086.28567321  .00001308  00000-0  39293-3 0  9993
2 25119  45.0128  87.6616 0003980 242.9078 117.1369 14.47330645482511
0 ORBCOMM FM 7
1 25119U 97084H   26086.69982355  .00001263  00000-0  38093-3 0  9993
2 25119  45.0129  85.6686 0003975 244.8794 115.1645 14.47331885482575
0 ORBCOMM FM 7
1 25119U 97084H   26086.69982356  .00001263  00000-0  38093-3 0  9994
2 25119  45.0129  85.6686 0003975 244.8795 115.1645 14.47331885482576
0 ORBCOMM FM 7
1 25119U 97084H   26087.04494874  .00001342  00000-0  40224-3 0  9994
2 25119  45.0129  84.0076 0003988 246.2904 113.7529 14.47333412482623
0 ORBCOMM FM 7
1 25119U 97084H   26087.25202327  .00001476  00000-0  43840-3 0  9992
2 25119  45.0129  83.0111 0003994 247.0425 113.0006 14.47334933482651
0 ORBCOMM FM 7
1 25119U 97084H   26087.39007321  .00001476  00000-0  43843-3 0  9997
2 25119  45.0129  82.3468 0003993 247.6193 112.4236 14.47335381482673
0 ORBCOMM FM 7
1 25119U 97084H   26087.39007321  .00001476  00000-0  43843-3 0  9997
2 25119  45.0129  82.3468 0003993 247.6193 112.4236 14.47335381482673
0 ORBCOMM FM 7
1 25119U 97084H   26087.66617249  .00001478  00000-0  43904-3 0  9993
2 25119  45.0131  81.0182 0003991 248.9771 111.0654 14.47336448482718
0 ORBCOMM FM 7
1 25119U 97084H   26087.66617249  .00001478  00000-0  43904-3 0  9993
2 25119  45.0131  81.0182 0003991 248.9771 111.0654 14.47336448482718
0 ORBCOMM FM 7
1 25119U 97084H   26088.01129661  .00001563  00000-0  46183-3 0  9996
2 25119  45.0132  79.3571 0004002 250.4758 109.5662 14.47338080482768
0 ORBCOMM FM 7
1 25119U 97084H   26088.28739508  .00001814  00000-0  52956-3 0  9996
2 25119  45.0132  78.0284 0004003 251.5976 108.4441 14.47340581482807
0 ORBCOMM FM 7
1 25119U 97084H   26089.32276456  .00001855  00000-0  54057-3 0  9999
2 25119  45.0134  73.0459 0004016 255.5779 104.4627 14.47344619482951
0 ORBCOMM FM 7
1 25119U 97084H   26089.32276456  .00001855  00000-0  54057-3 0  9999
2 25119  45.0134  73.0459 0004016 255.5779 104.4627 14.47344619482951
0 ORBCOMM FM 7
1 25119U 97084H   26089.66788616  .00001940  00000-0  56369-3 0  9995
2 25119  45.0136  71.3850 0004024 257.0369 103.0034 14.47346680483004
0 ORBCOMM FM 3
1 25158U 98007B   26060.17172829  .00000921  00000-0  36352-3 0  9990
2 25158 107.9644 303.7900 0043425 160.9716 199.3058 14.35279646460905
0 ORBCOMM FM 3
1 25158U 98007B   26060.31112161  .00000993  00000-0  38840-3 0  9992
2 25158 107.9644 304.0766 0043417 160.7238 199.5556 14.35280301460924
0 ORBCOMM FM 3
1 25158U 98007B   26060.52021152  .00000993  00000-0  38827-3 0  9999
2 25158 107.9644 304.5066 0043405 160.3470 199.9354 14.35280737460959
0 ORBCOMM FM 3
1 25158U 98007B   26060.58990810  .00000968  00000-0  37958-3 0  9997
2 25158 107.9644 304.6499 0043400 160.2264 200.0570 14.35280764460960
0 ORBCOMM FM 3
1 25158U 98007B   26060.93839116  .00000937  00000-0  36919-3 0  9999
2 25158 107.9644 305.3666 0043382 159.5960 200.6924 14.35281324461016
0 ORBCOMM FM 3
1 25158U 98007B   26061.14748088  .00000934  00000-0  36813-3 0  9990
2 25158 107.9644 305.7966 0043369 159.2191 201.0724 14.35281757461047
0 ORBCOMM FM 3
1 25158U 98007B   26061.49596364  .00001023  00000-0  39867-3 0  9998
2 25158 107.9643 306.5133 0043349 158.6038 201.6926 14.35282920461090
0 ORBCOMM FM 3
1 25158U 98007B   26061.63535674  .00000995  00000-0  38905-3 0  9990
2 25158 107.9643 306.7999 0043343 158.3502 201.9482 14.35283056461113
0 ORBCOMM FM 3
1 25158U 98007B   26061.63535674  .00000995  00000-0  38905-3 0  9990
2 25158 107.9643 306.7999 0043343 158.3502 201.9482 14.35283056461113
0 ORBCOMM FM 3
1 25158U 98007B   26062.12323209  .00000964  00000-0  37827-3 0  9992
2 25158 107.9641 307.8032 0043314 157.4823 202.8229 14.35283960461185
0 ORBCOMM FM 3
1 25158U 98007B   26062.47171435  .00001062  00000-0  41211-3 0  9994
2 25158 107.9640 308.5199 0043295 156.8611 203.4490 14.35285171461231
0 ORBCOMM FM 3
1 25158U 98007B   26062.61110689  .00001097  00000-0  42400-3 0  9993
2 25158 107.9640 308.8065 0043288 156.6167 203.6954 14.35285750461254
0 ORBCOMM FM 3
1 25158U 98007B   26062.61110689  .00001097  00000-0  42400-3 0  9993
2 25158 107.9640 308.8065 0043288 156.6167 203.6954 14.35285750461254
0 ORBCOMM FM 3
1 25158U 98007B   26063.09898107  .00001196  00000-0  45826-3 0  9999
2 25158 107.9639 309.8098 0043269 155.7369 204.5821 14.35287483461328
0 ORBCOMM FM 3
1 25158U 98007B   26063.44746220  .00001269  00000-0  48349-3 0  9990
2 25158 107.9638 310.5265 0043246 155.1107 205.2131 14.35288770461378
0 ORBCOMM FM 3
1 25158U 98007B   26063.51715865  .00001193  00000-0  45717-3 0  9991
2 25158 107.9638 310.6698 0043243 154.9868 205.3379 14.35288480461381
0 ORBCOMM FM 3
1 25158U 98007B   26063.51715865  .00001193  00000-0  45717-3 0  9991
2 25158 107.9638 310.6698 0043243 154.9869 205.3379 14.35288480461382
0 ORBCOMM FM 3
1 25158U 98007B   26064.21412059  .00001248  00000-0  47604-3 0  9996
2 25158 107.9637 312.1031 0043207 153.7293 206.6051 14.35290510461486
0 ORBCOMM FM 3
1 25158U 98007B   26064.63229715  .00001282  00000-0  48787-3 0  9998
2 25158 107.9636 312.9630 0043187 152.9780 207.3621 14.35291791461547
0 ORBCOMM FM 3
1 25158U 98007B   26064.63229716  .00001282  00000-0  48787-3 0  9999
2 25158 107.9636 312.9630 0043187 152.9780 207.3621 14.35291791461547
0 ORBCOMM FM 3
1 25158U 98007B   26065.25956157  .00001282  00000-0  48794-3 0  9992
2 25158 107.9635 314.2530 0043158 151.8522 208.4963 14.35293415461636
0 ORBCOMM FM 3
1 25158U 98007B   26065.60804144  .00001286  00000-0  48922-3 0  9996
2 25158 107.9634 314.9695 0043138 151.2062 209.1472 14.35294371461685
0 ORBCOMM FM 3
1 25158U 98007B   26066.16560865  .00001149  00000-0  44215-3 0  9996
2 25158 107.9633 316.1160 0043109 150.2126 210.1481 14.35295189461762
0 ORBCOMM FM 3
1 25158U 98007B   26066.30499993  .00001410  00000-0  53181-3 0  9998
2 25158 107.9633 316.4027 0043097 149.9761 210.3863 14.35297052461782
0 ORBCOMM FM 3
1 25158U 98007B   26066.51408736  .00001418  00000-0  53448-3 0  9990
2 25158 107.9632 316.8327 0043083 149.5874 210.7777 14.35297694461818
0 ORBCOMM FM 3
1 25158U 98007B   26066.58378328  .00001385  00000-0  52337-3 0  9999
2 25158 107.9632 316.9760 0043079 149.4491 210.9171 14.35297697461823
0 ORBCOMM FM 3
1 25158U 98007B   26066.93226192  .00001393  00000-0  52589-3 0  9997
2 25158 107.9631 317.6927 0043077 148.8392 211.5315 14.35298788461870
0 ORBCOMM FM 3
1 25158U 98007B   26066.93226193  .00001393  00000-0  52589-3 0  9998
2 25158 107.9631 317.6927 0043077 148.8392 211.5315 14.35298788461870
0 ORBCOMM FM 3
1 25158U 98007B   26067.14134885  .00001429  00000-0  53848-3 0  9997
2 25158 107.9631 318.1229 0043064 148.4441 211.9294 14.35299676461909
0 ORBCOMM FM 3
1 25158U 98007B   26067.48982732  .00001434  00000-0  54013-3 0  9997
2 25158 107.9630 318.8394 0043080 147.7572 212.6214 14.35300711461951
0 ORBCOMM FM 3
1 25158U 98007B   26067.62921872  .00001413  00000-0  53279-3 0  9991
2 25158 107.9630 319.1261 0043085 147.4981 212.8825 14.35300981461975
0 ORBCOMM FM 3
1 25158U 98007B   26068.53526153  .00001257  00000-0  47925-3 0  9992
2 25158 107.9629 320.9895 0043033 145.8365 214.5557 14.35302703462108
0 ORBCOMM FM 3
1 25158U 98007B   26068.60495698  .00001260  00000-0  48033-3 0  9994
2 25158 107.9629 321.1328 0043027 145.7145 214.6785 14.35302941462119
0 ORBCOMM FM 3
1 25158U 98007B   26068.60495698  .00001260  00000-0  48033-3 0  9994
2 25158 107.9629 321.1328 0043027 145.7145 214.6785 14.35302941462119
0 ORBCOMM FM 3
1 25158U 98007B   26069.16252036  .00001230  00000-0  46985-3 0  9994
2 25158 107.9629 322.2793 0043007 144.7015 215.6985 14.35304511462196
0 ORBCOMM FM 3
1 25158U 98007B   26069.30191125  .00001219  00000-0  46598-3 0  9998
2 25158 107.9629 322.5660 0042993 144.4481 215.9536 14.35304817462216
0 ORBCOMM FM 3
1 25158U 98007B   26069.51099767  .00001193  00000-0  45720-3 0  9997
2 25158 107.9628 322.9960 0042979 144.0781 216.3261 14.35305188462240
0 ORBCOMM FM 3
1 25158U 98007B   26069.65038875  .00001173  00000-0  45009-3 0  9993
2 25158 107.9628 323.2827 0042995 143.7650 216.6415 14.35305406462264
0 ORBCOMM FM 3
1 25158U 98007B   26069.65038875  .00001173  00000-0  45009-3 0  9993
2 25158 107.9628 323.2827 0042995 143.7650 216.6415 14.35305406462264
0 ORBCOMM FM 3
1 25158U 98007B   26070.13825598  .00001120  00000-0  43185-3 0  9999
2 25158 107.9628 324.2859 0042976 142.8670 217.5456 14.35306551462336
0 ORBCOMM FM 3
1 25158U 98007B   26070.27764670  .00001097  00000-0  42403-3 0  9992
2 25158 107.9628 324.5726 0042966 142.6083 217.8060 14.35306770462356
0 ORBCOMM FM 3
1 25158U 98007B   26070.48673259  .00001101  00000-0  42537-3 0  9991
2 25158 107.9628 325.0026 0042958 142.2270 218.1899 14.35307331462381
0 ORBCOMM FM 3
1 25158U 98007B   26070.62612308  .00001099  00000-0  42481-3 0  9999
2 25158 107.9627 325.2892 0042952 141.9768 218.4417 14.35307710462408
0 ORBCOMM FM 3
1 25158U 98007B   26070.62612309  .00001099  00000-0  42481-3 0  9990
2 25158 107.9627 325.2892 0042952 141.9768 218.4417 14.35307710462408
0 ORBCOMM FM 3
1 25158U 98007B   26071.18368497  .00001121  00000-0  43218-3 0  9993
2 25158 107.9627 326.4358 0042929 140.9647 219.4604 14.35309285462483
0 ORBCOMM FM 3
1 25158U 98007B   26071.25338017  .00001117  00000-0  43076-3 0  9993
2 25158 107.9627 326.5791 0042926 140.8379 219.5880 14.35309433462496
0 ORBCOMM FM 3
1 25158U 98007B   26071.53216092  .00001115  00000-0  43002-3 0  9999
2 25158 107.9626 327.1524 0042908 140.3193 220.1099 14.35310113462537
0 ORBCOMM FM 3
1 25158U 98007B   26071.60185595  .00001106  00000-0  42705-3 0  9999
2 25158 107.9626 327.2958 0042892 140.2154 220.2144 14.35310296462542
0 ORBCOMM FM 3
1 25158U 98007B   26071.60185595  .00001106  00000-0  42705-3 0  9999
2 25158 107.9626 327.2958 0042892 140.2154 220.2144 14.35310296462542
0 ORBCOMM FM 3
1 25158U 98007B   26072.64728204  .00001082  00000-0  41886-3 0  9996
2 25158 107.9626 329.4455 0042863 138.3007 222.1413 14.35312847462691
0 ORBCOMM FM 3
1 25158U 98007B   26072.99575687  .00001017  00000-0  39651-3 0  9994
2 25158 107.9626 330.1621 0042849 137.6948 222.7510 14.35313393462742
0 ORBCOMM FM 3
1 25158U 98007B   26073.27453662  .00001036  00000-0  40288-3 0  9993
2 25158 107.9626 330.7354 0042845 137.1714 223.2776 14.35314206462781
0 ORBCOMM FM 3
1 25158U 98007B   26073.62301072  .00001115  00000-0  43017-3 0  9990
2 25158 107.9626 331.4520 0042837 136.5236 223.9294 14.35315626462832
0 ORBCOMM FM 3
1 25158U 98007B   26073.69270555  .00001115  00000-0  43003-3 0  9993
2 25158 107.9625 331.5953 0042838 136.3999 224.0539 14.35315815462842
0 ORBCOMM FM 3
1 25158U 98007B   26074.25026454  .00000975  00000-0  38197-3 0  9994
2 25158 107.9625 332.7418 0042817 135.3777 225.0822 14.35316376462929
0 ORBCOMM FM 3
1 25158U 98007B   26074.66843359  .00000881  00000-0  34944-3 0  9992
2 25158 107.9625 333.6018 0042817 134.6166 225.8479 14.35316777462986
0 ORBCOMM FM 3
1 25158U 98007B   26074.94721267  .00000870  00000-0  34560-3 0  9998
2 25158 107.9625 334.1751 0042824 134.1037 226.3639 14.35317360463025
0 ORBCOMM FM 3
1 25158U 98007B   26075.64416016  .00000867  00000-0  34469-3 0  9993
2 25158 107.9625 335.6084 0042778 132.8106 227.6643 14.35318843463127
0 ORBCOMM FM 3
1 25158U 98007B   26075.99263359  .00000838  00000-0  33485-3 0  9996
2 25158 107.9625 336.3249 0042773 132.1698 228.3087 14.35319448463179
0 ORBCOMM FM 3
1 25158U 98007B   26076.20171775  .00000848  00000-0  33814-3 0  9998
2 25158 107.9625 336.7549 0042763 131.7874 228.6932 14.35319898463201
0 ORBCOMM FM 3
1 25158U 98007B   26076.48049640  .00000831  00000-0  33220-3 0  9996
2 25158 107.9624 337.3282 0042743 131.2942 229.1891 14.35320326463242
0 ORBCOMM FM 3
1 25158U 98007B   26076.96835864  .00000798  00000-0  32108-3 0  9996
2 25158 107.9624 338.3314 0042735 130.3987 230.0895 14.35321157463315
0 ORBCOMM FM 3
1 25158U 98007B   26077.45622069  .00000851  00000-0  33932-3 0  9998
2 25158 107.9623 339.3346 0042732 129.4911 231.0020 14.35322363463381
0 ORBCOMM FM 3
1 25158U 98007B   26077.45622069  .00000851  00000-0  33932-3 0  9998
2 25158 107.9623 339.3346 0042732 129.4911 231.0020 14.35322363463381
0 ORBCOMM FM 3
1 25158U 98007B   26077.66530435  .00000814  00000-0  32651-3 0  9992
2 25158 107.9623 339.7645 0042729 129.1108 231.3843 14.35322559463415
0 ORBCOMM FM 3
1 25158U 98007B   26077.66530435  .00000814  00000-0  32651-3 0  9992
2 25158 107.9623 339.7646 0042729 129.1108 231.3843 14.35322559463416
0 ORBCOMM FM 3
1 25158U 98007B   26078.29255530  .00000780  00000-0  31484-3 0  9997
2 25158 107.9623 341.0544 0042720 127.9527 232.5485 14.35323425463509
0 ORBCOMM FM 3
1 25158U 98007B   26078.71072205  .00000724  00000-0  29530-3 0  9997
2 25158 107.9622 341.9143 0042703 127.1887 233.3162 14.35323879463564
0 ORBCOMM FM 3
1 25158U 98007B   26078.71072205  .00000724  00000-0  29530-3 0  9997
2 25158 107.9622 341.9143 0042703 127.1887 233.3162 14.35323879463564
0 ORBCOMM FM 3
1 25158U 98007B   26079.19858350  .00000719  00000-0  29389-3 0  9999
2 25158 107.9622 342.9176 0042692 126.2974 234.2120 14.35324573463639
0 ORBCOMM FM 3
1 25158U 98007B   26079.26827795  .00000715  00000-0  29236-3 0  9993
2 25158 107.9622 343.0609 0042693 126.1672 234.3429 14.35324655463642
0 ORBCOMM FM 3
1 25158U 98007B   26079.47736090  .00000779  00000-0  31444-3 0  9997
2 25158 107.9621 343.4908 0042692 125.7791 234.7329 14.35325406463674
0 ORBCOMM FM 3
1 25158U 98007B   26079.47736091  .00000779  00000-0  31444-3 0  9998
2 25158 107.9621 343.4908 0042692 125.7791 234.7329 14.35325406463674
0 ORBCOMM FM 3
1 25158U 98007B   26079.96522159  .00000733  00000-0  29847-3 0  9994
2 25158 107.9621 344.4940 0042683 124.8902 235.6261 14.35325946463747
0 ORBCOMM FM 3
1 25158U 98007B   26080.59246949  .00000907  00000-0  35850-3 0  9999
2 25158 107.9620 345.7839 0042663 123.7495 236.7721 14.35328194463831
0 ORBCOMM FM 3
1 25158U 98007B   26081.21971694  .00000973  00000-0  38122-3 0  9999
2 25158 107.9619 347.0737 0042646 122.6112 237.9155 14.35329870463922
0 ORBCOMM FM 3
1 25158U 98007B   26081.70757545  .00001013  00000-0  39502-3 0  9999
2 25158 107.9618 348.0769 0042639 121.7133 238.8174 14.35331191463999
0 ORBCOMM FM 3
1 25158U 98007B   26082.47420938  .00001095  00000-0  42314-3 0  9992
2 25158 107.9617 349.6534 0042625 120.3044 240.2323 14.35333436464107
0 ORBCOMM FM 3
1 25158U 98007B   26082.96206705  .00001054  00000-0  40911-3 0  9996
2 25158 107.9617 350.6566 0042629 119.4081 241.1324 14.35334358464170
0 ORBCOMM FM 3
1 25158U 98007B   26083.44992443  .00001042  00000-0  40500-3 0  9992
2 25158 107.9617 351.6598 0042612 118.5151 242.0289 14.35335389464249
0 ORBCOMM FM 3
1 25158U 98007B   26083.44992444  .00001042  00000-0  40500-3 0  9993
2 25158 107.9617 351.6598 0042612 118.5151 242.0289 14.35335389464249
0 ORBCOMM FM 3
1 25158U 98007B   26084.49533125  .00001002  00000-0  39104-3 0  9990
2 25158 107.9617 353.8096 0042623 116.5774 243.9743 14.35337798464394
0 ORBCOMM FM 3
1 25158U 98007B   26084.70441243  .00000986  00000-0  38543-3 0  9999
2 25158 107.9617 354.2395 0042626 116.1956 244.3576 14.35338231464428
0 ORBCOMM FM 3
1 25158U 98007B   26084.70441244  .00000986  00000-0  38543-3 0  9990
2 25158 107.9617 354.2395 0042626 116.1956 244.3576 14.35338231464428
0 ORBCOMM FM 3
1 25158U 98007B   26085.19226832  .00000990  00000-0  38695-3 0  9991
2 25158 107.9616 355.2427 0042633 115.2989 245.2577 14.35339442464491
0 ORBCOMM FM 3
1 25158U 98007B   26085.26196199  .00000985  00000-0  38510-3 0  9991
2 25158 107.9616 355.3860 0042632 115.1713 245.3858 14.35339572464505
0 ORBCOMM FM 3
1 25158U 98007B   26085.47104284  .00000945  00000-0  37144-3 0  9996
2 25158 107.9617 355.8160 0042632 114.7789 245.7796 14.35339870464531
0 ORBCOMM FM 3
1 25158U 98007B   26085.68012361  .00000938  00000-0  36917-3 0  9992
2 25158 107.9616 356.2459 0042627 114.4016 246.1581 14.35340361464567
0 ORBCOMM FM 3
1 25158U 98007B   26085.68012361  .00000938  00000-0  36917-3 0  9992
2 25158 107.9616 356.2459 0042627 114.4016 246.1581 14.35340361464567
0 ORBCOMM FM 3
1 25158U 98007B   26086.16797858  .00000965  00000-0  37823-3 0  9994
2 25158 107.9616 357.2491 0042625 113.5053 247.0574 14.35341695464634
0 ORBCOMM FM 3
1 25158U 98007B   26086.23767212  .00000963  00000-0  37748-3 0  9997
2 25158 107.9616 357.3924 0042625 113.3774 247.1858 14.35341847464640
0 ORBCOMM FM 3
1 25158U 98007B   26086.58613955  .00000915  00000-0  36113-3 0  9991
2 25158 107.9616 358.1090 0042611 112.7382 247.8269 14.35342432464695
0 ORBCOMM FM 3
1 25158U 98007B   26086.65583301  .00000912  00000-0  36023-3 0  9997
2 25158 107.9616 358.2523 0042607 112.6127 247.9528 14.35342590464704
0 ORBCOMM FM 3
1 25158U 98007B   26086.65583301  .00000912  00000-0  36023-3 0  9997
2 25158 107.9616 358.2523 0042607 112.6127 247.9529 14.35342590464705
0 ORBCOMM FM 3
1 25158U 98007B   26087.21338041  .00001053  00000-0  40846-3 0  9994
2 25158 107.9616 359.3988 0042612 111.5916 248.9773 14.35344688464782
0 ORBCOMM FM 3
1 25158U 98007B   26087.49215401  .00001010  00000-0  39386-3 0  9998
2 25158 107.9615 359.9720 0042614 111.0724 249.4980 14.35345075464827
0 ORBCOMM FM 3
1 25158U 98007B   26087.56184737  .00001010  00000-0  39387-3 0  9994
2 25158 107.9616   0.1153 0042612 110.9457 249.6251 14.35345239464838
0 ORBCOMM FM 3
1 25158U 98007B   26087.70123409  .00001008  00000-0  39318-3 0  9990
2 25158 107.9615   0.4019 0042613 110.6899 249.8817 14.35345548464854
0 ORBCOMM FM 3
1 25158U 98007B   26087.70123410  .00001008  00000-0  39318-3 0  9992
2 25158 107.9616   0.4019 0042613 110.6899 249.8817 14.35345548464855
0 ORBCOMM FM 3
1 25158U 98007B   26088.18908701  .00001215  00000-0  46439-3 0  9991
2 25158 107.9615   1.4051 0042616 109.7993 250.7749 14.35347862464922
0 ORBCOMM FM 3
1 25158U 98007B   26089.02540580  .00001200  00000-0  45920-3 0  9990
2 25158 107.9616   3.1249 0042618 108.2629 252.3155 14.35349708465047
0 ORBCOMM FM 3
1 25158U 98007B   26089.23448543  .00001204  00000-0  46043-3 0  9990
2 25158 107.9616   3.5549 0042619 107.8781 252.7014 14.35350186465072
0 ORBCOMM FM 3
1 25158U 98007B   26089.51325777  .00001223  00000-0  46713-3 0  9999
2 25158 107.9617   4.1282 0042609 107.3706 253.2101 14.35350977465111
0 ORBCOMM FM 3
1 25158U 98007B   26089.51325778  .00001223  00000-0  46713-3 0  9990
2 25158 107.9617   4.1282 0042609 107.3706 253.2101 14.35350978465112
0 ORBCOMM FM 4
1 25159U 98007C   26060.11249753  .00000890  00000-0  35185-3 0  9994
2 25159 107.9630 307.0614 0039190 158.4178 201.8624 14.35508126461084
0 ORBCOMM FM 4
1 25159U 98007C   26060.25186867  .00000959  00000-0  37566-3 0  9996
2 25159 107.9630 307.3481 0039182 158.1656 202.1164 14.35508751461108
0 ORBCOMM FM 4
1 25159U 98007C   26060.46092527  .00000961  00000-0  37620-3 0  9992
2 25159 107.9630 307.7782 0039172 157.7847 202.5001 14.35509171461136
0 ORBCOMM FM 4
1 25159U 98007C   26060.60029620  .00000942  00000-0  36967-3 0  9994
2 25159 107.9630 308.0649 0039162 157.5463 202.7402 14.35509383461157
0 ORBCOMM FM 4
1 25159U 98007C   26060.94872379  .00000906  00000-0  35751-3 0  9998
2 25159 107.9629 308.7816 0039146 156.9003 203.3907 14.35509873461200
0 ORBCOMM FM 4
1 25159U 98007C   26061.15778014  .00000911  00000-0  35931-3 0  9999
2 25159 107.9629 309.2117 0039134 156.5139 203.7798 14.35510357461237
0 ORBCOMM FM 4
1 25159U 98007C   26061.50620721  .00001024  00000-0  39783-3 0  9994
2 25159 107.9628 309.9285 0039118 155.8726 204.4257 14.35511674461281
0 ORBCOMM FM 4
1 25159U 98007C   26061.57589265  .00000997  00000-0  38870-3 0  9992
2 25159 107.9628 310.0718 0039114 155.7461 204.5531 14.35511668461296
0 ORBCOMM FM 4
1 25159U 98007C   26061.57589266  .00000997  00000-0  38870-3 0  9993
2 25159 107.9628 310.0718 0039114 155.7461 204.5531 14.35511668461296
0 ORBCOMM FM 4
1 25159U 98007C   26062.13337557  .00000975  00000-0  38102-3 0  9994
2 25159 107.9627 311.2186 0039087 154.7292 205.5770 14.35512765461371
0 ORBCOMM FM 4
1 25159U 98007C   26062.48180222  .00001074  00000-0  41530-3 0  9997
2 25159 107.9626 311.9353 0039068 154.1062 206.2044 14.35513989461428
0 ORBCOMM FM 4
1 25159U 98007C   26062.62117257  .00001103  00000-0  42503-3 0  9995
2 25159 107.9626 312.2220 0039062 153.8536 206.4587 14.35514518461446
0 ORBCOMM FM 4
1 25159U 98007C   26062.62117257  .00001103  00000-0  42503-3 0  9995
2 25159 107.9626 312.2220 0039062 153.8536 206.4587 14.35514518461446
0 ORBCOMM FM 4
1 25159U 98007C   26063.45739461  .00001256  00000-0  47776-3 0  9990
2 25159 107.9624 313.9422 0039022 152.3346 207.9881 14.35517387461568
0 ORBCOMM FM 4
1 25159U 98007C   26063.52707994  .00001183  00000-0  45244-3 0  9991
2 25159 107.9624 314.0856 0039018 152.2094 208.1142 14.35517109461571
0 ORBCOMM FM 4
1 25159U 98007C   26063.52707994  .00001183  00000-0  45244-3 0  9991
2 25159 107.9624 314.0856 0039018 152.2094 208.1142 14.35517109461571
0 ORBCOMM FM 4
1 25159U 98007C   26063.94519066  .00001098  00000-0  42324-3 0  9999
2 25159 107.9623 314.9456 0039000 151.4507 208.8779 14.35517654461631
0 ORBCOMM FM 4
1 25159U 98007C   26064.22393102  .00001202  00000-0  45903-3 0  9995
2 25159 107.9623 315.5190 0038987 150.9407 209.3914 14.35518859461678
0 ORBCOMM FM 4
1 25159U 98007C   26064.64204102  .00001234  00000-0  47006-3 0  9993
2 25159 107.9622 316.3790 0038972 150.1755 210.1617 14.35520090461731
0 ORBCOMM FM 4
1 25159U 98007C   26064.64204102  .00001234  00000-0  47006-3 0  9993
2 25159 107.9622 316.3791 0038972 150.1755 210.1617 14.35520090461732
0 ORBCOMM FM 4
1 25159U 98007C   26065.26920602  .00001188  00000-0  45430-3 0  9999
2 25159 107.9621 317.6692 0038941 149.0361 211.3086 14.35521279461824
0 ORBCOMM FM 4
1 25159U 98007C   26065.61763055  .00001180  00000-0  45152-3 0  9998
2 25159 107.9620 318.3859 0038928 148.3867 211.9622 14.35522101461876
0 ORBCOMM FM 4
1 25159U 98007C   26066.17510955  .00001017  00000-0  39569-3 0  9993
2 25159 107.9619 319.5327 0038906 147.3526 213.0030 14.35522594461955
0 ORBCOMM FM 4
1 25159U 98007C   26066.31447887  .00001243  00000-0  47302-3 0  9997
2 25159 107.9618 319.8193 0038906 147.0977 213.2596 14.35524205461977
0 ORBCOMM FM 4
1 25159U 98007C   26066.52353314  .00001243  00000-0  47314-3 0  9994
2 25159 107.9618 320.2494 0038889 146.7222 213.6374 14.35524749462002
0 ORBCOMM FM 4
1 25159U 98007C   26066.59321793  .00001218  00000-0  46454-3 0  9993
2 25159 107.9618 320.3928 0038884 146.5988 213.7616 14.35524786462019
0 ORBCOMM FM 4
1 25159U 98007C   26066.94164125  .00001236  00000-0  47088-3 0  9990
2 25159 107.9617 321.1095 0038877 145.9820 214.3824 14.35525873462063
0 ORBCOMM FM 4
1 25159U 98007C   26066.94164126  .00001236  00000-0  47088-3 0  9991
2 25159 107.9617 321.1095 0038877 145.9820 214.3824 14.35525873462063
0 ORBCOMM FM 4
1 25159U 98007C   26067.15069524  .00001240  00000-0  47198-3 0  9998
2 25159 107.9617 321.5396 0038866 145.5955 214.7712 14.35526469462099
0 ORBCOMM FM 4
1 25159U 98007C   26067.49911858  .00001218  00000-0  46465-3 0  9992
2 25159 107.9615 322.2563 0038847 144.9644 215.4063 14.35527208462143
0 ORBCOMM FM 4
1 25159U 98007C   26067.63848778  .00001216  00000-0  46370-3 0  9991
2 25159 107.9615 322.5429 0038843 144.7164 215.6558 14.35527576462169
0 ORBCOMM FM 4
1 25159U 98007C   26068.54438750  .00001070  00000-0  41373-3 0  9993
2 25159 107.9614 324.4064 0038797 143.0650 217.3172 14.35528995462295
0 ORBCOMM FM 4
1 25159U 98007C   26068.61407201  .00001067  00000-0  41250-3 0  9998
2 25159 107.9614 324.5497 0038795 142.9338 217.4493 14.35529153462301
0 ORBCOMM FM 4
1 25159U 98007C   26068.61407202  .00001067  00000-0  41250-3 0  9999
2 25159 107.9614 324.5498 0038795 142.9338 217.4493 14.35529153462302
0 ORBCOMM FM 4
1 25159U 98007C   26069.17154743  .00001055  00000-0  40858-3 0  9990
2 25159 107.9613 325.6965 0038775 141.9056 218.4837 14.35530630462389
0 ORBCOMM FM 4
1 25159U 98007C   26069.31091634  .00001046  00000-0  40547-3 0  9990
2 25159 107.9613 325.9831 0038768 141.6563 218.7344 14.35530892462405
0 ORBCOMM FM 4
1 25159U 98007C   26069.51996970  .00001041  00000-0  40359-3 0  9995
2 25159 107.9613 326.4132 0038759 141.2780 219.1149 14.35531326462436
0 ORBCOMM FM 4
1 25159U 98007C   26069.65933865  .00001029  00000-0  39959-3 0  9994
2 25159 107.9613 326.6998 0038761 140.9972 219.3974 14.35531574462455
0 ORBCOMM FM 4
1 25159U 98007C   26069.65933865  .00001029  00000-0  39959-3 0  9994
2 25159 107.9613 326.6998 0038761 140.9972 219.3974 14.35531574462455
0 ORBCOMM FM 4
1 25159U 98007C   26070.14712891  .00000984  00000-0  38400-3 0  9993
2 25159 107.9612 327.7032 0038745 140.1102 220.2896 14.35532610462528
0 ORBCOMM FM 4
1 25159U 98007C   26070.28649761  .00000974  00000-0  38074-3 0  9999
2 25159 107.9612 327.9899 0038738 139.8579 220.5434 14.35532864462540
0 ORBCOMM FM 4
1 25159U 98007C   26070.49555053  .00000986  00000-0  38481-3 0  9997
2 25159 107.9612 328.4199 0038730 139.4760 220.9275 14.35533405462571
0 ORBCOMM FM 4
1 25159U 98007C   26070.63491918  .00000976  00000-0  38125-3 0  9996
2 25159 107.9612 328.7066 0038729 139.2041 221.2009 14.35533672462592
0 ORBCOMM FM 4
1 25159U 98007C   26070.63491919  .00000976  00000-0  38125-3 0  9997
2 25159 107.9612 328.7066 0038729 139.2041 221.2009 14.35533672462592
0 ORBCOMM FM 4
1 25159U 98007C   26071.19239320  .00001004  00000-0  39082-3 0  9991
2 25159 107.9612 329.8533 0038707 138.1978 222.2129 14.35535133462673
0 ORBCOMM FM 4
1 25159U 98007C   26071.26207741  .00001001  00000-0  38991-3 0  9996
2 25159 107.9612 329.9966 0038708 138.0722 222.3393 14.35535275462683
0 ORBCOMM FM 4
1 25159U 98007C   26071.54081428  .00000993  00000-0  38723-3 0  9991
2 25159 107.9612 330.5700 0038699 137.5464 222.8680 14.35535852462723
0 ORBCOMM FM 4
1 25159U 98007C   26071.68018295  .00000964  00000-0  37709-3 0  9999
2 25159 107.9611 330.8565 0038725 137.2376 223.1788 14.35535959462746
0 ORBCOMM FM 4
1 25159U 98007C   26071.68018296  .00000964  00000-0  37709-3 0  9990
2 25159 107.9611 330.8565 0038725 137.2376 223.1788 14.35535959462746
0 ORBCOMM FM 4
1 25159U 98007C   26072.30733987  .00000929  00000-0  36507-3 0  9997
2 25159 107.9611 332.1468 0038668 136.1241 224.2981 14.35537264462836
0 ORBCOMM FM 4
1 25159U 98007C   26073.28291645  .00000902  00000-0  35591-3 0  9998
2 25159 107.9612 334.1534 0038654 134.3162 226.1158 14.35539309462974
0 ORBCOMM FM 4
1 25159U 98007C   26073.56165206  .00000954  00000-0  37385-3 0  9992
2 25159 107.9612 334.7269 0038639 133.8186 226.6160 14.35540272463013
0 ORBCOMM FM 4
1 25159U 98007C   26073.97975563  .00000912  00000-0  35946-3 0  9997
2 25159 107.9612 335.5869 0038623 133.0543 227.3841 14.35540984463070
0 ORBCOMM FM 4
1 25159U 98007C   26074.25849134  .00000835  00000-0  33286-3 0  9992
2 25159 107.9612 336.1604 0038631 132.5416 227.8997 14.35541156463110
0 ORBCOMM FM 4
1 25159U 98007C   26074.53722697  .00000769  00000-0  31037-3 0  9995
2 25159 107.9612 336.7337 0038625 132.0217 228.4222 14.35541352463156
0 ORBCOMM FM 4
1 25159U 98007C   26074.67659473  .00000762  00000-0  30772-3 0  9999
2 25159 107.9612 337.0203 0038624 131.7651 228.6801 14.35541598463178
0 ORBCOMM FM 4
1 25159U 98007C   26075.65216796  .00000787  00000-0  31622-3 0  9997
2 25159 107.9611 339.0270 0038595 129.9720 230.4819 14.35543751463315
0 ORBCOMM FM 4
1 25159U 98007C   26076.00058673  .00000767  00000-0  30966-3 0  9993
2 25159 107.9611 339.7437 0038587 129.3333 231.1237 14.35544343463367
0 ORBCOMM FM 4
1 25159U 98007C   26076.20963807  .00000782  00000-0  31459-3 0  9994
2 25159 107.9611 340.1737 0038580 128.9434 231.5154 14.35544794463391
0 ORBCOMM FM 4
1 25159U 98007C   26076.48837288  .00000786  00000-0  31607-3 0  9996
2 25159 107.9611 340.7471 0038586 128.4231 232.0383 14.35545346463437
0 ORBCOMM FM 4
1 25159U 98007C   26077.46394388  .00000827  00000-0  32995-3 0  9991
2 25159 107.9610 342.7539 0038560 126.6124 233.8573 14.35547439463576
0 ORBCOMM FM 4
1 25159U 98007C   26077.46394388  .00000827  00000-0  32995-3 0  9991
2 25159 107.9611 342.7539 0038560 126.6124 233.8573 14.35547439463577
0 ORBCOMM FM 4
1 25159U 98007C   26077.67299470  .00000798  00000-0  32005-3 0  9999
2 25159 107.9610 343.1839 0038560 126.2275 234.2439 14.35547674463608
0 ORBCOMM FM 4
1 25159U 98007C   26077.67299471  .00000798  00000-0  32005-3 0  9990
2 25159 107.9610 343.1839 0038560 126.2275 234.2439 14.35547674463608
0 ORBCOMM FM 4
1 25159U 98007C   26078.30014703  .00000786  00000-0  31607-3 0  9998
2 25159 107.9610 344.4739 0038556 125.0598 235.4168 14.35548688463698
0 ORBCOMM FM 4
1 25159U 98007C   26078.36983055  .00000789  00000-0  31713-3 0  9990
2 25159 107.9610 344.6172 0038554 124.9303 235.5469 14.35548825463701
0 ORBCOMM FM 4
1 25159U 98007C   26079.20603281  .00000751  00000-0  30393-3 0  9996
2 25159 107.9609 346.3372 0038540 123.3860 237.0977 14.35550022463822
0 ORBCOMM FM 4
1 25159U 98007C   26079.27571631  .00000751  00000-0  30388-3 0  9990
2 25159 107.9609 346.4806 0038538 123.2566 237.2276 14.35550125463833
0 ORBCOMM FM 4
1 25159U 98007C   26079.48476644  .00000812  00000-0  32482-3 0  9996
2 25159 107.9609 346.9106 0038536 122.8688 237.6170 14.35550861463866
0 ORBCOMM FM 4
1 25159U 98007C   26079.48476644  .00000812  00000-0  32482-3 0  9996
2 25159 107.9609 346.9106 0038536 122.8688 237.6170 14.35550861463866
0 ORBCOMM FM 4
1 25159U 98007C   26079.69381668  .00000819  00000-0  32750-3 0  9995
2 25159 107.9608 347.3405 0038533 122.4838 238.0036 14.35551284463891
0 ORBCOMM FM 4
1 25159U 98007C   26079.69381668  .00000819  00000-0  32750-3 0  9995
2 25159 107.9608 347.3405 0038533 122.4838 238.0036 14.35551284463891
0 ORBCOMM FM 4
1 25159U 98007C   26080.53001675  .00000902  00000-0  35593-3 0  9998
2 25159 107.9607 349.0605 0038525 120.9371 239.5565 14.35553290464014
0 ORBCOMM FM 4
1 25159U 98007C   26080.66938338  .00000902  00000-0  35580-3 0  9993
2 25159 107.9607 349.3472 0038524 120.6802 239.8144 14.35553546464036
0 ORBCOMM FM 4
1 25159U 98007C   26081.22684951  .00000912  00000-0  35916-3 0  9999
2 25159 107.9607 350.4939 0038501 119.6706 240.8276 14.35554630464115
0 ORBCOMM FM 4
1 25159U 98007C   26081.71463201  .00000898  00000-0  35436-3 0  9996
2 25159 107.9605 351.4973 0038482 118.7914 241.7099 14.35555455464187
0 ORBCOMM FM 4
1 25159U 98007C   26082.20241367  .00000979  00000-0  38236-3 0  9999
2 25159 107.9605 352.5007 0038475 117.8904 242.6141 14.35556993464252
0 ORBCOMM FM 4
1 25159U 98007C   26082.48114615  .00000917  00000-0  36103-3 0  9997
2 25159 107.9605 353.0740 0038465 117.3689 243.1373 14.35557190464293
0 ORBCOMM FM 4
1 25159U 98007C   26082.69019542  .00000913  00000-0  35951-3 0  9999
2 25159 107.9605 353.5040 0038466 116.9860 243.5216 14.35557598464324
0 ORBCOMM FM 4
1 25159U 98007C   26083.03861050  .00000933  00000-0  36631-3 0  9995
2 25159 107.9605 354.2207 0038465 116.3443 244.1655 14.35558482464379
0 ORBCOMM FM 4
1 25159U 98007C   26083.45670853  .00000947  00000-0  37124-3 0  9993
2 25159 107.9605 355.0808 0038466 115.5669 244.9455 14.35559437464431
0 ORBCOMM FM 4
1 25159U 98007C   26083.73544018  .00000905  00000-0  35682-3 0  9998
2 25159 107.9605 355.6541 0038462 115.0563 245.4577 14.35559902464477
0 ORBCOMM FM 4
1 25159U 98007C   26084.50195185  .00000929  00000-0  36503-3 0  9990
2 25159 107.9604 357.2308 0038456 113.6327 246.8858 14.35561806464585
0 ORBCOMM FM 4
1 25159U 98007C   26084.98973176  .00000915  00000-0  36012-3 0  9996
2 25159 107.9604 358.2341 0038457 112.7437 247.7775 14.35562797464652
0 ORBCOMM FM 4
1 25159U 98007C   26084.98973176  .00000915  00000-0  36012-3 0  9996
2 25159 107.9604 358.2341 0038457 112.7437 247.7775 14.35562797464652
0 ORBCOMM FM 4
1 25159U 98007C   26085.26846280  .00000921  00000-0  36226-3 0  9997
2 25159 107.9604 358.8075 0038457 112.2231 248.2995 14.35563508464694
0 ORBCOMM FM 4
1 25159U 98007C   26085.47751096  .00000891  00000-0  35195-3 0  9990
2 25159 107.9604 359.2375 0038451 111.8337 248.6900 14.35563837464727
0 ORBCOMM FM 4
1 25159U 98007C   26085.75624198  .00000863  00000-0  34221-3 0  9991
2 25159 107.9604 359.8108 0038460 111.3190 249.2062 14.35564303464768
0 ORBCOMM FM 4
1 25159U 98007C   26085.75624198  .00000863  00000-0  34221-3 0  9991
2 25159 107.9604 359.8108 0038460 111.3190 249.2062 14.35564303464768
0 ORBCOMM FM 4
1 25159U 98007C   26086.17433814  .00000902  00000-0  35570-3 0  9993
2 25159 107.9604   0.6708 0038467 110.5430 249.9844 14.35565469464826
0 ORBCOMM FM 4
1 25159U 98007C   26086.24402080  .00000902  00000-0  35579-3 0  9991
2 25159 107.9604   0.8141 0038468 110.4148 250.1130 14.35565626464833
0 ORBCOMM FM 4
1 25159U 98007C   26086.59243388  .00000864  00000-0  34266-3 0  9992
2 25159 107.9604   1.5308 0038466 109.7696 250.7598 14.35566222464885
0 ORBCOMM FM 4
1 25159U 98007C   26086.66211646  .00000863  00000-0  34240-3 0  9993
2 25159 107.9604   1.6741 0038464 109.6416 250.8882 14.35566385464892
0 ORBCOMM FM 4
1 25159U 98007C   26086.66211646  .00000863  00000-0  34240-3 0  9993
2 25159 107.9604   1.6741 0038464 109.6416 250.8882 14.35566385464892
0 ORBCOMM FM 4
1 25159U 98007C   26087.21957686  .00001002  00000-0  39009-3 0  9990
2 25159 107.9604   2.8208 0038473 108.6171 251.9153 14.35568432464977
0 ORBCOMM FM 4
1 25159U 98007C   26087.49830695  .00000972  00000-0  37990-3 0  9992
2 25159 107.9603   3.3941 0038472 108.0973 252.4363 14.35568867465016
0 ORBCOMM FM 4
1 25159U 98007C   26087.56798945  .00000972  00000-0  37971-3 0  9990
2 25159 107.9603   3.5374 0038471 107.9710 252.5629 14.35569018465020
0 ORBCOMM FM 4
1 25159U 98007C   26087.70735439  .00000974  00000-0  38032-3 0  9996
2 25159 107.9603   3.8241 0038470 107.7162 252.8183 14.35569350465043
0 ORBCOMM FM 4
1 25159U 98007C   26089.03131919  .00001172  00000-0  44835-3 0  9996
2 25159 107.9604   6.5474 0038451 105.2914 255.2481 14.35573537465230
0 ORBCOMM FM 4
1 25159U 98007C   26089.03131920  .00001172  00000-0  44835-3 0  9998
2 25159 107.9604   6.5474 0038451 105.2914 255.2481 14.35573537465230
0 ORBCOMM FM 4
1 25159U 98007C   26089.51909498  .00001205  00000-0  45987-3 0  9990
2 25159 107.9604   7.5507 0038452 104.3893 256.1520 14.35574870465308
0 ORBCOMM FM 4
1 25159U 98007C   26089.51909498  .00001205  00000-0  45987-3 0  9990
2 25159 107.9604   7.5507 0038452 104.3893 256.1520 14.35574870465308
0 ORBCOMM FM 4
1 25159U 98007C   26089.72814159  .00001206  00000-0  45993-3 0  9990
2 25159 107.9604   7.9807 0038455 104.0045 256.5375 14.35575398465335
0 ORBCOMM FM 17
1 25413U 98046A   26060.15362163  .00000739  00000-0  30189-3 0  9996
2 25413  44.9934 124.2762 0000498  45.1449 314.9439 14.35724616440091
0 ORBCOMM FM 17
1 25413U 98046A   26060.22320548  .00000794  00000-0  32072-3 0  9999
2 25413  44.9934 123.9474 0000492  46.1175 313.9713 14.35725023440107
0 ORBCOMM FM 17
1 25413U 98046A   26060.22320548  .00000794  00000-0  32072-3 0  9999
2 25413  44.9934 123.9474 0000492  46.1175 313.9713 14.35725023440107
0 ORBCOMM FM 17
1 25413U 98046A   26061.12779467  .00000746  00000-0  30426-3 0  9995
2 25413  44.9935 119.6738 0000447  55.6944 304.3945 14.35726352440233
0 ORBCOMM FM 17
1 25413U 98046A   26061.47571334  .00000832  00000-0  33401-3 0  9998
2 25413  44.9935 118.0301 0000434  60.0367 300.0524 14.35727399440280
0 ORBCOMM FM 17
1 25413U 98046A   26061.47571335  .00000832  00000-0  33401-3 0  9999
2 25413  44.9935 118.0301 0000434  60.0367 300.0524 14.35727399440280
0 ORBCOMM FM 17
1 25413U 98046A   26062.17155006  .00000801  00000-0  32308-3 0  9991
2 25413  44.9935 114.7425 0000398  66.8834 293.2055 14.35728463440388
0 ORBCOMM FM 17
1 25413U 98046A   26062.38030103  .00000886  00000-0  35218-3 0  9990
2 25413  44.9935 113.7563 0000394  70.1974 289.8916 14.35729260440416
0 ORBCOMM FM 17
1 25413U 98046A   26062.38030104  .00000886  00000-0  35218-3 0  9991
2 25413  44.9935 113.7563 0000394  70.1974 289.8916 14.35729260440416
0 ORBCOMM FM 17
1 25413U 98046A   26063.14572005  .00000990  00000-0  38782-3 0  9992
2 25413  44.9935 110.1402 0000371  80.6881 279.4008 14.35731346440524
0 ORBCOMM FM 17
1 25413U 98046A   26063.28488699  .00001031  00000-0  40192-3 0  9997
2 25413  44.9936 109.4827 0000369  83.1996 276.8893 14.35731879440545
0 ORBCOMM FM 17
1 25413U 98046A   26063.28488699  .00001031  00000-0  40192-3 0  9997
2 25413  44.9936 109.4827 0000369  83.1996 276.8893 14.35731879440545
0 ORBCOMM FM 17
1 25413U 98046A   26064.18947211  .00000919  00000-0  36379-3 0  9993
2 25413  44.9936 105.2090 0000357  97.0836 263.0052 14.35733100440673
0 ORBCOMM FM 17
1 25413U 98046A   26064.18947211  .00000919  00000-0  36379-3 0  9993
2 25413  44.9936 105.2090 0000357  97.0836 263.0052 14.35733100440673
0 ORBCOMM FM 17
1 25413U 98046A   26064.46780580  .00001030  00000-0  40151-3 0  9996
2 25413  44.9936 103.8941 0000345  96.9893 263.0993 14.35734239440713
0 ORBCOMM FM 17
1 25413U 98046A   26064.46780580  .00001030  00000-0  40151-3 0  9996
2 25413  44.9936 103.8941 0000345  96.9893 263.0993 14.35734239440713
0 ORBCOMM FM 17
1 25413U 98046A   26065.09405607  .00000846  00000-0  33860-3 0  9993
2 25413  44.9936 100.9353 0000336 107.4917 252.5967 14.35734567440801
0 ORBCOMM FM 17
1 25413U 98046A   26065.44197234  .00000998  00000-0  39083-3 0  9997
2 25413  44.9936  99.2917 0000356 113.4025 246.6860 14.35736211440855
0 ORBCOMM FM 17
1 25413U 98046A   26066.13780470  .00000845  00000-0  33834-3 0  9993
2 25413  44.9936  96.0042 0000349 121.3051 238.7831 14.35736942440950
0 ORBCOMM FM 17
1 25413U 98046A   26066.27697079  .00001039  00000-0  40478-3 0  9998
2 25413  44.9937  95.3468 0000344 121.7045 238.3836 14.35738371440978
0 ORBCOMM FM 17
1 25413U 98046A   26066.41613693  .00001055  00000-0  41016-3 0  9991
2 25413  44.9937  94.6894 0000376 126.4840 233.6041 14.35738831440992
0 ORBCOMM FM 17
1 25413U 98046A   26066.41613694  .00001055  00000-0  41016-3 0  9992
2 25413  44.9937  94.6894 0000376 126.4841 233.6041 14.35738831440993
0 ORBCOMM FM 17
1 25413U 98046A   26066.76405249  .00001054  00000-0  40980-3 0  9993
2 25413  44.9938  93.0459 0000374 128.2409 231.8472 14.35739688441048
0 ORBCOMM FM 17
1 25413U 98046A   26067.04238467  .00001060  00000-0  41174-3 0  9994
2 25413  44.9937  91.7307 0000378 132.0709 228.0170 14.35740393441086
0 ORBCOMM FM 17
1 25413U 98046A   26067.11196767  .00001070  00000-0  41517-3 0  9990
2 25413  44.9938  91.4019 0000388 133.7544 226.3336 14.35740636441096
0 ORBCOMM FM 17
1 25413U 98046A   26067.45988271  .00001071  00000-0  41578-3 0  9994
2 25413  44.9937  89.7581 0000410 137.8591 222.2287 14.35741506441145
0 ORBCOMM FM 17
1 25413U 98046A   26067.45988271  .00001071  00000-0  41578-3 0  9994
2 25413  44.9937  89.7581 0000410 137.8591 222.2287 14.35741506441145
0 ORBCOMM FM 17
1 25413U 98046A   26068.08612941  .00000997  00000-0  39025-3 0  9992
2 25413  44.9937  86.7993 0000442 145.4513 214.6363 14.35742615441235
0 ORBCOMM FM 17
1 25413U 98046A   26069.06029004  .00000956  00000-0  37637-3 0  9995
2 25413  44.9938  82.1967 0000496 154.4719 205.6152 14.35744610441372
0 ORBCOMM FM 17
1 25413U 98046A   26069.06029004  .00000956  00000-0  37637-3 0  9995
2 25413  44.9938  82.1967 0000496 154.4720 205.6152 14.35744610441374
0 ORBCOMM FM 17
1 25413U 98046A   26070.17361448  .00000921  00000-0  36437-3 0  9999
2 25413  44.9938  76.9365 0000569 162.6143 197.4724 14.35746991441533
0 ORBCOMM FM 17
1 25413U 98046A   26070.31277994  .00000919  00000-0  36365-3 0  9994
2 25413  44.9938  76.2790 0000573 163.1968 196.8898 14.35747286441559
0 ORBCOMM FM 17
1 25413U 98046A   26070.45194537  .00000914  00000-0  36183-3 0  9993
2 25413  44.9938  75.6216 0000580 163.8383 196.2483 14.35747577441570
0 ORBCOMM FM 17
1 25413U 98046A   26070.73027596  .00000943  00000-0  37187-3 0  9991
2 25413  44.9939  74.3066 0000609 166.1543 193.9321 14.35748407441619
0 ORBCOMM FM 17
1 25413U 98046A   26070.73027597  .00000943  00000-0  37187-3 0  9992
2 25413  44.9939  74.3066 0000609 166.1543 193.9321 14.35748407441619
0 ORBCOMM FM 17
1 25413U 98046A   26071.14777182  .00000995  00000-0  38968-3 0  9995
2 25413  44.9939  72.3340 0000640 168.9340 191.1521 14.35749617441674
0 ORBCOMM FM 17
1 25413U 98046A   26071.28693702  .00001002  00000-0  39210-3 0  9996
2 25413  44.9939  71.6765 0000645 169.3115 190.7746 14.35749979441694
0 ORBCOMM FM 17
1 25413U 98046A   26071.42610217  .00001005  00000-0  39299-3 0  9992
2 25413  44.9939  71.0190 0000651 169.9077 190.1783 14.35750327441717
0 ORBCOMM FM 17
1 25413U 98046A   26071.42610217  .00001005  00000-0  39299-3 0  9992
2 25413  44.9939  71.0190 0000651 169.9077 190.1783 14.35750327441717
0 ORBCOMM FM 17
1 25413U 98046A   26071.98276238  .00000985  00000-0  38617-3 0  9993
2 25413  44.9940  68.3889 0000691 173.6278 186.4578 14.35751559441798
0 ORBCOMM FM 17
1 25413U 98046A   26072.33067501  .00000984  00000-0  38590-3 0  9993
2 25413  44.9941  66.7452 0000713 174.8428 185.2427 14.35752321441846
0 ORBCOMM FM 17
1 25413U 98046A   26073.93106945  .00000951  00000-0  37438-3 0  9990
2 25413  44.9944  59.1838 0000820 182.4472 177.6371 14.35755919442071
0 ORBCOMM FM 17
1 25413U 98046A   26074.20939876  .00000865  00000-0  34489-3 0  9995
2 25413  44.9944  57.8689 0000836 183.1002 176.9840 14.35756042442110
0 ORBCOMM FM 17
1 25413U 98046A   26074.62689247  .00000774  00000-0  31371-3 0  9991
2 25413  44.9945  55.8965 0000855 184.5990 175.4850 14.35756431442171
0 ORBCOMM FM 17
1 25413U 98046A   26074.90522137  .00000769  00000-0  31198-3 0  9997
2 25413  44.9945  54.5814 0000875 185.9528 174.1309 14.35756976442218
0 ORBCOMM FM 17
1 25413U 98046A   26075.25313236  .00000851  00000-0  34019-3 0  9991
2 25413  44.9946  52.9376 0000899 186.8893 173.1942 14.35758154442262
0 ORBCOMM FM 17
1 25413U 98046A   26076.22728284  .00000782  00000-0  31637-3 0  9998
2 25413  44.9948  48.3352 0000956 190.4627 169.6200 14.35759639442409
0 ORBCOMM FM 17
1 25413U 98046A   26076.22728284  .00000782  00000-0  31637-3 0  9998
2 25413  44.9948  48.3352 0000956 190.4627 169.6200 14.35759639442409
0 ORBCOMM FM 17
1 25413U 98046A   26076.92310362  .00000761  00000-0  30916-3 0  9995
2 25413  44.9949  45.0478 0001010 193.0823 166.9999 14.35760899442508
0 ORBCOMM FM 17
1 25413U 98046A   26077.61892392  .00000804  00000-0  32399-3 0  9995
2 25413  44.9950  41.7604 0001042 194.8834 165.1983 14.35762467442608
0 ORBCOMM FM 17
1 25413U 98046A   26077.89725185  .00000775  00000-0  31421-3 0  9992
2 25413  44.9950  40.4453 0001059 195.7470 164.3344 14.35762833442643
0 ORBCOMM FM 17
1 25413U 98046A   26077.89725185  .00000775  00000-0  31421-3 0  9992
2 25413  44.9950  40.4453 0001059 195.7470 164.3345 14.35762833442644
0 ORBCOMM FM 17
1 25413U 98046A   26078.24516201  .00000775  00000-0  31408-3 0  9994
2 25413  44.9951  38.8017 0001092 196.7387 163.3424 14.35763375442691
0 ORBCOMM FM 17
1 25413U 98046A   26078.59307157  .00000719  00000-0  29473-3 0  9997
2 25413  44.9952  37.1580 0001127 198.3835 161.6972 14.35763750442746
0 ORBCOMM FM 17
1 25413U 98046A   26078.59307159  .00000719  00000-0  29473-3 0  9999
2 25413  44.9952  37.1580 0001127 198.3835 161.6972 14.35763750442746
0 ORBCOMM FM 17
1 25413U 98046A   26079.08014503  .00000742  00000-0  30287-3 0  9993
2 25413  44.9952  34.8567 0001164 199.6804 160.3998 14.35764707442811
0 ORBCOMM FM 17
1 25413U 98046A   26079.21930925  .00000715  00000-0  29359-3 0  9991
2 25413  44.9952  34.1992 0001169 199.9827 160.0975 14.35764655442835
0 ORBCOMM FM 17
1 25413U 98046A   26079.28889114  .00000716  00000-0  29388-3 0  9994
2 25413  44.9952  33.8705 0001172 200.1770 159.9031 14.35764780442849
0 ORBCOMM FM 17
1 25413U 98046A   26079.84554587  .00000709  00000-0  29139-3 0  9995
2 25413  44.9953  31.2405 0001201 201.8819 158.1977 14.35765713442920
0 ORBCOMM FM 17
1 25413U 98046A   26079.84554587  .00000709  00000-0  29139-3 0  9995
2 25413  44.9953  31.2405 0001201 201.8819 158.1977 14.35765713442920
0 ORBCOMM FM 17
1 25413U 98046A   26080.12387319  .00000706  00000-0  29058-3 0  9992
2 25413  44.9954  29.9255 0001217 202.1903 157.8891 14.35766158442962
0 ORBCOMM FM 17
1 25413U 98046A   26080.54136363  .00000780  00000-0  31561-3 0  9993
2 25413  44.9954  27.9530 0001249 203.7975 156.2814 14.35767315443029
0 ORBCOMM FM 17
1 25413U 98046A   26080.88927229  .00000771  00000-0  31254-3 0  9998
2 25413  44.9955  26.3092 0001274 204.9833 155.0953 14.35767864443075
0 ORBCOMM FM 17
1 25413U 98046A   26081.09801765  .00000752  00000-0  30633-3 0  9997
2 25413  44.9955  25.3230 0001280 205.1845 154.8940 14.35768074443102
0 ORBCOMM FM 17
1 25413U 98046A   26081.86341623  .00000771  00000-0  31253-3 0  9994
2 25413  44.9957  21.7068 0001324 207.3138 152.7640 14.35769437443211
0 ORBCOMM FM 17
1 25413U 98046A   26082.14174267  .00000835  00000-0  33453-3 0  9999
2 25413  44.9957  20.3918 0001339 207.7043 152.3733 14.35770289443255
0 ORBCOMM FM 17
1 25413U 98046A   26082.83755879  .00000774  00000-0  31383-3 0  9991
2 25413  44.9958  17.1044 0001383 209.8410 150.2359 14.35771131443359
0 ORBCOMM FM 17
1 25413U 98046A   26083.11588505  .00000770  00000-0  31214-3 0  9992
2 25413  44.9958  15.7894 0001397 210.3400 149.7366 14.35771596443397
0 ORBCOMM FM 17
1 25413U 98046A   26084.50751433  .00000776  00000-0  31433-3 0  9997
2 25413  44.9960   9.2148 0001471 213.9029 146.1724 14.35774343443593
0 ORBCOMM FM 17
1 25413U 98046A   26084.92500278  .00000763  00000-0  30998-3 0  9993
2 25413  44.9960   7.2423 0001496 214.8166 145.2583 14.35775050443652
0 ORBCOMM FM 17
1 25413U 98046A   26085.20332814  .00000774  00000-0  31378-3 0  9999
2 25413  44.9960   5.9274 0001504 215.3607 144.7140 14.35775681443694
0 ORBCOMM FM 17
1 25413U 98046A   26085.20332815  .00000774  00000-0  31378-3 0  9990
2 25413  44.9960   5.9274 0001504 215.3607 144.7140 14.35775681443694
0 ORBCOMM FM 17
1 25413U 98046A   26086.10788468  .00000786  00000-0  31767-3 0  9994
2 25413  44.9960   1.6538 0001551 217.5318 142.5421 14.35777650443826
0 ORBCOMM FM 17
1 25413U 98046A   26086.10788469  .00000786  00000-0  31767-3 0  9995
2 25413  44.9960   1.6538 0001551 217.5318 142.5421 14.35777650443826
0 ORBCOMM FM 17
1 25413U 98046A   26086.45579094  .00000717  00000-0  29401-3 0  9991
2 25413  44.9960   0.0101 0001569 218.5025 141.5711 14.35777959443878
0 ORBCOMM FM 17
1 25413U 98046A   26086.73411572  .00000706  00000-0  29037-3 0  9991
2 25413  44.9960 358.6951 0001594 219.3851 140.6880 14.35778436443910
0 ORBCOMM FM 17
1 25413U 98046A   26086.73411572  .00000706  00000-0  29037-3 0  9991
2 25413  44.9960 358.6951 0001594 219.3851 140.6880 14.35778436443910
0 ORBCOMM FM 17
1 25413U 98046A   26087.01244030  .00000751  00000-0  30588-3 0  9999
2 25413  44.9960 357.3801 0001619 220.4574 139.6153 14.35779245443957
0 ORBCOMM FM 17
1 25413U 98046A   26087.01244030  .00000751  00000-0  30588-3 0  9999
2 25413  44.9960 357.3801 0001619 220.4574 139.6153 14.35779245443957
0 ORBCOMM FM 17
1 25413U 98046A   26087.42992700  .00000817  00000-0  32843-3 0  9997
2 25413  44.9960 355.4078 0001635 221.3752 138.6972 14.35780450444014
0 ORBCOMM FM 17
1 25413U 98046A   26087.42992700  .00000817  00000-0  32843-3 0  9997
2 25413  44.9960 355.4078 0001635 221.3752 138.6972 14.35780450444014
0 ORBCOMM FM 17
1 25413U 98046A   26087.77783243  .00000791  00000-0  31949-3 0  9992
2 25413  44.9959 353.7640 0001657 222.2809 137.7911 14.35780986444067
0 ORBCOMM FM 17
1 25413U 98046A   26087.77783244  .00000791  00000-0  31949-3 0  9993
2 25413  44.9959 353.7640 0001657 222.2809 137.7911 14.35780986444067
0 ORBCOMM FM 17
1 25413U 98046A   26087.98657559  .00000835  00000-0  33458-3 0  9991
2 25413  44.9959 352.7778 0001666 222.6571 137.4147 14.35781638444094
0 ORBCOMM FM 17
1 25413U 98046A   26089.03029030  .00000960  00000-0  37721-3 0  9992
2 25413  44.9959 347.8466 0001714 225.2172 134.8536 14.35784425444240
0 ORBCOMM FM 17
1 25413U 98046A   26089.03029030  .00000960  00000-0  37721-3 0  9992
2 25413  44.9959 347.8466 0001714 225.2172 134.8536 14.35784425444240
0 ORBCOMM FM 17
1 25413U 98046A   26089.44777590  .00000971  00000-0  38107-3 0  9999
2 25413  44.9959 345.8742 0001736 226.4569 133.6134 14.35785291444302
0 ORBCOMM FM 17
1 25413U 98046A   26089.44777591  .00000971  00000-0  38107-3 0  9990
2 25413  44.9959 345.8742 0001736 226.4569 133.6134 14.35785291444302
0 ORBCOMM FM 18
1 25414U 98046B   26060.16247637  .00001383  00000-0  48576-3 0  9991
2 25414  44.9939  34.5584 0002516 150.8012 209.2978 14.39415699441261
0 ORBCOMM FM 18
1 25414U 98046B   26060.30128647  .00001517  00000-0  52836-3 0  9999
2 25414  44.9938  33.8985 0002522 151.2922 208.8066 14.39416857441281
0 ORBCOMM FM 18
1 25414U 98046B   26060.30128648  .00001517  00000-0  52836-3 0  9990
2 25414  44.9938  33.8985 0002522 151.2922 208.8066 14.39416857441281
0 ORBCOMM FM 18
1 25414U 98046B   26060.57890675  .00001505  00000-0  52430-3 0  9992
2 25414  44.9939  32.5792 0002539 152.8360 207.2621 14.39417651441323
0 ORBCOMM FM 18
1 25414U 98046B   26060.92593204  .00001472  00000-0  51403-3 0  9991
2 25414  44.9939  30.9297 0002561 154.7755 205.3219 14.39418493441371
0 ORBCOMM FM 18
1 25414U 98046B   26060.99533692  .00001488  00000-0  51884-3 0  9993
2 25414  44.9939  30.5999 0002569 155.1597 204.9376 14.39418829441386
0 ORBCOMM FM 18
1 25414U 98046B   26061.27295677  .00001641  00000-0  56768-3 0  9990
2 25414  44.9939  29.2804 0002590 156.6556 203.4411 14.39420493441420
0 ORBCOMM FM 18
1 25414U 98046B   26061.61998123  .00001635  00000-0  56579-3 0  9997
2 25414  44.9940  27.6312 0002615 158.7517 201.3440 14.39421604441475
0 ORBCOMM FM 18
1 25414U 98046B   26061.61998123  .00001635  00000-0  56579-3 0  9997
2 25414  44.9940  27.6312 0002615 158.7517 201.3440 14.39421604441475
0 ORBCOMM FM 18
1 25414U 98046B   26062.31402941  .00001755  00000-0  60373-3 0  9993
2 25414  44.9940  24.3325 0002667 162.3121 197.7821 14.39424501441573
0 ORBCOMM FM 18
1 25414U 98046B   26062.31402941  .00001755  00000-0  60373-3 0  9993
2 25414  44.9940  24.3325 0002667 162.3121 197.7821 14.39424501441573
0 ORBCOMM FM 18
1 25414U 98046B   26062.93867094  .00001912  00000-0  65379-3 0  9991
2 25414  44.9941  21.3636 0002714 165.7646 194.3279 14.39427698441668
0 ORBCOMM FM 18
1 25414U 98046B   26062.93867094  .00001912  00000-0  65379-3 0  9991
2 25414  44.9941  21.3636 0002714 165.7646 194.3279 14.39427698441668
0 ORBCOMM FM 18
1 25414U 98046B   26063.21628882  .00002030  00000-0  69127-3 0  9990
2 25414  44.9942  20.0442 0002733 166.8750 193.2170 14.39429484441707
0 ORBCOMM FM 18
1 25414U 98046B   26063.21628883  .00002030  00000-0  69127-3 0  9991
2 25414  44.9942  20.0442 0002733 166.8750 193.2170 14.39429484441707
0 ORBCOMM FM 18
1 25414U 98046B   26064.11854701  .00001802  00000-0  61866-3 0  9999
2 25414  44.9942  15.7559 0002800 171.3038 188.7860 14.39431594441836
0 ORBCOMM FM 18
1 25414U 98046B   26064.11854702  .00001802  00000-0  61866-3 0  9990
2 25414  44.9942  15.7559 0002800 171.3038 188.7860 14.39431594441836
0 ORBCOMM FM 18
1 25414U 98046B   26064.81258995  .00001968  00000-0  67144-3 0  9997
2 25414  44.9942  12.4573 0002854 174.8181 185.2697 14.39435158441933
0 ORBCOMM FM 18
1 25414U 98046B   26064.88199502  .00001612  00000-0  55822-3 0  9998
2 25414  44.9942  12.1274 0002863 175.2301 184.8575 14.39433285441947
0 ORBCOMM FM 18
1 25414U 98046B   26065.22901593  .00001864  00000-0  63850-3 0  9997
2 25414  44.9942  10.4781 0002891 176.7464 183.3404 14.39435983441995
0 ORBCOMM FM 18
1 25414U 98046B   26065.57603645  .00001865  00000-0  63865-3 0  9999
2 25414  44.9941   8.8286 0002923 178.6965 181.3892 14.39437352442046
0 ORBCOMM FM 18
1 25414U 98046B   26065.85365289  .00001850  00000-0  63392-3 0  9998
2 25414  44.9941   7.5091 0002944 179.7321 180.3529 14.39438304442085
0 ORBCOMM FM 18
1 25414U 98046B   26066.13127008  .00001534  00000-0  53346-3 0  9992
2 25414  44.9943   6.1896 0002970 180.4124 179.6723 14.39437400442122
0 ORBCOMM FM 18
1 25414U 98046B   26066.27007773  .00001836  00000-0  62930-3 0  9997
2 25414  44.9944   5.5300 0002976 181.0547 179.0296 14.39439646442143
0 ORBCOMM FM 18
1 25414U 98046B   26066.27007773  .00001836  00000-0  62930-3 0  9997
2 25414  44.9944   5.5300 0002976 181.0547 179.0296 14.39439646442143
0 ORBCOMM FM 18
1 25414U 98046B   26066.54769415  .00001716  00000-0  59128-3 0  9997
2 25414  44.9944   4.2106 0002990 182.6435 177.4398 14.39439895442187
0 ORBCOMM FM 18
1 25414U 98046B   26066.82530982  .00001727  00000-0  59487-3 0  9993
2 25414  44.9944   2.8911 0003011 183.8384 176.2442 14.39441004442223
0 ORBCOMM FM 18
1 25414U 98046B   26066.82530982  .00001727  00000-0  59487-3 0  9993
2 25414  44.9944   2.8911 0003011 183.8384 176.2442 14.39441004442223
0 ORBCOMM FM 18
1 25414U 98046B   26067.51934896  .00001596  00000-0  55300-3 0  9996
2 25414  44.9945 359.5925 0003064 186.8311 173.2496 14.39442706442329
0 ORBCOMM FM 18
1 25414U 98046B   26067.51934896  .00001596  00000-0  55300-3 0  9996
2 25414  44.9945 359.5925 0003064 186.8311 173.2497 14.39442706442320
0 ORBCOMM FM 18
1 25414U 98046B   26069.11563498  .00001338  00000-0  47093-3 0  9994
2 25414  44.9946 352.0057 0003189 193.4669 166.6095 14.39446632442550
0 ORBCOMM FM 18
1 25414U 98046B   26069.11563498  .00001338  00000-0  47093-3 0  9994
2 25414  44.9946 352.0057 0003189 193.4669 166.6095 14.39446632442550
0 ORBCOMM FM 18
1 25414U 98046B   26069.46265273  .00001335  00000-0  46996-3 0  9990
2 25414  44.9946 350.3564 0003216 195.1324 164.9429 14.39447802442600
0 ORBCOMM FM 18
1 25414U 98046B   26069.80967064  .00001310  00000-0  46214-3 0  9991
2 25414  44.9945 348.7070 0003254 196.9512 163.1229 14.39448658442656
0 ORBCOMM FM 18
1 25414U 98046B   26069.80967064  .00001310  00000-0  46214-3 0  9991
2 25414  44.9945 348.7070 0003254 196.9512 163.1229 14.39448658442656
0 ORBCOMM FM 18
1 25414U 98046B   26070.15668773  .00001267  00000-0  44846-3 0  9996
2 25414  44.9944 347.0577 0003302 198.5925 161.4804 14.39449610442704
0 ORBCOMM FM 18
1 25414U 98046B   26070.15668773  .00001267  00000-0  44846-3 0  9996
2 25414  44.9944 347.0577 0003302 198.5925 161.4804 14.39449610442704
0 ORBCOMM FM 18
1 25414U 98046B   26070.85072230  .00001142  00000-0  40874-3 0  9999
2 25414  44.9944 343.7591 0003344 201.5277 158.5431 14.39450972442801
0 ORBCOMM FM 18
1 25414U 98046B   26070.92012562  .00001150  00000-0  41106-3 0  9997
2 25414  44.9944 343.4293 0003347 201.8155 158.2552 14.39451242442811
0 ORBCOMM FM 18
1 25414U 98046B   26070.98952892  .00001157  00000-0  41338-3 0  9996
2 25414  44.9945 343.0996 0003349 202.1183 157.9522 14.39451513442820
0 ORBCOMM FM 18
1 25414U 98046B   26070.98952893  .00001157  00000-0  41338-3 0  9997
2 25414  44.9945 343.0996 0003349 202.1183 157.9522 14.39451513442820
0 ORBCOMM FM 18
1 25414U 98046B   26071.75296503  .00001307  00000-0  46114-3 0  9996
2 25414  44.9944 339.4710 0003403 205.3887 154.6795 14.39454633442933
0 ORBCOMM FM 18
1 25414U 98046B   26071.75296504  .00001307  00000-0  46114-3 0  9997
2 25414  44.9944 339.4710 0003403 205.3887 154.6795 14.39454633442933
0 ORBCOMM FM 18
1 25414U 98046B   26071.96117456  .00001268  00000-0  44851-3 0  9990
2 25414  44.9943 338.4814 0003420 206.1080 153.9597 14.39455118442963
0 ORBCOMM FM 18
1 25414U 98046B   26072.09998092  .00001265  00000-0  44763-3 0  9997
2 25414  44.9942 337.8217 0003428 206.7228 153.3444 14.39455524442988
0 ORBCOMM FM 18
1 25414U 98046B   26072.93281852  .00001206  00000-0  42883-3 0  9995
2 25414  44.9941 333.8632 0003486 210.4634 149.6013 14.39457698443100
0 ORBCOMM FM 18
1 25414U 98046B   26073.00222151  .00001209  00000-0  42979-3 0  9990
2 25414  44.9941 333.5333 0003497 210.7534 149.3110 14.39457928443111
0 ORBCOMM FM 18
1 25414U 98046B   26073.41863966  .00001208  00000-0  42960-3 0  9999
2 25414  44.9940 331.5540 0003528 212.0339 148.0296 14.39459192443173
0 ORBCOMM FM 18
1 25414U 98046B   26073.76565409  .00001274  00000-0  45059-3 0  9993
2 25414  44.9940 329.9045 0003555 213.3958 146.6667 14.39460697443229
0 ORBCOMM FM 18
1 25414U 98046B   26073.97386308  .00001205  00000-0  42870-3 0  9997
2 25414  44.9939 328.9150 0003575 214.3075 145.7543 14.39460905443254
0 ORBCOMM FM 18
1 25414U 98046B   26074.39028066  .00001086  00000-0  39065-3 0  9997
2 25414  44.9938 326.9358 0003599 216.0983 143.9623 14.39461435443319
0 ORBCOMM FM 18
1 25414U 98046B   26074.66789230  .00000991  00000-0  36048-3 0  9996
2 25414  44.9938 325.6161 0003622 217.3593 142.7004 14.39461630443356
0 ORBCOMM FM 18
1 25414U 98046B   26075.70893444  .00000982  00000-0  35776-3 0  9992
2 25414  44.9937 320.6680 0003684 220.9943 139.0629 14.39464368443503
0 ORBCOMM FM 18
1 25414U 98046B   26075.70893444  .00000982  00000-0  35776-3 0  9992
2 25414  44.9937 320.6680 0003684 220.9943 139.0629 14.39464368443503
0 ORBCOMM FM 18
1 25414U 98046B   26076.61116993  .00000968  00000-0  35314-3 0  9992
2 25414  44.9935 316.3795 0003736 224.5876 135.4672 14.39466431443638
0 ORBCOMM FM 18
1 25414U 98046B   26076.95818324  .00000925  00000-0  33950-3 0  9993
2 25414  44.9935 314.7301 0003758 225.7783 134.2758 14.39467019443687
0 ORBCOMM FM 18
1 25414U 98046B   26077.37459897  .00000990  00000-0  36027-3 0  9996
2 25414  44.9934 312.7508 0003780 227.4480 132.6050 14.39468312443742
0 ORBCOMM FM 18
1 25414U 98046B   26077.65220935  .00000955  00000-0  34901-3 0  9996
2 25414  44.9933 311.4311 0003798 228.4660 131.5863 14.39468726443782
0 ORBCOMM FM 18
1 25414U 98046B   26077.72161191  .00000951  00000-0  34771-3 0  9993
2 25414  44.9933 311.1012 0003803 228.6744 131.3778 14.39468867443799
0 ORBCOMM FM 18
1 25414U 98046B   26077.72161191  .00000951  00000-0  34771-3 0  9993
2 25414  44.9933 311.1012 0003803 228.6744 131.3778 14.39468867443799
0 ORBCOMM FM 18
1 25414U 98046B   26078.69324748  .00000865  00000-0  32052-3 0  9993
2 25414  44.9931 306.4827 0003854 232.2995 127.7504 14.39470454443930
0 ORBCOMM FM 18
1 25414U 98046B   26078.69324748  .00000865  00000-0  32052-3 0  9993
2 25414  44.9931 306.4827 0003854 232.2995 127.7504 14.39470454443930
0 ORBCOMM FM 18
1 25414U 98046B   26078.97085737  .00000906  00000-0  33352-3 0  9996
2 25414  44.9931 305.1633 0003865 233.3402 126.7091 14.39471254443971
0 ORBCOMM FM 18
1 25414U 98046B   26078.97085738  .00000906  00000-0  33352-3 0  9997
2 25414  44.9931 305.1633 0003865 233.3402 126.7091 14.39471254443971
0 ORBCOMM FM 18
1 25414U 98046B   26079.31787008  .00000868  00000-0  32144-3 0  9990
2 25414  44.9931 303.5138 0003882 234.7182 125.3304 14.39471620444028
0 ORBCOMM FM 18
1 25414U 98046B   26079.59547942  .00000947  00000-0  34643-3 0  9995
2 25414  44.9930 302.1941 0003898 235.8116 124.2363 14.39472686444060
0 ORBCOMM FM 18
1 25414U 98046B   26079.87308914  .00000875  00000-0  32357-3 0  9990
2 25414  44.9929 300.8745 0003910 236.7159 123.3315 14.39472811444109
0 ORBCOMM FM 18
1 25414U 98046B   26079.87308916  .00000875  00000-0  32357-3 0  9992
2 25414  44.9929 300.8745 0003910 236.7159 123.3315 14.39472811444109
0 ORBCOMM FM 18
1 25414U 98046B   26080.63651443  .00000979  00000-0  35666-3 0  9995
2 25414  44.9928 297.2457 0003947 239.6468 120.3991 14.39475021444217
0 ORBCOMM FM 18
1 25414U 98046B   26081.88575455  .00000979  00000-0  35671-3 0  9997
2 25414  44.9925 291.3074 0003998 243.9835 116.0603 14.39477541444396
0 ORBCOMM FM 18
1 25414U 98046B   26082.85738390  .00000994  00000-0  36130-3 0  9992
2 25414  44.9922 286.6887 0004036 247.5670 112.4751 14.39479706444538
0 ORBCOMM FM 18
1 25414U 98046B   26083.27379612  .00001001  00000-0  36348-3 0  9998
2 25414  44.9920 284.7092 0004051 249.2356 110.8059 14.39480628444594
0 ORBCOMM FM 18
1 25414U 98046B   26083.55140388  .00000970  00000-0  35375-3 0  9998
2 25414  44.9919 283.3895 0004064 250.2483 109.7928 14.39481134444635
0 ORBCOMM FM 18
1 25414U 98046B   26083.96781560  .00000989  00000-0  35972-3 0  9999
2 25414  44.9921 281.4104 0004075 251.8537 108.1868 14.39482219444696
0 ORBCOMM FM 18
1 25414U 98046B   26084.59243221  .00000998  00000-0  36270-3 0  9998
2 25414  44.9921 278.4411 0004097 254.2272 105.8125 14.39483859444781
0 ORBCOMM FM 18
1 25414U 98046B   26084.80063757  .00000996  00000-0  36179-3 0  9992
2 25414  44.9921 277.4515 0004102 255.0195 105.0199 14.39484396444819
0 ORBCOMM FM 18
1 25414U 98046B   26084.80063758  .00000996  00000-0  36179-3 0  9993
2 25414  44.9921 277.4515 0004102 255.0195 105.0199 14.39484396444819
0 ORBCOMM FM 18
1 25414U 98046B   26085.49465531  .00000987  00000-0  35919-3 0  9995
2 25414  44.9920 274.1523 0004122 257.6458 102.3929 14.39486059444913
0 ORBCOMM FM 18
1 25414U 98046B   26085.56405703  .00000981  00000-0  35711-3 0  9992
2 25414  44.9920 273.8224 0004124 257.8787 102.1600 14.39486207444926
0 ORBCOMM FM 18
1 25414U 98046B   26085.56405704  .00000981  00000-0  35711-3 0  9993
2 25414  44.9920 273.8224 0004124 257.8787 102.1600 14.39486207444926
0 ORBCOMM FM 18
1 25414U 98046B   26086.18867190  .00001050  00000-0  37892-3 0  9993
2 25414  44.9921 270.8534 0004133 260.3080  99.7301 14.39488240445012
0 ORBCOMM FM 18
1 25414U 98046B   26086.18867191  .00001050  00000-0  37892-3 0  9994
2 25414  44.9921 270.8534 0004133 260.3080  99.7301 14.39488240445012
0 ORBCOMM FM 18
1 25414U 98046B   26086.53567986  .00001011  00000-0  36653-3 0  9993
2 25414  44.9919 269.2036 0004143 261.5558  98.4821 14.39488915445069
0 ORBCOMM FM 18
1 25414U 98046B   26086.53567987  .00001011  00000-0  36653-3 0  9994
2 25414  44.9919 269.2036 0004143 261.5558  98.4821 14.39488915445069
0 ORBCOMM FM 18
1 25414U 98046B   26086.81328616  .00001000  00000-0  36327-3 0  9995
2 25414  44.9920 267.8840 0004150 262.5333  97.5044 14.39489567445104
0 ORBCOMM FM 18
1 25414U 98046B   26086.81328616  .00001000  00000-0  36327-3 0  9995
2 25414  44.9920 267.8840 0004150 262.5333  97.5044 14.39489567445104
0 ORBCOMM FM 18
1 25414U 98046B   26087.22969513  .00001171  00000-0  41756-3 0  9999
2 25414  44.9920 265.9047 0004161 264.0124  96.0250 14.39491582445168
0 ORBCOMM FM 18
1 25414U 98046B   26087.22969514  .00001171  00000-0  41756-3 0  9990
2 25414  44.9920 265.9047 0004161 264.0124  96.0250 14.39491582445168
0 ORBCOMM FM 18
1 25414U 98046B   26087.85430796  .00001229  00000-0  43597-3 0  9993
2 25414  44.9921 262.9355 0004170 266.4655  93.5717 14.39493567445258
0 ORBCOMM FM 18
1 25414U 98046B   26087.85430797  .00001229  00000-0  43597-3 0  9994
2 25414  44.9921 262.9355 0004170 266.4655  93.5717 14.39493567445258
0 ORBCOMM FM 18
1 25414U 98046B   26088.20131428  .00001445  00000-0  50440-3 0  9998
2 25414  44.9922 261.2861 0004183 267.7665  92.2705 14.39495809445302
0 ORBCOMM FM 18
1 25414U 98046B   26088.20131429  .00001445  00000-0  50440-3 0  9999
2 25414  44.9922 261.2861 0004183 267.7665  92.2705 14.39495809445302
0 ORBCOMM FM 18
1 25414U 98046B   26089.51993738  .00001500  00000-0  52189-3 0  9997
2 25414  44.9923 255.0179 0004205 272.6717  87.3651 14.39499943445492
0 ORBCOMM FM 18
1 25414U 98046B   26089.51993740  .00001500  00000-0  52189-3 0  9990
2 25414  44.9923 255.0179 0004205 272.6717  87.3651 14.39499943445492
0 ORBCOMM FM 18
1 25414U 98046B   26089.79754165  .00001520  00000-0  52834-3 0  9995
2 25414  44.9923 253.6984 0004201 273.6492  86.3877 14.39500944445535
0 ORBCOMM FM 19
1 25415U 98046C   26060.01237685  .00001435  00000-0  50396-3 0  9999
2 25415  44.9948  37.6591 0001206 148.3994 258.4916 14.39239598441192
0 ORBCOMM FM 19
1 25415U 98046C   26060.01237686  .00001435  00000-0  50396-3 0  9990
2 25415  44.9948  37.6591 0001206 148.3994 258.4916 14.39239598441192
0 ORBCOMM FM 19
1 25415U 98046C   26060.91086125  .00001520  00000-0  53096-3 0  9994
2 25415  44.9949  33.3902 0001266 153.9969 232.7083 14.39242945441327
0 ORBCOMM FM 19
1 25415U 98046C   26061.18611973  .00001525  00000-0  53264-3 0  9991
2 25415  44.9950  32.0823 0001290 155.6184 218.6630 14.39243869441363
0 ORBCOMM FM 19
1 25415U 98046C   26061.27885610  .00001688  00000-0  58481-3 0  9998
2 25415  44.9950  31.6418 0001293 155.8633 339.3786 14.39245069441370
0 ORBCOMM FM 19
1 25415U 98046C   26061.63258707  .00001670  00000-0  57880-3 0  9992
2 25415  44.9951  29.9611 0001315 157.9864  11.8167 14.39246168441422
0 ORBCOMM FM 19
1 25415U 98046C   26061.63258707  .00001670  00000-0  57880-3 0  9992
2 25415  44.9951  29.9611 0001315 157.9864  11.8167 14.39246168441422
0 ORBCOMM FM 19
1 25415U 98046C   26061.95511042  .00001604  00000-0  55783-3 0  9998
2 25415  44.9953  28.4287 0001340 159.7173 242.7946 14.39246848441478
0 ORBCOMM FM 19
1 25415U 98046C   26062.10520203  .00001589  00000-0  55300-3 0  9992
2 25415  44.9954  27.7157 0001351 160.3173 300.6176 14.39247248441493
0 ORBCOMM FM 19
1 25415U 98046C   26062.10520204  .00001589  00000-0  55300-3 0  9993
2 25415  44.9954  27.7157 0001351 160.3174 300.6176 14.39247248441494
0 ORBCOMM FM 19
1 25415U 98046C   26063.07636822  .00001902  00000-0  65289-3 0  9990
2 25415  44.9955  23.1013 0001420 165.4930 292.2352 14.39252424441639
0 ORBCOMM FM 19
1 25415U 98046C   26063.07636822  .00001902  00000-0  65289-3 0  9990
2 25415  44.9955  23.1013 0001420 165.4930 292.2352 14.39252424441639
0 ORBCOMM FM 19
1 25415U 98046C   26064.17090813  .00001737  00000-0  60015-3 0  9994
2 25415  44.9955  17.9007 0001504 170.7729 203.6177 14.39255382441795
0 ORBCOMM FM 19
1 25415U 98046C   26064.17090813  .00001737  00000-0  60015-3 0  9994
2 25415  44.9955  17.9007 0001504 170.7729 203.6177 14.39255382441795
0 ORBCOMM FM 19
1 25415U 98046C   26064.87175385  .00001636  00000-0  56785-3 0  9996
2 25415  44.9955  14.5706 0001561 174.1787 235.0487 14.39257355441895
0 ORBCOMM FM 19
1 25415U 98046C   26066.20749547  .00001646  00000-0  57114-3 0  9990
2 25415  44.9955   8.2240 0001669 179.9070 316.9761 14.39262505442084
0 ORBCOMM FM 19
1 25415U 98046C   26066.20749549  .00001646  00000-0  57114-3 0  9992
2 25415  44.9955   8.2240 0001669 179.9071 316.9761 14.39262505442085
0 ORBCOMM FM 19
1 25415U 98046C   26066.96078425  .00001934  00000-0  66279-3 0  9995
2 25415  44.9957   4.6447 0001731 183.4748 260.2617 14.39267261442194
0 ORBCOMM FM 19
1 25415U 98046C   26066.96078425  .00001934  00000-0  66279-3 0  9995
2 25415  44.9957   4.6447 0001731 183.4748 260.2617 14.39267261442194
0 ORBCOMM FM 19
1 25415U 98046C   26067.17881840  .00001928  00000-0  66111-3 0  9990
2 25415  44.9957   3.6088 0001742 184.1036 310.4447 14.39268110442221
0 ORBCOMM FM 19
1 25415U 98046C   26067.53279118  .00001835  00000-0  63119-3 0  9991
2 25415  44.9957   1.9269 0001770 185.7535 344.6384 14.39268956442277
0 ORBCOMM FM 19
1 25415U 98046C   26067.53279118  .00001835  00000-0  63119-3 0  9991
2 25415  44.9957   1.9269 0001770 185.7535 344.6384 14.39268956442277
0 ORBCOMM FM 19
1 25415U 98046C   26067.85595322  .00001713  00000-0  59247-3 0  9996
2 25415  44.9958   0.3915 0001801 186.8652 219.5758 14.39269576442326
0 ORBCOMM FM 19
1 25415U 98046C   26068.00506439  .00001703  00000-0  58927-3 0  9998
2 25415  44.9959 359.6830 0001816 187.4459 272.3467 14.39270127442341
0 ORBCOMM FM 19
1 25415U 98046C   26069.94713206  .00001482  00000-0  51866-3 0  9993
2 25415  44.9961 350.4555 0001982 194.8387 257.3325 14.39276161442624
0 ORBCOMM FM 19
1 25415U 98046C   26070.16894791  .00001505  00000-0  52595-3 0  9994
2 25415  44.9959 349.4014 0001991 195.7337 326.8714 14.39277111442657
0 ORBCOMM FM 19
1 25415U 98046C   26070.16894791  .00001505  00000-0  52595-3 0  9994
2 25415  44.9959 349.4014 0001991 195.7337 326.8714 14.39277111442657
0 ORBCOMM FM 19
1 25415U 98046C   26070.51733755  .00001494  00000-0  52244-3 0  9993
2 25415  44.9958 347.7460 0002011 197.2808 332.2251 14.39278287442704
0 ORBCOMM FM 19
1 25415U 98046C   26070.51733755  .00001494  00000-0  52244-3 0  9993
2 25415  44.9958 347.7460 0002011 197.2808 332.2251 14.39278288442705
0 ORBCOMM FM 19
1 25415U 98046C   26071.04274012  .00001343  00000-0  47428-3 0  9999
2 25415  44.9959 345.2496 0002065 199.2380 175.2362 14.39279234442782
0 ORBCOMM FM 19
1 25415U 98046C   26071.04274013  .00001343  00000-0  47428-3 0  9990
2 25415  44.9959 345.2496 0002065 199.2380 175.2362 14.39279234442782
0 ORBCOMM FM 19
1 25415U 98046C   26071.81173776  .00001462  00000-0  51211-3 0  9996
2 25415  44.9958 341.5956 0002131 202.0428 200.7989 14.39282522442896
0 ORBCOMM FM 19
1 25415U 98046C   26071.96249638  .00001398  00000-0  49162-3 0  9993
2 25415  44.9958 340.8793 0002145 202.6408 262.1037 14.39282711442915
0 ORBCOMM FM 19
1 25415U 98046C   26071.96249638  .00001398  00000-0  49162-3 0  9993
2 25415  44.9958 340.8794 0002145 202.6408 262.1037 14.39282711442916
0 ORBCOMM FM 19
1 25415U 98046C   26072.10804744  .00001389  00000-0  48896-3 0  9998
2 25415  44.9958 340.1878 0002152 203.1818 296.4569 14.39283161442933
0 ORBCOMM FM 19
1 25415U 98046C   26072.93367187  .00001269  00000-0  45057-3 0  9997
2 25415  44.9956 336.2648 0002218 206.2860 255.4196 14.39285122443050
0 ORBCOMM FM 19
1 25415U 98046C   26073.74990980  .00001291  00000-0  45741-3 0  9995
2 25415  44.9956 332.3866 0002266 209.1912 165.9070 14.39287789443172
0 ORBCOMM FM 19
1 25415U 98046C   26073.97776137  .00001216  00000-0  43373-3 0  9992
2 25415  44.9956 331.3040 0002281 209.7112 267.1320 14.39288018443203
0 ORBCOMM FM 19
1 25415U 98046C   26074.99920817  .00000980  00000-0  35821-3 0  9997
2 25415  44.9953 326.4503 0002354 213.0437 161.5079 14.39289434443355
0 ORBCOMM FM 19
1 25415U 98046C   26075.69648289  .00000980  00000-0  35840-3 0  9996
2 25415  44.9952 323.1371 0002402 215.9363 175.0180 14.39291158443454
0 ORBCOMM FM 19
1 25415U 98046C   26075.97094814  .00000946  00000-0  34736-3 0  9991
2 25415  44.9951 321.8329 0002423 216.6912 157.7732 14.39291641443493
0 ORBCOMM FM 19
1 25415U 98046C   26075.97094814  .00000946  00000-0  34736-3 0  9991
2 25415  44.9951 321.8329 0002423 216.6912 157.7732 14.39291641443493
0 ORBCOMM FM 19
1 25415U 98046C   26076.66781133  .00000946  00000-0  34736-3 0  9995
2 25415  44.9950 318.5215 0002468 219.0426 169.6948 14.39293239443592
0 ORBCOMM FM 19
1 25415U 98046C   26076.94271816  .00000912  00000-0  33647-3 0  9991
2 25415  44.9949 317.2152 0002488 219.8593 154.6810 14.39293723443636
0 ORBCOMM FM 19
1 25415U 98046C   26077.63853917  .00000929  00000-0  34181-3 0  9998
2 25415  44.9947 313.9088 0002533 222.2672 161.1461 14.39295353443739
0 ORBCOMM FM 19
1 25415U 98046C   26077.91428789  .00000889  00000-0  32906-3 0  9992
2 25415  44.9945 312.5985 0002552 223.0471 150.5371 14.39295757443779
0 ORBCOMM FM 19
1 25415U 98046C   26077.91428789  .00000889  00000-0  32906-3 0  9992
2 25415  44.9945 312.5985 0002552 223.0471 150.5371 14.39295757443779
0 ORBCOMM FM 19
1 25415U 98046C   26078.68286318  .00000837  00000-0  31258-3 0  9999
2 25415  44.9944 308.9463 0002596 225.5452 174.2565 14.39297049443888
0 ORBCOMM FM 19
1 25415U 98046C   26078.68286318  .00000837  00000-0  31258-3 0  9999
2 25415  44.9944 308.9463 0002596 225.5452 174.2565 14.39297049443888
0 ORBCOMM FM 19
1 25415U 98046C   26079.05106207  .00000871  00000-0  32357-3 0  9998
2 25415  44.9942 307.1967 0002613 226.6490 282.8188 14.39297965443930
0 ORBCOMM FM 19
1 25415U 98046C   26079.05106208  .00000871  00000-0  32357-3 0  9999
2 25415  44.9942 307.1967 0002613 226.6490 282.8188 14.39297965443930
0 ORBCOMM FM 19
1 25415U 98046C   26079.33284356  .00000856  00000-0  31869-3 0  9991
2 25415  44.9942 305.8577 0002630 227.6074 303.3208 14.39298332443975
0 ORBCOMM FM 19
1 25415U 98046C   26080.62502909  .00001018  00000-0  37027-3 0  9995
2 25415  44.9938 299.7173 0002709 231.7450 161.1270 14.39301923444166
0 ORBCOMM FM 19
1 25415U 98046C   26080.89913312  .00001018  00000-0  37031-3 0  9993
2 25415  44.9938 298.4149 0002722 232.8282 141.6916 14.39302551444208
0 ORBCOMM FM 19
1 25415U 98046C   26081.34548221  .00001065  00000-0  38517-3 0  9999
2 25415  44.9937 296.2938 0002742 234.1859 295.3355 14.39303754444262
0 ORBCOMM FM 19
1 25415U 98046C   26082.31720963  .00001119  00000-0  40259-3 0  9998
2 25415  44.9935 291.6762 0002792 237.4632 291.9569 14.39306355444409
0 ORBCOMM FM 19
1 25415U 98046C   26082.56707789  .00001039  00000-0  37698-3 0  9990
2 25415  44.9934 290.4888 0002812 238.1769 147.1941 14.39306454444446
0 ORBCOMM FM 19
1 25415U 98046C   26082.93706642  .00001051  00000-0  38080-3 0  9998
2 25415  44.9934 288.7307 0002827 239.3268 265.0057 14.39307446444490
0 ORBCOMM FM 19
1 25415U 98046C   26083.28902433  .00001056  00000-0  38235-3 0  9990
2 25415  44.9933 287.0581 0002842 240.5677 289.2103 14.39308321444549
0 ORBCOMM FM 19
1 25415U 98046C   26083.28902433  .00001056  00000-0  38235-3 0  9990
2 25415  44.9933 287.0581 0002842 240.5677 289.2103 14.39308321444549
0 ORBCOMM FM 19
1 25415U 98046C   26083.61149635  .00001016  00000-0  36967-3 0  9990
2 25415  44.9933 285.5256 0002862 241.5248 160.7709 14.39308954444590
0 ORBCOMM FM 19
1 25415U 98046C   26084.58045477  .00001022  00000-0  37158-3 0  9996
2 25415  44.9931 280.9210 0002904 244.7540 143.0975 14.39311414444734
0 ORBCOMM FM 19
1 25415U 98046C   26084.85581431  .00000998  00000-0  36398-3 0  9997
2 25415  44.9930 279.6123 0002913 245.4377 130.5825 14.39311971444774
0 ORBCOMM FM 19
1 25415U 98046C   26084.85581431  .00000998  00000-0  36398-3 0  9997
2 25415  44.9930 279.6123 0002913 245.4377 130.5825 14.39311971444774
0 ORBCOMM FM 19
1 25415U 98046C   26085.30203437  .00001008  00000-0  36691-3 0  9994
2 25415  44.9931 277.4919 0002933 247.4151 282.9518 14.39313036444830
0 ORBCOMM FM 19
1 25415U 98046C   26085.55348756  .00000977  00000-0  35710-3 0  9990
2 25415  44.9930 276.2968 0002945 248.1237 146.4221 14.39313503444874
0 ORBCOMM FM 19
1 25415U 98046C   26085.55348756  .00000977  00000-0  35710-3 0  9990
2 25415  44.9930 276.2968 0002945 248.1237 146.4221 14.39313503444874
0 ORBCOMM FM 19
1 25415U 98046C   26086.52452939  .00000972  00000-0  35560-3 0  9995
2 25415  44.9930 271.6823 0002982 251.4528 139.4703 14.39315847445011
0 ORBCOMM FM 19
1 25415U 98046C   26086.52452940  .00000972  00000-0  35560-3 0  9997
2 25415  44.9930 271.6823 0002982 251.4528 139.4703 14.39315847445011
0 ORBCOMM FM 19
1 25415U 98046C   26086.89518933  .00001006  00000-0  36625-3 0  9994
2 25415  44.9931 269.9210 0002990 252.7331 260.6448 14.39316849445068
0 ORBCOMM FM 19
1 25415U 98046C   26086.89518934  .00001006  00000-0  36625-3 0  9995
2 25415  44.9931 269.9210 0002990 252.7331 260.6448 14.39316849445068
0 ORBCOMM FM 19
1 25415U 98046C   26087.49561784  .00001109  00000-0  39921-3 0  9999
2 25415  44.9931 267.0676 0003015 254.7981 132.7518 14.39318877445155
0 ORBCOMM FM 19
1 25415U 98046C   26087.49561784  .00001109  00000-0  39921-3 0  9999
2 25415  44.9931 267.0676 0003015 254.7981 132.7519 14.39318877445156
0 ORBCOMM FM 19
1 25415U 98046C   26087.77071816  .00001118  00000-0  40193-3 0  9995
2 25415  44.9933 265.7605 0003029 255.5681 118.8156 14.39319762445196
0 ORBCOMM FM 19
1 25415U 98046C   26087.77071816  .00001118  00000-0  40193-3 0  9995
2 25415  44.9933 265.7605 0003029 255.5681 118.8156 14.39319762445196
0 ORBCOMM FM 19
1 25415U 98046C   26088.21704438  .00001376  00000-0  48421-3 0  9996
2 25415  44.9934 263.6395 0003036 257.4489 271.8490 14.39322445445255
0 ORBCOMM FM 19
1 25415U 98046C   26088.21704438  .00001376  00000-0  48421-3 0  9996
2 25415  44.9934 263.6395 0003036 257.4489 271.8490 14.39322445445255
0 ORBCOMM FM 19
1 25415U 98046C   26089.19047128  .00001450  00000-0  50779-3 0  9992
2 25415  44.9934 259.0136 0003065 260.5117 277.5648 14.39325630445394
0 ORBCOMM FM 19
1 25415U 98046C   26089.51141582  .00001487  00000-0  51951-3 0  9990
2 25415  44.9935 257.4885 0003082 261.5547 141.1367 14.39326830445448
0 ORBCOMM FM 19
1 25415U 98046C   26089.51141582  .00001487  00000-0  51951-3 0  9990
2 25415  44.9935 257.4885 0003082 261.5547 141.1367 14.39326830445448
0 ORBCOMM FM 20
1 25416U 98046D   26060.39684627  .00001168  00000-0  43037-3 0  9990
2 25416  44.9948  42.5899 0001600 278.5316  81.5351 14.37873901441278
0 ORBCOMM FM 20
1 25416U 98046D   26060.39684628  .00001168  00000-0  43037-3 0  9991
2 25416  44.9948  42.5899 0001600 278.5316  81.5351 14.37873901441278
0 ORBCOMM FM 20
1 25416U 98046D   26061.30008201  .00001250  00000-0  45725-3 0  9998
2 25416  44.9949  38.3079 0001578 281.3803  78.6868 14.37876443441408
0 ORBCOMM FM 20
1 25416U 98046D   26061.30008202  .00001250  00000-0  45725-3 0  9999
2 25416  44.9949  38.3079 0001578 281.3803  78.6868 14.37876443441408
0 ORBCOMM FM 20
1 25416U 98046D   26061.64747982  .00001243  00000-0  45482-3 0  9993
2 25416  44.9950  36.6610 0001575 281.9467  78.1205 14.37877302441451
0 ORBCOMM FM 20
1 25416U 98046D   26061.99487748  .00001211  00000-0  44444-3 0  9994
2 25416  44.9952  35.0139 0001569 282.8438  77.2234 14.37878014441502
0 ORBCOMM FM 20
1 25416U 98046D   26061.99487748  .00001211  00000-0  44444-3 0  9994
2 25416  44.9952  35.0139 0001569 282.8438  77.2234 14.37878014441502
0 ORBCOMM FM 20
1 25416U 98046D   26063.03706852  .00001464  00000-0  52730-3 0  9998
2 25416  44.9953  30.0731 0001540 285.2372  74.8306 14.37882246441650
0 ORBCOMM FM 20
1 25416U 98046D   26063.31498558  .00001545  00000-0  55383-3 0  9997
2 25416  44.9954  28.7557 0001525 286.0803  73.9877 14.37883528441693
0 ORBCOMM FM 20
1 25416U 98046D   26063.31498558  .00001545  00000-0  55383-3 0  9997
2 25416  44.9954  28.7557 0001525 286.0803  73.9877 14.37883528441693
0 ORBCOMM FM 20
1 25416U 98046D   26064.14873704  .00001305  00000-0  47520-3 0  9997
2 25416  44.9953  24.8030 0001497 288.1554  71.9131 14.37884462441812
0 ORBCOMM FM 20
1 25416U 98046D   26064.28769538  .00001436  00000-0  51808-3 0  9990
2 25416  44.9953  24.1442 0001489 288.5025  71.5662 14.37885549441834
0 ORBCOMM FM 20
1 25416U 98046D   26064.56561181  .00001458  00000-0  52519-3 0  9999
2 25416  44.9953  22.8266 0001476 289.2950  70.7738 14.37886519441871
0 ORBCOMM FM 20
1 25416U 98046D   26064.56561181  .00001458  00000-0  52519-3 0  9999
2 25416  44.9953  22.8266 0001476 289.2950  70.7738 14.37886519441871
0 ORBCOMM FM 20
1 25416U 98046D   26064.84352802  .00001471  00000-0  52971-3 0  9995
2 25416  44.9954  21.5089 0001477 289.6591  70.4098 14.37887434441915
0 ORBCOMM FM 20
1 25416U 98046D   26064.91300764  .00001215  00000-0  44568-3 0  9992
2 25416  44.9954  21.1795 0001458 290.3960  69.6731 14.37886139441929
0 ORBCOMM FM 20
1 25416U 98046D   26064.98248674  .00001212  00000-0  44474-3 0  9993
2 25416  44.9954  20.8501 0001454 290.4917  69.5775 14.37886323441932
0 ORBCOMM FM 20
1 25416U 98046D   26065.81623457  .00001427  00000-0  51507-3 0  9995
2 25416  44.9956  16.8975 0001423 292.8479  67.2219 14.37889961442052
0 ORBCOMM FM 20
1 25416U 98046D   26066.16362984  .00001200  00000-0  44057-3 0  9990
2 25416  44.9956  15.2506 0001398 293.7129  66.3572 14.37889588442101
0 ORBCOMM FM 20
1 25416U 98046D   26066.30258730  .00001453  00000-0  52368-3 0  9993
2 25416  44.9956  14.5919 0001392 294.1173  65.9530 14.37891434442123
0 ORBCOMM FM 20
1 25416U 98046D   26066.30258730  .00001453  00000-0  52368-3 0  9993
2 25416  44.9956  14.5919 0001392 294.1173  65.9530 14.37891434442123
0 ORBCOMM FM 20
1 25416U 98046D   26066.58050287  .00001407  00000-0  50872-3 0  9997
2 25416  44.9957  13.2743 0001387 294.7020  65.3683 14.37891974442162
0 ORBCOMM FM 20
1 25416U 98046D   26066.92789678  .00001420  00000-0  51280-3 0  9997
2 25416  44.9957  11.6273 0001369 295.3859  64.6848 14.37893116442210
0 ORBCOMM FM 20
1 25416U 98046D   26066.92789679  .00001420  00000-0  51280-3 0  9998
2 25416  44.9957  11.6273 0001369 295.3859  64.6848 14.37893116442210
0 ORBCOMM FM 20
1 25416U 98046D   26067.13633323  .00001400  00000-0  50618-3 0  9998
2 25416  44.9957  10.6391 0001353 295.7979  64.2730 14.37893589442243
0 ORBCOMM FM 20
1 25416U 98046D   26067.20581197  .00001412  00000-0  51031-3 0  9990
2 25416  44.9957  10.3098 0001352 295.8262  64.2446 14.37893869442255
0 ORBCOMM FM 20
1 25416U 98046D   26067.20581198  .00001412  00000-0  51031-3 0  9991
2 25416  44.9957  10.3098 0001352 295.8262  64.2446 14.37893869442255
0 ORBCOMM FM 20
1 25416U 98046D   26067.83112053  .00001265  00000-0  46195-3 0  9991
2 25416  44.9958   7.3452 0001331 296.8033  63.2678 14.37894889442349
0 ORBCOMM FM 20
1 25416U 98046D   26068.94277876  .00001137  00000-0  42007-3 0  9995
2 25416  44.9958   2.0750 0001271 298.9063  61.1657 14.37897292442504
0 ORBCOMM FM 20
1 25416U 98046D   26069.22069266  .00001152  00000-0  42492-3 0  9994
2 25416  44.9958   0.7575 0001251 299.7885  60.2839 14.37898227442548
0 ORBCOMM FM 20
1 25416U 98046D   26069.22069266  .00001152  00000-0  42492-3 0  9994
2 25416  44.9958   0.7575 0001251 299.7885  60.2839 14.37898226442547
0 ORBCOMM FM 20
1 25416U 98046D   26069.91547763  .00001040  00000-0  38815-3 0  9993
2 25416  44.9959 357.4636 0001215 300.9616  59.1113 14.37899473442643
0 ORBCOMM FM 20
1 25416U 98046D   26070.12391296  .00001025  00000-0  38300-3 0  9998
2 25416  44.9959 356.4755 0001201 301.5431  58.5300 14.37899930442673
0 ORBCOMM FM 20
1 25416U 98046D   26070.12391297  .00001025  00000-0  38300-3 0  9999
2 25416  44.9959 356.4755 0001201 301.5431  58.5300 14.37899930442673
0 ORBCOMM FM 20
1 25416U 98046D   26070.81869692  .00001005  00000-0  37670-3 0  9991
2 25416  44.9959 353.1816 0001139 303.5168  56.5571 14.37901590442779
0 ORBCOMM FM 20
1 25416U 98046D   26070.81869692  .00001005  00000-0  37670-3 0  9991
2 25416  44.9959 353.1816 0001139 303.5168  56.5571 14.37901590442779
0 ORBCOMM FM 20
1 25416U 98046D   26070.95765370  .00000927  00000-0  35094-3 0  9994
2 25416  44.9959 352.5229 0001128 303.8688  56.2053 14.37901504442797
0 ORBCOMM FM 20
1 25416U 98046D   26070.95765371  .00000927  00000-0  35094-3 0  9995
2 25416  44.9959 352.5229 0001128 303.8688  56.2053 14.37901504442797
0 ORBCOMM FM 20
1 25416U 98046D   26071.72191483  .00001042  00000-0  38877-3 0  9999
2 25416  44.9958 348.8996 0001083 305.5977  54.4770 14.37903998442903
0 ORBCOMM FM 20
1 25416U 98046D   26071.93034953  .00000986  00000-0  37031-3 0  9997
2 25416  44.9958 347.9115 0001077 305.4272  54.6476 14.37904217442939
0 ORBCOMM FM 20
1 25416U 98046D   26071.93034953  .00000986  00000-0  37031-3 0  9997
2 25416  44.9958 347.9115 0001077 305.4272  54.6476 14.37904217442939
0 ORBCOMM FM 20
1 25416U 98046D   26072.13878434  .00000978  00000-0  36759-3 0  9997
2 25416  44.9958 346.9233 0001068 305.8259  54.2489 14.37904603442960
0 ORBCOMM FM 20
1 25416U 98046D   26072.76408784  .00000986  00000-0  37017-3 0  9990
2 25416  44.9957 343.9587 0001031 306.8963  53.1791 14.37906117443058
0 ORBCOMM FM 20
1 25416U 98046D   26073.04200048  .00000903  00000-0  34317-3 0  9994
2 25416  44.9956 342.6411 0001007 307.4217  52.6539 14.37906289443099
0 ORBCOMM FM 20
1 25416U 98046D   26073.45886902  .00000902  00000-0  34257-3 0  9990
2 25416  44.9956 340.6649 0000982 308.1710  51.9050 14.37907242443154
0 ORBCOMM FM 20
1 25416U 98046D   26073.73678092  .00000957  00000-0  36063-3 0  9997
2 25416  44.9955 339.3472 0000962 308.5206  51.5556 14.37908249443193
0 ORBCOMM FM 20
1 25416U 98046D   26073.94521529  .00000883  00000-0  33663-3 0  9993
2 25416  44.9956 338.3591 0000938 308.9098  51.1667 14.37908260443227
0 ORBCOMM FM 20
1 25416U 98046D   26074.43156153  .00000784  00000-0  30386-3 0  9994
2 25416  44.9955 336.0534 0000902 309.7962  50.2807 14.37908739443292
0 ORBCOMM FM 20
1 25416U 98046D   26074.98738544  .00000690  00000-0  27329-3 0  9993
2 25416  44.9955 333.4182 0000854 310.2184  49.8589 14.37909347443377
0 ORBCOMM FM 20
1 25416U 98046D   26075.75164255  .00000688  00000-0  27249-3 0  9999
2 25416  44.9952 329.7947 0000795 311.0504  49.0275 14.37910845443481
0 ORBCOMM FM 20
1 25416U 98046D   26075.96007623  .00000667  00000-0  26550-3 0  9998
2 25416  44.9952 328.8066 0000777 311.3661  48.7120 14.37911123443519
0 ORBCOMM FM 20
1 25416U 98046D   26075.96007624  .00000667  00000-0  26550-3 0  9999
2 25416  44.9952 328.8066 0000777 311.3661  48.7120 14.37911123443519
0 ORBCOMM FM 20
1 25416U 98046D   26077.00224399  .00000640  00000-0  25657-3 0  9994
2 25416  44.9951 323.8655 0000689 312.2417  47.8373 14.37912800443667
0 ORBCOMM FM 20
1 25416U 98046D   26077.97493288  .00000639  00000-0  25626-3 0  9999
2 25416  44.9950 319.2539 0000616 312.1626  47.9169 14.37914369443809
0 ORBCOMM FM 20
1 25416U 98046D   26078.39179950  .00000644  00000-0  25794-3 0  9995
2 25416  44.9949 317.2775 0000599 312.1304  47.9493 14.37914963443866
0 ORBCOMM FM 20
1 25416U 98046D   26079.01709882  .00000629  00000-0  25320-3 0  9996
2 25416  44.9949 314.3130 0000547 311.2850  48.7951 14.37915816443954
0 ORBCOMM FM 20
1 25416U 98046D   26079.01709882  .00000629  00000-0  25320-3 0  9996
2 25416  44.9949 314.3130 0000547 311.2850  48.7951 14.37915816443954
0 ORBCOMM FM 20
1 25416U 98046D   26079.36448747  .00000610  00000-0  24672-3 0  9993
2 25416  44.9948 312.6659 0000520 310.5663  49.5140 14.37916117444006
0 ORBCOMM FM 20
1 25416U 98046D   26079.36448747  .00000610  00000-0  24672-3 0  9993
2 25416  44.9948 312.6659 0000520 310.5663  49.5140 14.37916117444006
0 ORBCOMM FM 20
1 25416U 98046D   26079.92030831  .00000619  00000-0  24980-3 0  9997
2 25416  44.9946 310.0306 0000481 308.9940  51.0866 14.37917034444080
0 ORBCOMM FM 20
1 25416U 98046D   26080.61508361  .00000709  00000-0  27919-3 0  9998
2 25416  44.9945 306.7365 0000440 306.5958  53.4849 14.37918688444188
0 ORBCOMM FM 20
1 25416U 98046D   26080.89299307  .00000748  00000-0  29204-3 0  9997
2 25416  44.9945 305.4190 0000431 305.6556  54.4251 14.37919540444225
0 ORBCOMM FM 20
1 25416U 98046D   26080.96247056  .00000751  00000-0  29301-3 0  9991
2 25416  44.9944 305.0897 0000423 305.5569  54.5240 14.37919670444232
0 ORBCOMM FM 20
1 25416U 98046D   26081.86567689  .00000788  00000-0  30509-3 0  9990
2 25416  44.9943 300.8073 0000363 299.7044  60.3768 14.37921537444364
0 ORBCOMM FM 20
1 25416U 98046D   26081.93515429  .00000792  00000-0  30650-3 0  9995
2 25416  44.9943 300.4780 0000357 299.4007  60.6805 14.37921684444373
0 ORBCOMM FM 20
1 25416U 98046D   26082.90783671  .00000797  00000-0  30823-3 0  9996
2 25416  44.9941 295.8661 0000314 290.4193  69.6622 14.37923555444517
0 ORBCOMM FM 20
1 25416U 98046D   26083.88051799  .00000786  00000-0  30458-3 0  9995
2 25416  44.9940 291.2542 0000286 277.5898  82.4918 14.37925338444657
0 ORBCOMM FM 20
1 25416U 98046D   26084.29738101  .00000790  00000-0  30598-3 0  9990
2 25416  44.9940 289.2778 0000288 273.4494  86.6321 14.37926172444712
0 ORBCOMM FM 20
1 25416U 98046D   26084.85319771  .00000777  00000-0  30170-3 0  9991
2 25416  44.9938 286.6423 0000288 264.5405  95.5410 14.37927269444794
0 ORBCOMM FM 20
1 25416U 98046D   26084.92267509  .00000778  00000-0  30192-3 0  9995
2 25416  44.9939 286.3131 0000286 263.7115  96.3700 14.37927329444805
0 ORBCOMM FM 20
1 25416U 98046D   26084.92267509  .00000778  00000-0  30192-3 0  9995
2 25416  44.9939 286.3131 0000286 263.7115  96.3700 14.37927329444805
0 ORBCOMM FM 20
1 25416U 98046D   26085.27006032  .00000788  00000-0  30504-3 0  9994
2 25416  44.9939 284.6660 0000294 259.4945 100.5870 14.37928118444853
0 ORBCOMM FM 20
1 25416U 98046D   26085.54796835  .00000763  00000-0  29698-3 0  9996
2 25416  44.9939 283.3482 0000304 256.2809 103.8006 14.37928574444894
0 ORBCOMM FM 20
1 25416U 98046D   26085.96483009  .00000829  00000-0  31852-3 0  9996
2 25416  44.9938 281.3716 0000308 251.7086 108.3729 14.37929845444953
0 ORBCOMM FM 20
1 25416U 98046D   26085.96483010  .00000829  00000-0  31852-3 0  9998
2 25416  44.9938 281.3716 0000308 251.7086 108.3729 14.37929845444953
0 ORBCOMM FM 20
1 25416U 98046D   26086.24273801  .00000800  00000-0  30928-3 0  9997
2 25416  44.9938 280.0539 0000323 248.1605 111.9209 14.37930245444999
0 ORBCOMM FM 20
1 25416U 98046D   26086.59012255  .00000764  00000-0  29736-3 0  9993
2 25416  44.9937 278.4067 0000338 244.1888 115.8925 14.37930784445043
0 ORBCOMM FM 20
1 25416U 98046D   26086.59012255  .00000764  00000-0  29736-3 0  9993
2 25416  44.9937 278.4067 0000338 244.1888 115.8925 14.37930784445043
0 ORBCOMM FM 20
1 25416U 98046D   26086.86802992  .00000830  00000-0  31881-3 0  9996
2 25416  44.9938 277.0892 0000354 241.0278 119.0535 14.37931763445087
0 ORBCOMM FM 20
1 25416U 98046D   26086.86802992  .00000830  00000-0  31881-3 0  9996
2 25416  44.9938 277.0891 0000354 241.0278 119.0535 14.37931763445086
0 ORBCOMM FM 20
1 25416U 98046D   26086.93750678  .00000831  00000-0  31943-3 0  9997
2 25416  44.9938 276.7597 0000355 240.6448 119.4364 14.37931921445091
0 ORBCOMM FM 20
1 25416U 98046D   26087.21541398  .00000912  00000-0  34599-3 0  9996
2 25416  44.9938 275.4420 0000368 239.3091 120.7721 14.37932984445132
0 ORBCOMM FM 20
1 25416U 98046D   26087.21541399  .00000912  00000-0  34599-3 0  9997
2 25416  44.9938 275.4421 0000368 239.3091 120.7721 14.37932984445133
0 ORBCOMM FM 20
1 25416U 98046D   26087.91018165  .00000951  00000-0  35846-3 0  9993
2 25416  44.9937 272.1478 0000407 234.0294 126.0516 14.37934686445232
0 ORBCOMM FM 20
1 25416U 98046D   26088.18808807  .00001126  00000-0  41596-3 0  9997
2 25416  44.9938 270.8301 0000425 233.6298 126.4511 14.37936358445273
0 ORBCOMM FM 20
1 25416U 98046D   26088.18808807  .00001126  00000-0  41596-3 0  9997
2 25416  44.9938 270.8301 0000425 233.6298 126.4511 14.37936357445272
0 ORBCOMM FM 20
1 25416U 98046D   26089.16076094  .00001145  00000-0  42234-3 0  9992
2 25416  44.9938 266.2182 0000484 230.3162 129.7643 14.37938624445414
0 ORBCOMM FM 20
1 25416U 98046D   26089.50814348  .00001166  00000-0  42909-3 0  9994
2 25416  44.9938 264.5710 0000522 228.8356 131.2447 14.37939582445461
0 ORBCOMM FM 20
1 25416U 98046D   26089.50814349  .00001166  00000-0  42909-3 0  9995
2 25416  44.9938 264.5710 0000522 228.8356 131.2447 14.37939583445462
0 ORBCOMM FM 20
1 25416U 98046D   26089.85552601  .00001171  00000-0  43068-3 0  9996
2 25416  44.9938 262.9240 0000544 227.7633 132.3169 14.37940436445510
0 ORBCOMM FM 16
1 25417U 98046E   26060.13826802  .00001414  00000-0  49176-3 0  9990
2 25417  44.9945  31.7958 0002719 177.2352 182.8512 14.39804486441277
0 ORBCOMM FM 16
1 25417U 98046E   26060.27704063  .00001529  00000-0  52804-3 0  9998
2 25417  44.9945  31.1359 0002729 177.8874 182.1986 14.39805566441292
0 ORBCOMM FM 16
1 25417U 98046E   26060.41581325  .00001529  00000-0  52786-3 0  9997
2 25417  44.9945  30.4759 0002737 178.5385 181.5472 14.39806031441316
0 ORBCOMM FM 16
1 25417U 98046E   26060.83213093  .00001503  00000-0  51979-3 0  9992
2 25417  44.9946  28.4961 0002767 180.6584 179.4261 14.39807183441374
0 ORBCOMM FM 16
1 25417U 98046E   26060.97090356  .00001434  00000-0  49778-3 0  9999
2 25417  44.9945  27.8360 0002783 181.3338 178.7504 14.39807252441393
0 ORBCOMM FM 16
1 25417U 98046E   26061.17906230  .00001427  00000-0  49564-3 0  9994
2 25417  44.9946  26.8461 0002794 182.1756 177.9081 14.39807840441428
0 ORBCOMM FM 16
1 25417U 98046E   26061.38722077  .00001584  00000-0  54522-3 0  9996
2 25417  44.9946  25.8563 0002804 183.0684 177.0148 14.39809349441456
0 ORBCOMM FM 16
1 25417U 98046E   26061.59537923  .00001552  00000-0  53519-3 0  9993
2 25417  44.9946  24.8663 0002820 184.0974 175.9852 14.39809832441486
0 ORBCOMM FM 16
1 25417U 98046E   26061.80353759  .00001554  00000-0  53569-3 0  9997
2 25417  44.9947  23.8763 0002836 185.0853 174.9967 14.39810475441516
0 ORBCOMM FM 16
1 25417U 98046E   26061.94230979  .00001504  00000-0  51997-3 0  9998
2 25417  44.9947  23.2162 0002849 185.7075 174.3742 14.39810654441536
0 ORBCOMM FM 16
1 25417U 98046E   26062.15046801  .00001499  00000-0  51840-3 0  9991
2 25417  44.9947  22.2264 0002863 186.5898 173.4914 14.39811301441560
0 ORBCOMM FM 16
1 25417U 98046E   26062.35862609  .00001618  00000-0  55595-3 0  9999
2 25417  44.9947  21.2364 0002874 187.5181 172.5625 14.39812654441592
0 ORBCOMM FM 16
1 25417U 98046E   26062.35862610  .00001618  00000-0  55595-3 0  9991
2 25417  44.9947  21.2364 0002874 187.5181 172.5625 14.39812654441592
0 ORBCOMM FM 16
1 25417U 98046E   26062.84432722  .00001720  00000-0  58815-3 0  9994
2 25417  44.9947  18.9265 0002911 189.9465 170.1326 14.39814940441668
0 ORBCOMM FM 16
1 25417U 98046E   26062.91371316  .00001774  00000-0  60522-3 0  9990
2 25417  44.9948  18.5965 0002910 190.1111 169.9680 14.39815460441671
0 ORBCOMM FM 16
1 25417U 98046E   26063.12187079  .00001787  00000-0  60913-3 0  9993
2 25417  44.9948  17.6067 0002919 190.9325 169.1461 14.39816229441705
0 ORBCOMM FM 16
1 25417U 98046E   26063.33002796  .00001868  00000-0  63462-3 0  9990
2 25417  44.9948  16.6167 0002933 191.8534 168.2246 14.39817488441735
0 ORBCOMM FM 16
1 25417U 98046E   26063.33002797  .00001868  00000-0  63462-3 0  9991
2 25417  44.9948  16.6167 0002933 191.8534 168.2246 14.39817488441735
0 ORBCOMM FM 16
1 25417U 98046E   26063.81572855  .00001786  00000-0  60901-3 0  9995
2 25417  44.9949  14.3067 0002964 194.0058 166.0709 14.39818600441805
0 ORBCOMM FM 16
1 25417U 98046E   26064.16265725  .00001667  00000-0  57115-3 0  9990
2 25417  44.9949  12.6569 0002984 195.3242 164.7517 14.39819112441850
0 ORBCOMM FM 16
1 25417U 98046E   26064.30142846  .00001825  00000-0  62118-3 0  9999
2 25417  44.9950  11.9968 0002996 195.9006 164.1749 14.39820484441871
0 ORBCOMM FM 16
1 25417U 98046E   26064.44019968  .00001826  00000-0  62148-3 0  9996
2 25417  44.9950  11.3368 0003001 196.5155 163.5597 14.39820999441896
0 ORBCOMM FM 16
1 25417U 98046E   26064.78712740  .00001896  00000-0  64359-3 0  9994
2 25417  44.9949   9.6871 0003020 198.0751 161.9991 14.39822603441943
0 ORBCOMM FM 16
1 25417U 98046E   26064.85651292  .00001884  00000-0  63973-3 0  9994
2 25417  44.9949   9.3571 0003024 198.3523 161.7217 14.39822832441955
0 ORBCOMM FM 16
1 25417U 98046E   26064.92589892  .00001587  00000-0  54619-3 0  9995
2 25417  44.9949   9.0271 0003031 198.5840 161.4899 14.39821381441963
0 ORBCOMM FM 16
1 25417U 98046E   26065.27282630  .00001791  00000-0  61043-3 0  9990
2 25417  44.9950   7.3773 0003063 200.1409 159.9320 14.39823795442018
0 ORBCOMM FM 16
1 25417U 98046E   26065.61975320  .00001795  00000-0  61155-3 0  9991
2 25417  44.9950   5.7274 0003087 201.6501 158.4218 14.39825196442063
0 ORBCOMM FM 16
1 25417U 98046E   26065.82790914  .00001845  00000-0  62728-3 0  9991
2 25417  44.9949   4.7375 0003120 202.7176 157.3536 14.39826147442091
0 ORBCOMM FM 16
1 25417U 98046E   26066.17483656  .00001562  00000-0  53803-3 0  9992
2 25417  44.9950   3.0876 0003136 204.0372 156.0331 14.39825685442142
0 ORBCOMM FM 16
1 25417U 98046E   26066.24422135  .00001841  00000-0  62616-3 0  9997
2 25417  44.9950   2.7576 0003139 204.3751 155.6950 14.39827677442158
0 ORBCOMM FM 16
1 25417U 98046E   26066.38299185  .00001811  00000-0  61666-3 0  9990
2 25417  44.9950   2.0977 0003150 204.9463 155.1234 14.39828109442178
0 ORBCOMM FM 16
1 25417U 98046E   26066.38299186  .00001811  00000-0  61666-3 0  9991
2 25417  44.9950   2.0977 0003150 204.9463 155.1234 14.39828110442170
0 ORBCOMM FM 16
1 25417U 98046E   26066.93807337  .00001723  00000-0  58892-3 0  9994
2 25417  44.9950 359.4577 0003197 207.1728 152.8954 14.39829901442256
0 ORBCOMM FM 16
1 25417U 98046E   26067.00745854  .00001711  00000-0  58512-3 0  9994
2 25417  44.9950 359.1277 0003201 207.4535 152.6145 14.39830095442262
0 ORBCOMM FM 16
1 25417U 98046E   26067.14622878  .00001712  00000-0  58530-3 0  9990
2 25417  44.9950 358.4678 0003209 208.0342 152.0334 14.39830608442286
0 ORBCOMM FM 16
1 25417U 98046E   26067.49315436  .00001677  00000-0  57438-3 0  9993
2 25417  44.9951 356.8179 0003230 209.3657 150.7011 14.39831600442338
0 ORBCOMM FM 16
1 25417U 98046E   26067.63192444  .00001659  00000-0  56856-3 0  9994
2 25417  44.9951 356.1579 0003241 209.9939 150.0725 14.39832071442356
0 ORBCOMM FM 16
1 25417U 98046E   26067.90946449  .00001576  00000-0  54237-3 0  9995
2 25417  44.9951 354.8380 0003256 210.9417 149.1241 14.39832603442397
0 ORBCOMM FM 16
1 25417U 98046E   26068.39515929  .00001509  00000-0  52123-3 0  9992
2 25417  44.9951 352.5282 0003283 212.8635 147.2010 14.39833989442465
0 ORBCOMM FM 16
1 25417U 98046E   26068.60331398  .00001564  00000-0  53847-3 0  9997
2 25417  44.9952 351.5382 0003298 213.8145 146.2494 14.39834978442496
0 ORBCOMM FM 16
1 25417U 98046E   26068.88085332  .00001523  00000-0  52579-3 0  9997
2 25417  44.9951 350.2182 0003309 214.7753 145.2880 14.39835785442537
0 ORBCOMM FM 16
1 25417U 98046E   26068.95023820  .00001530  00000-0  52782-3 0  9993
2 25417  44.9952 349.8882 0003319 215.0522 145.0109 14.39836003442545
0 ORBCOMM FM 16
1 25417U 98046E   26069.15839233  .00001557  00000-0  53644-3 0  9996
2 25417  44.9952 348.8984 0003333 215.9134 144.1491 14.39836982442574
0 ORBCOMM FM 16
1 25417U 98046E   26069.22777708  .00001544  00000-0  53215-3 0  9992
2 25417  44.9952 348.5684 0003338 216.1941 143.8682 14.39837214442580
0 ORBCOMM FM 16
1 25417U 98046E   26069.36654662  .00001512  00000-0  52234-3 0  9995
2 25417  44.9952 347.9084 0003347 216.7632 143.2988 14.39837573442604
0 ORBCOMM FM 16
1 25417U 98046E   26069.85223989  .00001402  00000-0  48753-3 0  9992
2 25417  44.9952 345.5985 0003390 218.4572 141.6036 14.39838633442679
0 ORBCOMM FM 16
1 25417U 98046E   26069.92162462  .00001396  00000-0  48574-3 0  9991
2 25417  44.9952 345.2685 0003391 218.7168 141.3438 14.39838818442687
0 ORBCOMM FM 16
1 25417U 98046E   26070.12977859  .00001395  00000-0  48519-3 0  9997
2 25417  44.9951 344.2787 0003403 219.5704 140.4896 14.39839498442714
0 ORBCOMM FM 16
1 25417U 98046E   26070.26854777  .00001393  00000-0  48457-3 0  9994
2 25417  44.9951 343.6187 0003409 220.1535 139.9062 14.39840065442739
0 ORBCOMM FM 16
1 25417U 98046E   26070.47670168  .00001375  00000-0  47884-3 0  9990
2 25417  44.9951 342.6288 0003424 220.9858 139.0734 14.39840676442761
0 ORBCOMM FM 16
1 25417U 98046E   26070.82362485  .00001239  00000-0  43612-3 0  9993
2 25417  44.9951 340.9788 0003443 222.0818 137.9767 14.39841048442810
0 ORBCOMM FM 16
1 25417U 98046E   26070.96239395  .00001238  00000-0  43560-3 0  9992
2 25417  44.9951 340.3189 0003454 222.6547 137.4034 14.39841472442831
0 ORBCOMM FM 16
1 25417U 98046E   26071.17054736  .00001393  00000-0  48468-3 0  9994
2 25417  44.9950 339.3289 0003455 223.4134 136.6443 14.39843040442862
0 ORBCOMM FM 16
1 25417U 98046E   26071.23993185  .00001387  00000-0  48264-3 0  9998
2 25417  44.9950 338.9990 0003458 223.6797 136.3779 14.39843251442870
0 ORBCOMM FM 16
1 25417U 98046E   26071.72562301  .00001369  00000-0  47697-3 0  9993
2 25417  44.9950 336.6890 0003485 225.5528 134.5036 14.39844745442940
0 ORBCOMM FM 16
1 25417U 98046E   26071.79500747  .00001349  00000-0  47063-3 0  9991
2 25417  44.9950 336.3590 0003489 225.7387 134.3176 14.39844866442951
0 ORBCOMM FM 16
1 25417U 98046E   26071.93377618  .00001304  00000-0  45640-3 0  9996
2 25417  44.9950 335.6990 0003496 226.2211 133.8349 14.39845107442974
0 ORBCOMM FM 16
1 25417U 98046E   26071.93377618  .00001304  00000-0  45640-3 0  9996
2 25417  44.9950 335.6990 0003496 226.2211 133.8349 14.39845107442974
0 ORBCOMM FM 16
1 25417U 98046E   26072.28069817  .00001297  00000-0  45424-3 0  9995
2 25417  44.9949 334.0491 0003507 227.5230 132.5322 14.39846101443028
0 ORBCOMM FM 16
1 25417U 98046E   26072.97454098  .00001234  00000-0  43429-3 0  9994
2 25417  44.9948 330.7492 0003547 230.1151 129.9386 14.39847971443124
0 ORBCOMM FM 16
1 25417U 98046E   26073.25207785  .00001262  00000-0  44334-3 0  9992
2 25417  44.9947 329.4293 0003551 231.0923 128.9609 14.39848938443164
0 ORBCOMM FM 16
1 25417U 98046E   26073.39084621  .00001261  00000-0  44304-3 0  9995
2 25417  44.9947 328.7694 0003558 231.6027 128.4502 14.39849360443188
0 ORBCOMM FM 16
1 25417U 98046E   26073.94591919  .00001275  00000-0  44720-3 0  9996
2 25417  44.9946 326.1294 0003582 233.5496 126.5023 14.39851121443267
0 ORBCOMM FM 16
1 25417U 98046E   26074.29283980  .00001172  00000-0  41495-3 0  9993
2 25417  44.9946 324.4795 0003591 234.8870 125.1643 14.39851558443317
0 ORBCOMM FM 16
1 25417U 98046E   26074.63976030  .00001056  00000-0  37812-3 0  9995
2 25417  44.9945 322.8294 0003610 236.1439 123.9067 14.39851893443363
0 ORBCOMM FM 16
1 25417U 98046E   26074.98668047  .00001003  00000-0  36161-3 0  9997
2 25417  44.9945 321.1795 0003617 237.2553 122.7948 14.39852643443412
0 ORBCOMM FM 16
1 25417U 98046E   26075.26421630  .00001120  00000-0  39839-3 0  9999
2 25417  44.9944 319.8596 0003626 238.3734 121.6761 14.39854038443452
0 ORBCOMM FM 16
1 25417U 98046E   26075.81928818  .00001009  00000-0  36322-3 0  9990
2 25417  44.9943 317.2196 0003645 240.3156 119.7330 14.39854810443538
0 ORBCOMM FM 16
1 25417U 98046E   26076.16620786  .00001018  00000-0  36611-3 0  9993
2 25417  44.9943 315.5696 0003648 241.6019 118.4462 14.39855739443587
0 ORBCOMM FM 16
1 25417U 98046E   26076.16620786  .00001018  00000-0  36611-3 0  9993
2 25417  44.9943 315.5696 0003648 241.6019 118.4462 14.39855739443587
0 ORBCOMM FM 16
1 25417U 98046E   26076.65189487  .00001021  00000-0  36723-3 0  9993
2 25417  44.9942 313.2595 0003666 243.3017 116.7457 14.39856961443657
0 ORBCOMM FM 16
1 25417U 98046E   26076.86004638  .00000977  00000-0  35316-3 0  9996
2 25417  44.9942 312.2696 0003672 243.9172 116.1299 14.39857238443682
0 ORBCOMM FM 16
1 25417U 98046E   26076.92943008  .00000981  00000-0  35439-3 0  9997
2 25417  44.9942 311.9395 0003692 244.2007 115.8461 14.39857448443698
0 ORBCOMM FM 16
1 25417U 98046E   26077.20696532  .00001051  00000-0  37667-3 0  9990
2 25417  44.9941 310.6195 0003695 245.2817 114.7647 14.39858495443736
0 ORBCOMM FM 16
1 25417U 98046E   26077.62326787  .00001003  00000-0  36145-3 0  9995
2 25417  44.9941 308.6395 0003710 246.7425 113.3034 14.39859245443799
0 ORBCOMM FM 16
1 25417U 98046E   26077.90080272  .00000970  00000-0  35114-3 0  9999
2 25417  44.9941 307.3195 0003720 247.6679 112.3776 14.39859744443836
0 ORBCOMM FM 16
1 25417U 98046E   26077.90080274  .00000965  00000-0  34952-3 0  9994
2 25417  44.9941 307.3195 0003722 247.6366 112.4089 14.39859720443833
0 ORBCOMM FM 16
1 25417U 98046E   26078.17833781  .00000984  00000-0  35534-3 0  9991
2 25417  44.9940 305.9995 0003725 248.7082 111.3369 14.39860382443873
0 ORBCOMM FM 16
1 25417U 98046E   26078.80279076  .00000962  00000-0  34837-3 0  9993
2 25417  44.9940 303.0295 0003745 250.8975 109.1468 14.39861659443965
0 ORBCOMM FM 16
1 25417U 98046E   26078.94155802  .00000968  00000-0  35027-3 0  9996
2 25417  44.9940 302.3695 0003746 251.3790 108.6652 14.39861993443985
0 ORBCOMM FM 16
1 25417U 98046E   26079.14970933  .00000946  00000-0  34346-3 0  9998
2 25417  44.9939 301.3795 0003748 252.0746 107.9694 14.39862160444014
0 ORBCOMM FM 16
1 25417U 98046E   26079.21909293  .00000941  00000-0  34199-3 0  9998
2 25417  44.9939 301.0495 0003751 252.3499 107.6940 14.39862295444021
0 ORBCOMM FM 16
1 25417U 98046E   26079.28847653  .00000939  00000-0  34111-3 0  9997
2 25417  44.9939 300.7195 0003755 252.6219 107.4219 14.39862435444035
0 ORBCOMM FM 16
1 25417U 98046E   26079.84354491  .00000944  00000-0  34282-3 0  9997
2 25417  44.9938 298.0794 0003768 254.6136 105.4297 14.39863683444111
0 ORBCOMM FM 16
1 25417U 98046E   26079.91292844  .00000957  00000-0  34687-3 0  9991
2 25417  44.9938 297.7494 0003769 254.8059 105.2373 14.39863886444120
0 ORBCOMM FM 16
1 25417U 98046E   26080.12107897  .00000970  00000-0  35100-3 0  9995
2 25417  44.9937 296.7594 0003773 255.6589 104.3841 14.39864390444155
0 ORBCOMM FM 16
1 25417U 98046E   26080.60676265  .00001099  00000-0  39174-3 0  9996
2 25417  44.9937 294.4493 0003787 257.4755 102.5670 14.39866300444229
0 ORBCOMM FM 16
1 25417U 98046E   26080.95367960  .00001104  00000-0  39316-3 0  9998
2 25417  44.9936 292.7993 0003789 258.6161 101.4262 14.39867099444276
0 ORBCOMM FM 16
1 25417U 98046E   26081.02306295  .00001105  00000-0  39341-3 0  9990
2 25417  44.9936 292.4693 0003789 258.8303 101.2120 14.39867277444280
0 ORBCOMM FM 16
1 25417U 98046E   26081.92504609  .00001120  00000-0  39816-3 0  9992
2 25417  44.9934 288.1791 0003802 262.0508  97.9909 14.39869434444417
0 ORBCOMM FM 16
1 25417U 98046E   26082.27196206  .00001206  00000-0  42527-3 0  9999
2 25417  44.9933 286.5290 0003805 263.2967  96.7449 14.39870778444461
0 ORBCOMM FM 16
1 25417U 98046E   26082.54949508  .00001113  00000-0  39602-3 0  9997
2 25417  44.9933 285.2088 0003810 264.2534  95.7880 14.39870875444500
0 ORBCOMM FM 16
1 25417U 98046E   26082.89641081  .00001113  00000-0  39608-3 0  9996
2 25417  44.9932 283.5588 0003808 265.3464  94.6950 14.39871804444550
0 ORBCOMM FM 16
1 25417U 98046E   26083.10456016  .00001116  00000-0  39694-3 0  9991
2 25417  44.9932 282.5688 0003805 266.0699  93.9715 14.39872355444581
0 ORBCOMM FM 16
1 25417U 98046E   26083.52085861  .00001089  00000-0  38843-3 0  9997
2 25417  44.9932 280.5887 0003811 267.4280  92.6132 14.39873296444649
0 ORBCOMM FM 16
1 25417U 98046E   26083.93715695  .00001083  00000-0  38655-3 0  9992
2 25417  44.9932 278.6085 0003808 268.8901  91.1511 14.39874328444707
0 ORBCOMM FM 16
1 25417U 98046E   26084.63098616  .00001110  00000-0  39510-3 0  9999
2 25417  44.9931 275.3082 0003816 271.5226  88.5186 14.39876436444808
0 ORBCOMM FM 16
1 25417U 98046E   26084.83913501  .00001132  00000-0  40207-3 0  9999
2 25417  44.9931 274.3182 0003816 272.1364  87.9047 14.39877037444838
0 ORBCOMM FM 16
1 25417U 98046E   26084.90851789  .00001132  00000-0  40184-3 0  9990
2 25417  44.9931 273.9882 0003815 272.3758  87.6654 14.39877227444841
0 ORBCOMM FM 16
1 25417U 98046E   26085.11666641  .00001144  00000-0  40572-3 0  9999
2 25417  44.9931 272.9981 0003814 273.1935  86.8478 14.39877841444875
0 ORBCOMM FM 16
1 25417U 98046E   26085.25543202  .00001162  00000-0  41153-3 0  9997
2 25417  44.9931 272.3381 0003819 273.6126  86.4286 14.39878340444895
0 ORBCOMM FM 16
1 25417U 98046E   26085.53296310  .00001146  00000-0  40652-3 0  9998
2 25417  44.9931 271.0178 0003820 274.6247  85.4166 14.39879033444933
0 ORBCOMM FM 16
1 25417U 98046E   26085.81049392  .00001278  00000-0  44811-3 0  9992
2 25417  44.9931 269.6978 0003820 275.6817  84.3596 14.39880521444971
0 ORBCOMM FM 16
1 25417U 98046E   26085.87987663  .00001278  00000-0  44804-3 0  9992
2 25417  44.9931 269.3678 0003820 275.8672  84.1741 14.39880727444985
0 ORBCOMM FM 16
1 25417U 98046E   26085.94925933  .00001284  00000-0  44989-3 0  9993
2 25417  44.9931 269.0377 0003820 276.1290  83.9124 14.39880954444993
0 ORBCOMM FM 16
1 25417U 98046E   26086.01864198  .00001285  00000-0  45021-3 0  9996
2 25417  44.9930 268.7077 0003820 276.3812  83.6602 14.39881172445001
0 ORBCOMM FM 16
1 25417U 98046E   26086.22679030  .00001251  00000-0  43938-3 0  9996
2 25417  44.9931 267.7176 0003822 277.2136  82.8278 14.39881490445038
0 ORBCOMM FM 16
1 25417U 98046E   26086.57370355  .00001213  00000-0  42750-3 0  9991
2 25417  44.9930 266.0674 0003819 278.3553  81.6863 14.39882251445081
0 ORBCOMM FM 16
1 25417U 98046E   26086.78185148  .00001194  00000-0  42135-3 0  9993
2 25417  44.9930 265.0774 0003816 279.1428  80.8989 14.39882732445116
0 ORBCOMM FM 16
1 25417U 98046E   26086.78185148  .00001273  00000-0  44649-3 0  9993
2 25417  44.9930 265.0775 0003817 279.1558  80.8858 14.39883144445115
0 ORBCOMM FM 16
1 25417U 98046E   26086.92061668  .00001289  00000-0  45132-3 0  9994
2 25417  44.9930 264.4175 0003817 279.6906  80.3512 14.39883573445134
0 ORBCOMM FM 16
1 25417U 98046E   26086.98999924  .00001294  00000-0  45309-3 0  9997
2 25417  44.9930 264.0875 0003817 279.9338  80.1080 14.39883809445140
0 ORBCOMM FM 16
1 25417U 98046E   26086.98999924  .00001294  00000-0  45309-3 0  9997
2 25417  44.9930 264.0874 0003817 279.9338  80.1080 14.39883809445149
0 ORBCOMM FM 16
1 25417U 98046E   26087.54505932  .00001313  00000-0  45894-3 0  9993
2 25417  44.9929 261.4471 0003815 281.8698  78.1723 14.39885636445220
0 ORBCOMM FM 16
1 25417U 98046E   26087.54505933  .00001313  00000-0  45894-3 0  9994
2 25417  44.9929 261.4471 0003815 281.8698  78.1723 14.39885636445220
0 ORBCOMM FM 16
1 25417U 98046E   26087.82258918  .00001318  00000-0  46053-3 0  9996
2 25417  44.9929 260.1271 0003806 282.9340  77.1084 14.39886466445265
0 ORBCOMM FM 16
1 25417U 98046E   26087.89197155  .00001383  00000-0  48095-3 0  9998
2 25417  44.9929 259.7971 0003806 283.2990  76.7435 14.39887043445279
0 ORBCOMM FM 16
1 25417U 98046E   26087.96135396  .00001374  00000-0  47826-3 0  9996
2 25417  44.9929 259.4670 0003805 283.5105  76.5320 14.39887234445286
0 ORBCOMM FM 16
1 25417U 98046E   26089.07147024  .00001595  00000-0  54782-3 0  9995
2 25417  44.9930 254.1867 0003796 287.2718  72.7715 14.39892091445449
0 ORBCOMM FM 16
1 25417U 98046E   26089.07147025  .00001595  00000-0  54782-3 0  9996
2 25417  44.9930 254.1867 0003796 287.2719  72.7715 14.39892091445440
0 ORBCOMM FM 16
1 25417U 98046E   26089.48776348  .00001604  00000-0  55045-3 0  9991
2 25417  44.9929 252.2065 0003795 288.7119  71.3318 14.39893418445501
0 ORBCOMM FM 16
1 25417U 98046E   26089.55714552  .00001614  00000-0  55373-3 0  9993
2 25417  44.9930 251.8766 0003793 289.0810  70.9628 14.39893743445517
0 ORBCOMM FM 16
1 25417U 98046E   26089.83467383  .00001675  00000-0  57296-3 0  9994
2 25417  44.9930 250.5565 0003784 289.9685  70.0756 14.39894900445552
0 ORBCOMM FM 15
1 25418U 98046F   26060.31879972  .00000429  00000-0  18212-3 0  9999
2 25418  44.9957  36.8752 0002420 183.6686 176.4145 14.39425750441284
0 ORBCOMM FM 15
1 25418U 98046F   26060.59641832  .00000422  00000-0  17976-3 0  9990
2 25418  44.9958  35.5558 0002434 184.8888 175.1937 14.39426018441325
0 ORBCOMM FM 15
1 25418U 98046F   26060.94344064  .00000411  00000-0  17640-3 0  9992
2 25418  44.9980  33.9056 0002671 186.0202 174.0615 14.39427017441378
0 ORBCOMM FM 15
1 25418U 98046F   26060.94344064  .00000411  00000-0  17640-3 0  9992
2 25418  44.9980  33.9056 0002671 186.0202 174.0615 14.39427017441378
0 ORBCOMM FM 15
1 25418U 98046F   26064.55245774  .00000571  00000-0  22708-3 0  9999
2 25418  44.9981  16.7541 0002761 200.9899 159.0837 14.39441259441895
0 ORBCOMM FM 15
1 25418U 98046F   26064.83007327  .00000577  00000-0  22889-3 0  9996
2 25418  44.9983  15.4349 0002728 201.4877 158.5857 14.39442030441933
0 ORBCOMM FM 15
1 25418U 98046F   26064.83007327  .00000577  00000-0  22889-3 0  9996
2 25418  44.9983  15.4349 0002728 201.4877 158.5857 14.39442030441933
0 ORBCOMM FM 15
1 25418U 98046F   26065.31589847  .00000561  00000-0  22382-3 0  9993
2 25418  44.9983  13.1252 0002896 204.4770 155.5942 14.39445705442005
0 ORBCOMM FM 15
1 25418U 98046F   26065.80172423  .00000571  00000-0  22699-3 0  9997
2 25418  44.9983  10.8162 0002920 206.4007 153.6693 14.39446409442073
0 ORBCOMM FM 15
1 25418U 98046F   26065.94053170  .00000696  00000-0  26678-3 0  9998
2 25418  44.9983  10.1567 0002911 207.0570 153.0127 14.39446352442092
0 ORBCOMM FM 15
1 25418U 98046F   26065.94053170  .00000696  00000-0  26678-3 0  9998
2 25418  44.9983  10.1567 0002911 207.0570 153.0127 14.39446352442092
0 ORBCOMM FM 15
1 25418U 98046F   26070.45173778  .00000635  00000-0  24743-3 0  9991
2 25418  44.9986 348.7178 0003112 224.2493 135.8107 14.39462875442748
0 ORBCOMM FM 15
1 25418U 98046F   26070.79875213  .00000590  00000-0  23319-3 0  9999
2 25418  44.9986 347.0682 0003127 225.3430 134.7164 14.39463229442799
0 ORBCOMM FM 15
1 25418U 98046F   26070.93755661  .00000582  00000-0  23057-3 0  9999
2 25418  45.0012 346.4115 0003365 219.5920 140.4683 14.39466685442810
0 ORBCOMM FM 15
1 25418U 98046F   26071.07636238  .00000579  00000-0  22938-3 0  9996
2 25418  44.9986 345.7494 0003178 227.1451 132.9131 14.39466636442838
0 ORBCOMM FM 15
1 25418U 98046F   26071.07636238  .00000579  00000-0  22938-3 0  9996
2 25418  44.9986 345.7494 0003178 227.1451 132.9131 14.39466636442838
0 ORBCOMM FM 15
1 25418U 98046F   26071.70098630  .00000665  00000-0  25696-3 0  9994
2 25418  44.9986 342.7808 0003195 229.3109 130.7462 14.39467988442921
0 ORBCOMM FM 15
1 25418U 98046F   26071.83979160  .00000346  00000-0  15538-3 0  9994
2 25418  44.9985 342.1210 0003206 229.8171 130.2397 14.39467657442945
0 ORBCOMM FM 15
1 25418U 98046F   26071.90919425  .00000523  00000-0  21188-3 0  9995
2 25418  44.9986 341.7912 0003198 229.9927 130.0641 14.39467939442954
0 ORBCOMM FM 15
1 25418U 98046F   26071.97859681  .00000522  00000-0  21147-3 0  9993
2 25418  44.9986 341.4614 0003208 229.7222 130.3346 14.39468093442966
0 ORBCOMM FM 15
1 25418U 98046F   26072.39501259  .00000511  00000-0  20796-3 0  9992
2 25418  44.9982 339.4819 0003205 231.6125 128.4436 14.39468594443029
0 ORBCOMM FM 15
1 25418U 98046F   26073.01963574  .00000484  00000-0  19921-3 0  9991
2 25418  44.9981 336.5132 0003229 233.3894 126.6658 14.39469327443113
0 ORBCOMM FM 15
1 25418U 98046F   26076.00393083  .00000450  00000-0  18838-3 0  9994
2 25418  44.9976 322.3279 0003423 242.3245 117.7256 14.39477992443547
0 ORBCOMM FM 15
1 25418U 98046F   26076.00393084  .00000450  00000-0  18838-3 0  9995
2 25418  44.9976 322.3279 0003423 242.3245 117.7256 14.39477992443547
0 ORBCOMM FM 15
1 25418U 98046F   26076.62855003  .00000459  00000-0  19142-3 0  9995
2 25418  44.9975 319.3589 0003435 244.2833 115.7661 14.39478881443639
0 ORBCOMM FM 15
1 25418U 98046F   26076.83675597  .00000896  00000-0  33013-3 0  9994
2 25418  44.9975 318.3700 0003398 246.6090 113.4402 14.39480429443664
0 ORBCOMM FM 15
1 25418U 98046F   26076.90615796  .00000900  00000-0  33161-3 0  9997
2 25418  44.9975 318.0402 0003391 246.4782 113.5711 14.39480618443674
0 ORBCOMM FM 15
1 25418U 98046F   26076.97555995  .00000900  00000-0  33137-3 0  9991
2 25418  44.9975 317.7103 0003389 246.6063 113.4430 14.39480779443685
0 ORBCOMM FM 15
1 25418U 98046F   26077.32256997  .00000963  00000-0  35158-3 0  9995
2 25418  44.9974 316.0610 0003396 247.8033 112.2455 14.39481886443737
0 ORBCOMM FM 15
1 25418U 98046F   26077.60017792  .00000926  00000-0  33960-3 0  9992
2 25418  44.9974 314.7415 0003405 248.9343 111.1142 14.39482249443771
0 ORBCOMM FM 15
1 25418U 98046F   26077.80838364  .00000897  00000-0  33047-3 0  9993
2 25418  44.9973 313.7519 0003414 249.8752 110.1730 14.39482608443803
0 ORBCOMM FM 15
1 25418U 98046F   26077.94718745  .00000898  00000-0  33069-3 0  9993
2 25418  44.9973 313.0922 0003418 250.5647 109.4833 14.39482926443820
0 ORBCOMM FM 15
1 25418U 98046F   26078.84941214  .00000884  00000-0  32625-3 0  9994
2 25418  44.9972 308.8040 0003434 253.4755 106.5716 14.39484667443958
0 ORBCOMM FM 15
1 25418U 98046F   26078.84941215  .00000884  00000-0  32625-3 0  9995
2 25418  44.9972 308.8040 0003434 253.4755 106.5716 14.39484667443958
0 ORBCOMM FM 15
1 25418U 98046F   26078.98821568  .00000890  00000-0  32821-3 0  9993
2 25418  44.9971 308.1442 0003435 254.0357 106.0114 14.39485021443976
0 ORBCOMM FM 15
1 25418U 98046F   26078.98821568  .00000890  00000-0  32821-3 0  9993
2 25418  44.9971 308.1442 0003435 254.0357 106.0114 14.39485021443976
0 ORBCOMM FM 15
1 25418U 98046F   26079.89043906  .00000863  00000-0  31958-3 0  9996
2 25418  44.9969 303.8557 0003458 257.1302 102.9161 14.39486639444100
0 ORBCOMM FM 15
1 25418U 98046F   26079.89043907  .00000863  00000-0  31958-3 0  9997
2 25418  44.9969 303.8558 0003458 257.1302 102.9161 14.39486639444101
0 ORBCOMM FM 15
1 25418U 98046F   26080.30684908  .00000910  00000-0  33470-3 0  9991
2 25418  44.9969 301.8767 0003458 258.6422 101.4039 14.39487841444160
0 ORBCOMM FM 15
1 25418U 98046F   26080.93146355  .00000976  00000-0  35566-3 0  9999
2 25418  44.9968 298.9078 0003461 260.6951  99.3506 14.39489604444257
0 ORBCOMM FM 15
1 25418U 98046F   26081.90308509  .00001009  00000-0  36616-3 0  9993
2 25418  44.9966 294.2895 0003470 264.1478  95.8975 14.39491936444391
0 ORBCOMM FM 15
1 25418U 98046F   26082.31949370  .00001071  00000-0  38578-3 0  9994
2 25418  44.9965 292.3103 0003467 265.4283  94.6170 14.39493258444455
0 ORBCOMM FM 15
1 25418U 98046F   26082.87470496  .00001022  00000-0  37019-3 0  9998
2 25418  44.9964 289.6712 0003471 267.3599  92.6852 14.39494261444534
0 ORBCOMM FM 15
1 25418U 98046F   26083.29111306  .00001034  00000-0  37396-3 0  9998
2 25418  44.9963 287.6920 0003471 268.7083  91.3368 14.39495302444596
0 ORBCOMM FM 15
1 25418U 98046F   26083.29111306  .00001034  00000-0  37396-3 0  9998
2 25418  44.9963 287.6920 0003471 268.7084  91.3368 14.39495302444597
0 ORBCOMM FM 15
1 25418U 98046F   26083.91572448  .00001016  00000-0  36838-3 0  9995
2 25418  44.9962 284.7229 0003469 270.7031  89.3420 14.39496741444682
0 ORBCOMM FM 15
1 25418U 98046F   26084.26273051  .00001027  00000-0  37167-3 0  9990
2 25418  44.9962 283.0735 0003472 271.9328  88.1123 14.39497688444736
0 ORBCOMM FM 15
1 25418U 98046F   26085.58135133  .00000986  00000-0  35869-3 0  9994
2 25418  44.9961 276.8055 0003464 276.4954  83.5500 14.39500966444929
0 ORBCOMM FM 15
1 25418U 98046F   26085.85895520  .00001064  00000-0  38331-3 0  9992
2 25418  44.9961 275.4860 0003460 277.5018  82.5438 14.39502169444967
0 ORBCOMM FM 15
1 25418U 98046F   26085.85895520  .00001064  00000-0  38331-3 0  9992
2 25418  44.9961 275.4860 0003460 277.5017  82.5438 14.39502168444965
0 ORBCOMM FM 15
1 25418U 98046F   26086.20595982  .00001037  00000-0  37470-3 0  9994
2 25418  44.9961 273.8367 0003459 278.7506  81.2951 14.39503023445017
0 ORBCOMM FM 15
1 25418U 98046F   26086.55296428  .00000997  00000-0  36216-3 0  9996
2 25418  44.9961 272.1871 0003461 279.8869  80.1589 14.39503750445063
0 ORBCOMM FM 15
1 25418U 98046F   26086.76116685  .00000995  00000-0  36153-3 0  9993
2 25418  44.9961 271.1975 0003460 280.3973  79.6485 14.39504319445092
0 ORBCOMM FM 15
1 25418U 98046F   26086.76116686  .00000995  00000-0  36153-3 0  9994
2 25418  44.9961 271.1975 0003460 280.3973  79.6485 14.39504319445092
0 ORBCOMM FM 15
1 25418U 98046F   26087.17757161  .00001161  00000-0  41412-3 0  9999
2 25418  44.9964 269.2183 0003452 282.1213  77.9249 14.39506406445157
0 ORBCOMM FM 15
1 25418U 98046F   26087.17757161  .00001161  00000-0  41412-3 0  9999
2 25418  44.9964 269.2183 0003452 282.1213  77.9249 14.39506406445157
0 ORBCOMM FM 15
1 25418U 98046F   26087.52457538  .00001138  00000-0  40689-3 0  9992
2 25418  44.9964 267.5688 0003451 283.2873  76.7591 14.39507219445207
0 ORBCOMM FM 15
1 25418U 98046F   26087.52457539  .00001138  00000-0  40689-3 0  9993
2 25418  44.9964 267.5688 0003451 283.2873  76.7591 14.39507219445207
0 ORBCOMM FM 15
1 25418U 98046F   26087.80217821  .00001149  00000-0  41036-3 0  9991
2 25418  44.9964 266.2493 0003447 284.2726  75.7739 14.39508054445245
0 ORBCOMM FM 15
1 25418U 98046F   26087.80217821  .00001149  00000-0  41036-3 0  9991
2 25418  44.9964 266.2493 0003447 284.2726  75.7739 14.39508054445245
0 ORBCOMM FM 15
1 25418U 98046F   26089.19018972  .00001396  00000-0  48887-3 0  9996
2 25418  44.9965 259.6516 0003426 289.2140  70.8338 14.39513352445440
0 ORBCOMM FM 15
1 25418U 98046F   26089.19018973  .00001396  00000-0  48887-3 0  9997
2 25418  44.9965 259.6516 0003426 289.2140  70.8338 14.39513352445440
0 ORBCOMM FM 15
1 25418U 98046F   26089.46779154  .00001404  00000-0  49128-3 0  9991
2 25418  44.9965 258.3320 0003425 290.1709  69.8771 14.39514208445484
0 ORBCOMM FM 15
1 25418U 98046F   26089.46779154  .00001404  00000-0  49128-3 0  9991
2 25418  44.9965 258.3320 0003425 290.1709  69.8771 14.39514208445484
0 ORBCOMM FM 15
1 25418U 98046F   26089.81479346  .00001416  00000-0  49508-3 0  9995
2 25418  44.9964 256.6826 0003407 291.3742  68.6743 14.39515357445533
0 ORBCOMM FM 14
1 25419U 98046G   26060.26560823  .00001391  00000-0  48379-3 0  9992
2 25419  44.9963  34.5537 0001304 195.0472 165.0338 14.39863807441252
0 ORBCOMM FM 14
1 25419U 98046G   26060.33499174  .00001392  00000-0  48413-3 0  9990
2 25419  44.9962  34.2237 0001305 195.2010 164.8800 14.39864018441263
0 ORBCOMM FM 14
1 25419U 98046G   26060.95944312  .00001337  00000-0  46667-3 0  9995
2 25419  44.9963  31.2538 0001336 197.4238 162.6566 14.39865562441355
0 ORBCOMM FM 14
1 25419U 98046G   26061.16759224  .00001399  00000-0  48633-3 0  9998
2 25419  44.9964  30.2639 0001422 199.7558 160.3236 14.39866862441389
0 ORBCOMM FM 14
1 25419U 98046G   26061.58389198  .00001550  00000-0  53387-3 0  9994
2 25419  44.9965  28.2842 0001376 199.4737 160.6060 14.39869078441444
0 ORBCOMM FM 14
1 25419U 98046G   26061.58389198  .00001550  00000-0  53387-3 0  9994
2 25419  44.9965  28.2842 0001376 199.4737 160.6060 14.39869078441444
0 ORBCOMM FM 14
1 25419U 98046G   26061.93080819  .00001515  00000-0  52280-3 0  9993
2 25419  44.9966  26.6341 0001405 200.9912 159.0880 14.39870036441490
0 ORBCOMM FM 14
1 25419U 98046G   26062.06957453  .00001525  00000-0  52609-3 0  9991
2 25419  44.9966  25.9741 0001413 201.4331 158.6459 14.39870589441519
0 ORBCOMM FM 14
1 25419U 98046G   26062.06957453  .00001525  00000-0  52609-3 0  9991
2 25419  44.9966  25.9741 0001413 201.4331 158.6459 14.39870589441519
0 ORBCOMM FM 14
1 25419U 98046G   26063.04093705  .00001821  00000-0  61933-3 0  9990
2 25419  44.9967  21.3543 0001465 204.5904 155.4876 14.39875793441652
0 ORBCOMM FM 14
1 25419U 98046G   26063.24908558  .00001912  00000-0  64794-3 0  9992
2 25419  44.9967  20.3644 0001469 204.9527 155.1251 14.39877148441685
0 ORBCOMM FM 14
1 25419U 98046G   26063.24908558  .00001912  00000-0  64794-3 0  9992
2 25419  44.9967  20.3644 0001469 204.9527 155.1251 14.39877148441685
0 ORBCOMM FM 14
1 25419U 98046G   26064.15106256  .00001685  00000-0  57621-3 0  9996
2 25419  44.9968  16.0746 0001553 208.3821 151.6944 14.39879409441817
0 ORBCOMM FM 14
1 25419U 98046G   26064.28982800  .00001815  00000-0  61722-3 0  9999
2 25419  44.9968  15.4146 0001561 208.6427 151.4337 14.39880676441832
0 ORBCOMM FM 14
1 25419U 98046G   26064.35921071  .00001813  00000-0  61672-3 0  9992
2 25419  44.9968  15.0846 0001567 208.8095 151.2667 14.39880930441842
0 ORBCOMM FM 14
1 25419U 98046G   26064.35921071  .00001813  00000-0  61672-3 0  9992
2 25419  44.9968  15.0846 0001567 208.8095 151.2667 14.39880930441842
0 ORBCOMM FM 14
1 25419U 98046G   26064.91427222  .00001564  00000-0  53821-3 0  9993
2 25419  44.9968  12.4446 0001593 210.8360 149.2395 14.39881679441921
0 ORBCOMM FM 14
1 25419U 98046G   26065.19180245  .00001777  00000-0  60519-3 0  9993
2 25419  44.9969  11.1247 0001612 211.5691 148.5062 14.39883905441965
0 ORBCOMM FM 14
1 25419U 98046G   26065.53871462  .00001797  00000-0  61165-3 0  9999
2 25419  44.9969   9.4747 0001637 212.6521 147.4227 14.39885526442010
0 ORBCOMM FM 14
1 25419U 98046G   26065.81624434  .00001793  00000-0  61036-3 0  9998
2 25419  44.9969   8.1545 0001663 213.5525 146.5219 14.39886610442055
0 ORBCOMM FM 14
1 25419U 98046G   26066.16315685  .00001530  00000-0  52740-3 0  9993
2 25419  44.9969   6.5046 0001686 214.4634 145.6106 14.39886440442101
0 ORBCOMM FM 14
1 25419U 98046G   26066.23253882  .00001818  00000-0  61818-3 0  9996
2 25419  44.9970   6.1746 0001688 214.7384 145.3355 14.39888358442117
0 ORBCOMM FM 14
1 25419U 98046G   26066.23253883  .00001818  00000-0  61818-3 0  9997
2 25419  44.9970   6.1746 0001688 214.7384 145.3355 14.39888358442117
0 ORBCOMM FM 14
1 25419U 98046G   26066.92636124  .00001790  00000-0  60927-3 0  9995
2 25419  44.9970   2.8748 0001726 217.5283 142.5445 14.39891112442216
0 ORBCOMM FM 14
1 25419U 98046G   26066.92636125  .00001790  00000-0  60927-3 0  9996
2 25419  44.9970   2.8748 0001726 217.5283 142.5445 14.39891112442216
0 ORBCOMM FM 14
1 25419U 98046G   26068.17523943  .00001529  00000-0  52697-3 0  9993
2 25419  44.9971 356.9351 0001802 220.0416 140.0300 14.39894498442394
0 ORBCOMM FM 14
1 25419U 98046G   26068.93844043  .00001516  00000-0  52297-3 0  9996
2 25419  44.9972 353.3052 0001873 223.7097 136.3604 14.39897378442505
0 ORBCOMM FM 14
1 25419U 98046G   26069.14658570  .00001551  00000-0  53377-3 0  9997
2 25419  44.9971 352.3153 0001857 223.5370 136.5332 14.39898442442535
0 ORBCOMM FM 14
1 25419U 98046G   26069.21596754  .00001544  00000-0  53157-3 0  9998
2 25419  44.9971 351.9853 0001859 223.7417 136.3284 14.39898668442548
0 ORBCOMM FM 14
1 25419U 98046G   26069.28534932  .00001538  00000-0  52980-3 0  9991
2 25419  44.9972 351.6553 0001862 223.7981 136.2720 14.39898914442552
0 ORBCOMM FM 14
1 25419U 98046G   26069.84040384  .00001412  00000-0  49017-3 0  9994
2 25419  44.9972 349.0154 0001886 225.1941 134.8755 14.39900161442637
0 ORBCOMM FM 14
1 25419U 98046G   26069.90978558  .00001403  00000-0  48727-3 0  9991
2 25419  44.9971 348.6854 0001894 225.3362 134.7333 14.39900356442644
0 ORBCOMM FM 14
1 25419U 98046G   26070.11793073  .00001377  00000-0  47910-3 0  9996
2 25419  44.9971 347.6955 0001904 225.8352 134.2341 14.39900961442670
0 ORBCOMM FM 14
1 25419U 98046G   26070.11793074  .00001377  00000-0  47910-3 0  9997
2 25419  44.9971 347.6955 0001904 225.8352 134.2341 14.39900961442670
0 ORBCOMM FM 14
1 25419U 98046G   26070.46483890  .00001373  00000-0  47776-3 0  9993
2 25419  44.9971 346.0456 0001916 226.8114 133.2575 14.39902229442722
0 ORBCOMM FM 14
1 25419U 98046G   26070.46483891  .00001373  00000-0  47776-3 0  9994
2 25419  44.9971 346.0456 0001916 226.8114 133.2575 14.39902229442722
0 ORBCOMM FM 14
1 25419U 98046G   26070.95051031  .00001267  00000-0  44434-3 0  9995
2 25419  44.9971 343.7356 0001942 227.9816 132.0867 14.39903295442797
0 ORBCOMM FM 14
1 25419U 98046G   26070.95051032  .00001267  00000-0  44434-3 0  9996
2 25419  44.9971 343.7356 0001942 227.9816 132.0867 14.39903295442797
0 ORBCOMM FM 14
1 25419U 98046G   26071.71370686  .00001381  00000-0  48011-3 0  9992
2 25419  44.9970 340.1057 0001977 230.2436 129.8239 14.39906501442901
0 ORBCOMM FM 14
1 25419U 98046G   26071.71370687  .00001381  00000-0  48011-3 0  9993
2 25419  44.9970 340.1057 0001977 230.2436 129.8239 14.39906501442901
0 ORBCOMM FM 14
1 25419U 98046G   26073.03195255  .00001228  00000-0  43210-3 0  9992
2 25419  44.9969 333.8359 0002023 233.3238 126.7426 14.39910024443090
0 ORBCOMM FM 14
1 25419U 98046G   26073.44823993  .00001229  00000-0  43225-3 0  9991
2 25419  44.9969 331.8559 0002034 234.0435 126.0226 14.39911346443155
0 ORBCOMM FM 14
1 25419U 98046G   26073.72576419  .00001310  00000-0  45778-3 0  9996
2 25419  44.9968 330.5358 0002050 234.9492 125.1165 14.39912752443195
0 ORBCOMM FM 14
1 25419U 98046G   26073.93390781  .00001236  00000-0  43443-3 0  9999
2 25419  44.9968 329.5458 0002057 235.4971 124.5684 14.39912946443227
0 ORBCOMM FM 14
1 25419U 98046G   26074.97462433  .00001016  00000-0  36522-3 0  9994
2 25419  44.9966 324.5958 0002096 237.9390 122.1256 14.39914700443375
0 ORBCOMM FM 14
1 25419U 98046G   26075.73781522  .00001007  00000-0  36232-3 0  9990
2 25419  44.9964 320.9657 0002122 239.9004 120.1634 14.39916738443486
0 ORBCOMM FM 14
1 25419U 98046G   26075.94595788  .00000990  00000-0  35699-3 0  9996
2 25419  44.9964 319.9758 0002129 240.4499 119.6137 14.39917257443510
0 ORBCOMM FM 14
1 25419U 98046G   26075.94595788  .00000990  00000-0  35699-3 0  9996
2 25419  44.9964 319.9758 0002129 240.4499 119.6137 14.39917257443510
0 ORBCOMM FM 14
1 25419U 98046G   26076.63976692  .00000980  00000-0  35394-3 0  9991
2 25419  44.9963 316.6757 0002145 242.2130 117.8502 14.39918966443617
0 ORBCOMM FM 14
1 25419U 98046G   26076.70914776  .00000974  00000-0  35199-3 0  9990
2 25419  44.9963 316.3457 0002148 242.2994 117.7637 14.39919118443621
0 ORBCOMM FM 14
1 25419U 98046G   26077.61109830  .00000948  00000-0  34368-3 0  9996
2 25419  44.9962 312.0556 0002174 244.6048 115.4576 14.39921158443756
0 ORBCOMM FM 14
1 25419U 98046G   26077.68047905  .00000944  00000-0  34255-3 0  9998
2 25419  44.9962 311.7256 0002176 244.7060 115.3563 14.39921307443768
0 ORBCOMM FM 14
1 25419U 98046G   26077.95800201  .00000909  00000-0  33137-3 0  9993
2 25419  44.9962 310.4056 0002182 245.4279 114.6343 14.39921777443803
0 ORBCOMM FM 14
1 25419U 98046G   26078.65180934  .00000847  00000-0  31195-3 0  9998
2 25419  44.9960 307.1055 0002209 247.5437 112.5178 14.39922870443901
0 ORBCOMM FM 14
1 25419U 98046G   26078.65180934  .00000847  00000-0  31195-3 0  9998
2 25419  44.9960 307.1055 0002209 247.5437 112.5178 14.39922870443901
0 ORBCOMM FM 14
1 25419U 98046G   26079.06809330  .00000883  00000-0  32335-3 0  9999
2 25419  44.9959 305.1255 0002216 248.5320 111.5292 14.39923932443961
0 ORBCOMM FM 14
1 25419U 98046G   26079.06809331  .00000883  00000-0  32335-3 0  9990
2 25419  44.9959 305.1255 0002216 248.5320 111.5292 14.39923932443961
0 ORBCOMM FM 14
1 25419U 98046G   26079.34561637  .00000846  00000-0  31167-3 0  9996
2 25419  44.9958 303.8054 0002225 249.2669 110.7941 14.39924119444002
0 ORBCOMM FM 14
1 25419U 98046G   26079.62313851  .00000923  00000-0  33577-3 0  9993
2 25419  44.9958 302.4853 0002235 250.0814 109.9794 14.39925159444042
0 ORBCOMM FM 14
1 25419U 98046G   26079.90066104  .00000855  00000-0  31426-3 0  9995
2 25419  44.9958 301.1653 0002238 250.6503 109.4104 14.39925286444085
0 ORBCOMM FM 14
1 25419U 98046G   26079.90066105  .00000855  00000-0  31426-3 0  9996
2 25419  44.9958 301.1653 0002238 250.6503 109.4104 14.39925286444085
0 ORBCOMM FM 14
1 25419U 98046G   26080.59446572  .00000988  00000-0  35621-3 0  9991
2 25419  44.9956 297.8651 0002258 252.5787 107.4816 14.39927537444189
0 ORBCOMM FM 14
1 25419U 98046G   26080.87198717  .00000996  00000-0  35891-3 0  9995
2 25419  44.9956 296.5451 0002264 253.4460 106.6141 14.39928285444226
0 ORBCOMM FM 14
1 25419U 98046G   26081.84331199  .00001051  00000-0  37601-3 0  9990
2 25419  44.9954 291.9249 0002283 255.7734 104.2861 14.39930823444367
0 ORBCOMM FM 14
1 25419U 98046G   26082.25959349  .00001109  00000-0  39425-3 0  9999
2 25419  44.9954 289.9448 0002288 256.9085 103.1508 14.39932160444421
0 ORBCOMM FM 14
1 25419U 98046G   26082.53711461  .00001026  00000-0  36827-3 0  9992
2 25419  44.9953 288.6246 0002296 257.6043 102.4549 14.39932300444460
0 ORBCOMM FM 14
1 25419U 98046G   26082.60649474  .00001031  00000-0  36982-3 0  9992
2 25419  44.9952 288.2946 0002300 257.8452 102.2139 14.39932516444477
0 ORBCOMM FM 14
1 25419U 98046G   26083.85533674  .00001050  00000-0  37580-3 0  9990
2 25419  44.9951 282.3542 0002323 261.6914  98.3671 14.39935788444654
0 ORBCOMM FM 14
1 25419U 98046G   26083.99409679  .00001043  00000-0  37357-3 0  9996
2 25419  44.9950 281.6941 0002325 262.2825  97.7760 14.39936099444678
0 ORBCOMM FM 14
1 25419U 98046G   26084.89603611  .00001048  00000-0  37510-3 0  9994
2 25419  44.9947 277.4035 0002333 264.0786  95.9796 14.39938516444806
0 ORBCOMM FM 14
1 25419U 98046G   26084.89603612  .00001048  00000-0  37510-3 0  9995
2 25419  44.9947 277.4035 0002333 264.0787  95.9796 14.39938516444807
0 ORBCOMM FM 14
1 25419U 98046G   26086.21425217  .00001061  00000-0  37923-3 0  9999
2 25419  44.9946 271.1329 0002351 268.3438  91.7142 14.39942285444990
0 ORBCOMM FM 14
1 25419U 98046G   26086.56115053  .00001015  00000-0  36472-3 0  9998
2 25419  44.9946 269.4826 0002354 268.9593  91.0987 14.39943016445043
0 ORBCOMM FM 14
1 25419U 98046G   26086.76928895  .00001025  00000-0  36783-3 0  9992
2 25419  44.9947 268.4927 0002360 267.7044  92.3534 14.39943806445072
0 ORBCOMM FM 14
1 25419U 98046G   26086.83866860  .00001082  00000-0  38584-3 0  9997
2 25419  44.9947 268.1628 0002363 267.9092  92.1486 14.39944293445081
0 ORBCOMM FM 14
1 25419U 98046G   26086.90804827  .00001078  00000-0  38452-3 0  9999
2 25419  44.9948 267.8328 0002365 268.0608  91.9970 14.39944460445094
0 ORBCOMM FM 14
1 25419U 98046G   26087.18556633  .00001188  00000-0  41906-3 0  9999
2 25419  44.9949 266.5128 0002364 269.6067  90.4511 14.39945929445135
0 ORBCOMM FM 14
1 25419U 98046G   26087.18556634  .00001188  00000-0  41906-3 0  9990
2 25419  44.9949 266.5128 0002364 269.6067  90.4511 14.39945929445135
0 ORBCOMM FM 14
1 25419U 98046G   26087.53246382  .00001169  00000-0  41322-3 0  9996
2 25419  44.9948 264.8624 0002371 270.5472  89.5105 14.39946829445188
0 ORBCOMM FM 14
1 25419U 98046G   26087.60184328  .00001171  00000-0  41365-3 0  9995
2 25419  44.9949 264.5323 0002372 270.7277  89.3300 14.39947057445198
0 ORBCOMM FM 14
1 25419U 98046G   26087.80998157  .00001185  00000-0  41824-3 0  9995
2 25419  44.9950 263.5424 0002375 270.7684  89.2893 14.39947771445229
0 ORBCOMM FM 14
1 25419U 98046G   26087.87936096  .00001246  00000-0  43717-3 0  9997
2 25419  44.9949 263.2123 0002372 271.0350  89.0227 14.39948304445234
0 ORBCOMM FM 14
1 25419U 98046G   26087.87936097  .00001246  00000-0  43717-3 0  9998
2 25419  44.9949 263.2123 0002372 271.0350  89.0227 14.39948304445234
0 ORBCOMM FM 14
1 25419U 98046G   26089.47508442  .00001469  00000-0  50748-3 0  9994
2 25419  44.9951 255.6216 0002397 275.6871  84.3704 14.39954441445462
0 ORBCOMM FM 14
1 25419U 98046G   26089.47508443  .00001469  00000-0  50748-3 0  9995
2 25419  44.9951 255.6216 0002397 275.6871  84.3704 14.39954441445462
0 ORBCOMM FM 14
1 25419U 98046G   26089.75260038  .00001520  00000-0  52352-3 0  9992
2 25419  44.9951 254.3016 0002396 276.6622  83.3955 14.39955795445505
0 ORBCOMM FM 13
1 25420U 98046H   26060.27111864  .00001255  00000-0  45371-3 0  9990
2 25420  44.9980  45.1798 0002925 143.1166 216.9884 14.38422005440244
0 ORBCOMM FM 13
1 25420U 98046H   26060.27111864  .00001255  00000-0  45371-3 0  9990
2 25420  44.9980  45.1798 0002925 143.1166 216.9884 14.38422005440244
0 ORBCOMM FM 13
1 25420U 98046H   26061.31291529  .00001364  00000-0  48906-3 0  9991
2 25420  44.9981  40.2367 0002989 148.7804 211.3222 14.38425261440391
0 ORBCOMM FM 13
1 25420U 98046H   26061.31291530  .00001364  00000-0  48906-3 0  9993
2 25420  44.9981  40.2367 0002989 148.7804 211.3222 14.38425261440391
0 ORBCOMM FM 13
1 25420U 98046H   26061.93799223  .00001311  00000-0  47185-3 0  9993
2 25420  44.9982  37.2708 0003024 152.3199 207.7811 14.38426652440484
0 ORBCOMM FM 13
1 25420U 98046H   26062.00744504  .00001327  00000-0  47706-3 0  9990
2 25420  44.9982  36.9412 0003037 152.7795 207.3213 14.38426972440490
0 ORBCOMM FM 13
1 25420U 98046H   26062.00744504  .00001327  00000-0  47706-3 0  9990
2 25420  44.9982  36.9412 0003037 152.7795 207.3213 14.38426972440490
0 ORBCOMM FM 13
1 25420U 98046H   26063.11869010  .00001602  00000-0  56652-3 0  9999
2 25420  44.9983  31.6686 0003105 158.5016 201.5963 14.38431735440651
0 ORBCOMM FM 13
1 25420U 98046H   26063.25759537  .00001672  00000-0  58920-3 0  9993
2 25420  44.9983  31.0096 0003116 159.1994 200.8981 14.38432580440677
0 ORBCOMM FM 13
1 25420U 98046H   26063.25759538  .00001672  00000-0  58920-3 0  9994
2 25420  44.9983  31.0096 0003116 159.1994 200.8981 14.38432580440677
0 ORBCOMM FM 13
1 25420U 98046H   26064.16047990  .00001459  00000-0  52003-3 0  9996
2 25420  44.9985  26.7256 0003195 164.1936 195.9012 14.38434200440802
0 ORBCOMM FM 13
1 25420U 98046H   26064.29938496  .00001601  00000-0  56601-3 0  9997
2 25420  44.9985  26.0665 0003203 164.8161 195.2784 14.38435405440825
0 ORBCOMM FM 13
1 25420U 98046H   26064.57719489  .00001623  00000-0  57321-3 0  9991
2 25420  44.9986  24.7484 0003222 166.2701 193.8235 14.38436460440868
0 ORBCOMM FM 13
1 25420U 98046H   26064.57719489  .00001623  00000-0  57321-3 0  9991
2 25420  44.9986  24.7484 0003222 166.2702 193.8235 14.38436460440869
0 ORBCOMM FM 13
1 25420U 98046H   26064.92445770  .00001342  00000-0  48185-3 0  9995
2 25420  44.9986  23.1006 0003254 167.9316 192.1611 14.38435940440914
0 ORBCOMM FM 13
1 25420U 98046H   26065.27171979  .00001546  00000-0  54823-3 0  9993
2 25420  44.9986  21.4531 0003283 169.5432 190.5486 14.38438136440964
0 ORBCOMM FM 13
1 25420U 98046H   26065.82733826  .00001567  00000-0  55494-3 0  9997
2 25420  44.9987  18.8166 0003322 172.3828 187.7071 14.38440119441046
0 ORBCOMM FM 13
1 25420U 98046H   26066.24405207  .00001609  00000-0  56867-3 0  9995
2 25420  44.9988  16.8395 0003356 174.3508 185.7378 14.38441635441102
0 ORBCOMM FM 13
1 25420U 98046H   26066.24405207  .00001609  00000-0  56867-3 0  9995
2 25420  44.9988  16.8395 0003356 174.3508 185.7378 14.38441635441102
0 ORBCOMM FM 13
1 25420U 98046H   26066.59131324  .00001563  00000-0  55346-3 0  9999
2 25420  44.9988  15.1918 0003380 176.1003 183.9872 14.38442475441159
0 ORBCOMM FM 13
1 25420U 98046H   26066.93857377  .00001573  00000-0  55679-3 0  9990
2 25420  44.9989  13.5439 0003414 177.8307 182.2557 14.38443716441200
0 ORBCOMM FM 13
1 25420U 98046H   26066.93857378  .00001573  00000-0  55679-3 0  9991
2 25420  44.9989  13.5439 0003414 177.8307 182.2557 14.38443716441200
0 ORBCOMM FM 13
1 25420U 98046H   26067.28583413  .00001594  00000-0  56357-3 0  9993
2 25420  44.9989  11.8964 0003442 179.5109 180.5743 14.38445001441256
0 ORBCOMM FM 13
1 25420U 98046H   26067.28583413  .00001594  00000-0  56357-3 0  9993
2 25420  44.9989  11.8964 0003442 179.5109 180.5743 14.38445001441256
0 ORBCOMM FM 13
1 25420U 98046H   26068.18871074  .00001347  00000-0  48344-3 0  9999
2 25420  44.9990   7.6124 0003512 183.8157 176.2665 14.38446449441384
0 ORBCOMM FM 13
1 25420U 98046H   26068.18871074  .00001347  00000-0  48344-3 0  9999
2 25420  44.9990   7.6124 0003512 183.8157 176.2665 14.38446450441386
0 ORBCOMM FM 13
1 25420U 98046H   26068.95268140  .00001328  00000-0  47722-3 0  9996
2 25420  44.9990   3.9875 0003573 187.3268 172.7529 14.38448830441493
0 ORBCOMM FM 13
1 25420U 98046H   26069.23048845  .00001347  00000-0  48349-3 0  9993
2 25420  44.9990   2.6695 0003579 188.4637 171.6152 14.38449895441534
0 ORBCOMM FM 13
1 25420U 98046H   26069.23048846  .00001347  00000-0  48349-3 0  9994
2 25420  44.9990   2.6695 0003579 188.4637 171.6152 14.38449895441534
0 ORBCOMM FM 13
1 25420U 98046H   26069.85555439  .00001235  00000-0  44701-3 0  9997
2 25420  44.9991 359.7036 0003632 191.3491 168.7276 14.38451196441622
0 ORBCOMM FM 13
1 25420U 98046H   26069.92500601  .00001229  00000-0  44523-3 0  9991
2 25420  44.9990 359.3741 0003642 191.8357 168.2406 14.38451408441634
0 ORBCOMM FM 13
1 25420U 98046H   26070.13336105  .00001215  00000-0  44043-3 0  9994
2 25420  44.9990 358.3856 0003658 192.7862 167.2894 14.38451969441663
0 ORBCOMM FM 13
1 25420U 98046H   26070.20281260  .00001235  00000-0  44705-3 0  9990
2 25420  44.9990 358.0560 0003665 192.9234 167.1521 14.38452328441672
0 ORBCOMM FM 13
1 25420U 98046H   26070.20281261  .00001235  00000-0  44705-3 0  9991
2 25420  44.9990 358.0560 0003665 192.9234 167.1521 14.38452328441672
0 ORBCOMM FM 13
1 25420U 98046H   26070.82787745  .00001109  00000-0  40614-3 0  9992
2 25420  44.9990 355.0901 0003718 195.9093 164.1639 14.38453451441768
0 ORBCOMM FM 13
1 25420U 98046H   26070.82787746  .00001109  00000-0  40614-3 0  9993
2 25420  44.9990 355.0901 0003718 195.9093 164.1639 14.38453451441768
0 ORBCOMM FM 13
1 25420U 98046H   26070.96678061  .00001099  00000-0  40292-3 0  9997
2 25420  44.9991 354.4311 0003729 196.4299 163.6429 14.38453824441780
0 ORBCOMM FM 13
1 25420U 98046H   26070.96678062  .00001099  00000-0  40292-3 0  9998
2 25420  44.9991 354.4311 0003729 196.4299 163.6429 14.38453824441780
0 ORBCOMM FM 13
1 25420U 98046H   26071.45294122  .00001221  00000-0  44251-3 0  9990
2 25420  44.9991 352.1244 0003759 198.5360 161.5352 14.38455941441857
0 ORBCOMM FM 13
1 25420U 98046H   26071.45294122  .00001221  00000-0  44251-3 0  9990
2 25420  44.9991 352.1244 0003759 198.5360 161.5352 14.38455941441857
0 ORBCOMM FM 13
1 25420U 98046H   26071.93910163  .00001153  00000-0  42029-3 0  9998
2 25420  44.9991 349.8176 0003799 200.3874 159.6823 14.38456945441924
0 ORBCOMM FM 13
1 25420U 98046H   26071.93910164  .00001153  00000-0  42029-3 0  9999
2 25420  44.9991 349.8176 0003799 200.3874 159.6824 14.38456945441925
0 ORBCOMM FM 13
1 25420U 98046H   26072.14745620  .00001134  00000-0  41430-3 0  9990
2 25420  44.9990 348.8291 0003808 201.2480 158.8211 14.38457347441956
0 ORBCOMM FM 13
1 25420U 98046H   26072.70306721  .00001159  00000-0  42226-3 0  9998
2 25420  44.9990 346.1927 0003848 203.6529 156.4143 14.38459020442035
0 ORBCOMM FM 13
1 25420U 98046H   26072.98087295  .00001039  00000-0  38342-3 0  9991
2 25420  44.9990 344.8745 0003872 204.5986 155.4678 14.38459031442070
0 ORBCOMM FM 13
1 25420U 98046H   26073.46703220  .00001024  00000-0  37862-3 0  9998
2 25420  44.9989 342.5678 0003901 206.8205 153.2443 14.38460178442148
0 ORBCOMM FM 13
1 25420U 98046H   26073.74483682  .00001092  00000-0  40073-3 0  9999
2 25420  44.9988 341.2495 0003926 208.0716 151.9921 14.38461355442186
0 ORBCOMM FM 13
1 25420U 98046H   26073.95319085  .00001010  00000-0  37402-3 0  9999
2 25420  44.9989 340.2609 0003948 208.8071 151.2560 14.38461360442211
0 ORBCOMM FM 13
1 25420U 98046H   26074.43934944  .00000912  00000-0  34208-3 0  9991
2 25420  44.9988 337.9541 0003979 210.7801 149.2814 14.38461997442287
0 ORBCOMM FM 13
1 25420U 98046H   26074.99495883  .00000820  00000-0  31240-3 0  9997
2 25420  44.9987 335.3176 0004020 212.8940 147.1659 14.38462789442360
0 ORBCOMM FM 13
1 25420U 98046H   26075.68947005  .00000810  00000-0  30907-3 0  9990
2 25420  44.9986 332.0222 0004067 215.8737 144.1839 14.38464258442464
0 ORBCOMM FM 13
1 25420U 98046H   26075.96727434  .00000783  00000-0  30029-3 0  9997
2 25420  44.9986 330.7040 0004085 216.9481 143.1087 14.38464725442503
0 ORBCOMM FM 13
1 25420U 98046H   26075.96727435  .00000783  00000-0  30029-3 0  9998
2 25420  44.9986 330.7040 0004085 216.9481 143.1087 14.38464725442503
0 ORBCOMM FM 13
1 25420U 98046H   26076.38398082  .00000776  00000-0  29801-3 0  9995
2 25420  44.9984 328.7268 0004107 218.7049 141.3505 14.38465507442565
0 ORBCOMM FM 13
1 25420U 98046H   26076.93958891  .00000748  00000-0  28897-3 0  9999
2 25420  44.9983 326.0903 0004144 220.9038 139.1500 14.38466464442647
0 ORBCOMM FM 13
1 25420U 98046H   26077.63409866  .00000771  00000-0  29627-3 0  9998
2 25420  44.9982 322.7948 0004183 223.8016 136.2501 14.38467864442744
0 ORBCOMM FM 13
1 25420U 98046H   26077.70354957  .00000769  00000-0  29590-3 0  9992
2 25420  44.9982 322.4653 0004188 224.0492 136.0023 14.38467997442755
0 ORBCOMM FM 13
1 25420U 98046H   26077.98135321  .00000747  00000-0  28860-3 0  9999
2 25420  44.9982 321.1471 0004199 225.2464 134.8043 14.38468416442792
0 ORBCOMM FM 13
1 25420U 98046H   26078.67586220  .00000716  00000-0  27846-3 0  9993
2 25420  44.9981 317.8515 0004240 227.7705 132.2784 14.38469442442899
0 ORBCOMM FM 13
1 25420U 98046H   26078.67586221  .00000716  00000-0  27846-3 0  9994
2 25420  44.9981 317.8516 0004240 227.7705 132.2784 14.38469442442890
0 ORBCOMM FM 13
1 25420U 98046H   26079.02311647  .00000746  00000-0  28824-3 0  9992
2 25420  44.9979 316.2038 0004254 229.0660 130.9820 14.38470195442948
0 ORBCOMM FM 13
1 25420U 98046H   26079.02311648  .00000746  00000-0  28824-3 0  9993
2 25420  44.9979 316.2038 0004254 229.0660 130.9820 14.38470195442948
0 ORBCOMM FM 13
1 25420U 98046H   26079.37037095  .00000722  00000-0  28059-3 0  9996
2 25420  44.9979 314.5561 0004274 230.4624 129.5847 14.38470552442993
0 ORBCOMM FM 13
1 25420U 98046H   26079.37037096  .00000722  00000-0  28059-3 0  9997
2 25420  44.9979 314.5561 0004274 230.4624 129.5847 14.38470552442993
0 ORBCOMM FM 13
1 25420U 98046H   26079.92597690  .00000744  00000-0  28756-3 0  9997
2 25420  44.9978 311.9195 0004306 232.7343 127.3113 14.38471698443079
0 ORBCOMM FM 13
1 25420U 98046H   26080.62048357  .00000849  00000-0  32176-3 0  9994
2 25420  44.9976 308.6239 0004340 235.5225 124.5214 14.38473623443179
0 ORBCOMM FM 13
1 25420U 98046H   26080.68993409  .00000852  00000-0  32255-3 0  9999
2 25420  44.9977 308.2944 0004342 235.8017 124.2420 14.38473824443183
0 ORBCOMM FM 13
1 25420U 98046H   26081.87059410  .00000873  00000-0  32943-3 0  9993
2 25420  44.9974 302.6919 0004390 240.3922 119.6489 14.38476261443359
0 ORBCOMM FM 13
1 25420U 98046H   26082.56509911  .00000858  00000-0  32446-3 0  9997
2 25420  44.9973 299.3963 0004416 242.9962 117.0435 14.38477555443451
0 ORBCOMM FM 13
1 25420U 98046H   26082.91235127  .00000875  00000-0  32995-3 0  9999
2 25420  44.9972 297.7484 0004424 244.2067 115.8325 14.38478388443505
0 ORBCOMM FM 13
1 25420U 98046H   26083.53740480  .00000854  00000-0  32310-3 0  9999
2 25420  44.9970 294.7822 0004450 246.6268 113.4112 14.38479562443596
0 ORBCOMM FM 13
1 25420U 98046H   26083.53740480  .00000854  00000-0  32310-3 0  9999
2 25420  44.9970 294.7822 0004450 246.6268 113.4112 14.38479562443596
0 ORBCOMM FM 13
1 25420U 98046H   26084.57915952  .00000867  00000-0  32735-3 0  9997
2 25420  44.9967 289.8386 0004483 250.7040 109.3323 14.38481812443748
0 ORBCOMM FM 13
1 25420U 98046H   26084.85696072  .00000866  00000-0  32713-3 0  9992
2 25420  44.9967 288.5203 0004488 251.7776 108.2584 14.38482346443788
0 ORBCOMM FM 13
1 25420U 98046H   26084.92641101  .00000862  00000-0  32567-3 0  9996
2 25420  44.9968 288.1909 0004491 252.0249 108.0110 14.38482471443794
0 ORBCOMM FM 13
1 25420U 98046H   26084.92641101  .00000862  00000-0  32567-3 0  9996
2 25420  44.9968 288.1909 0004491 252.0249 108.0110 14.38482471443794
0 ORBCOMM FM 13
1 25420U 98046H   26085.27366196  .00000876  00000-0  33044-3 0  9999
2 25420  44.9967 286.5430 0004502 253.3905 106.6449 14.38483335443845
0 ORBCOMM FM 13
1 25420U 98046H   26085.55146258  .00000849  00000-0  32147-3 0  9998
2 25420  44.9967 285.2247 0004512 254.4660 105.5690 14.38483808443883
0 ORBCOMM FM 13
1 25420U 98046H   26085.55146259  .00000849  00000-0  32147-3 0  9999
2 25420  44.9967 285.2247 0004512 254.4660 105.5690 14.38483808443883
0 ORBCOMM FM 13
1 25420U 98046H   26086.24596377  .00000884  00000-0  33276-3 0  9999
2 25420  44.9965 281.9289 0004524 257.1274 102.9069 14.38485550443982
0 ORBCOMM FM 13
1 25420U 98046H   26086.52376398  .00000850  00000-0  32181-3 0  9996
2 25420  44.9965 280.6105 0004533 258.1502 101.8838 14.38485991444027
0 ORBCOMM FM 13
1 25420U 98046H   26086.52376398  .00000850  00000-0  32181-3 0  9996
2 25420  44.9965 280.6105 0004533 258.1502 101.8838 14.38485991444027
0 ORBCOMM FM 13
1 25420U 98046H   26086.80156411  .00000842  00000-0  31941-3 0  9993
2 25420  44.9965 279.2922 0004537 259.1503 100.8835 14.38486584444063
0 ORBCOMM FM 13
1 25420U 98046H   26086.80156412  .00000842  00000-0  31941-3 0  9994
2 25420  44.9965 279.2922 0004537 259.1503 100.8835 14.38486584444063
0 ORBCOMM FM 13
1 25420U 98046H   26087.56551377  .00000950  00000-0  35434-3 0  9998
2 25420  44.9966 275.6669 0004555 262.1723  97.8609 14.38488893444171
0 ORBCOMM FM 13
1 25420U 98046H   26087.77386350  .00000955  00000-0  35590-3 0  9996
2 25420  44.9966 274.6782 0004556 262.9602  97.0728 14.38489395444207
0 ORBCOMM FM 13
1 25420U 98046H   26087.77386350  .00000955  00000-0  35590-3 0  9996
2 25420  44.9966 274.6782 0004556 262.9602  97.0728 14.38489395444207
0 ORBCOMM FM 13
1 25420U 98046H   26089.23230919  .00001207  00000-0  43761-3 0  9998
2 25420  44.9967 267.7573 0004578 268.6779  91.3545 14.38494222444413
0 ORBCOMM FM 13
1 25420U 98046H   26089.51010784  .00001225  00000-0  44337-3 0  9995
2 25420  44.9967 266.4389 0004585 269.7576  90.2747 14.38495027444459
0 ORBCOMM FM 13
1 25420U 98046H   26089.51010784  .00001225  00000-0  44337-3 0  9995
2 25420  44.9967 266.4389 0004585 269.7576  90.2747 14.38495027444459
0 ORBCOMM FM 13
1 25420U 98046H   26089.78790639  .00001243  00000-0  44910-3 0  9995
2 25420  44.9969 265.1208 0004586 270.9168  89.1155 14.38495857444494
0 ORBCOMM FM 21
1 25475U 98053A   26060.20561262  .00000944  00000-0  35603-3 0  9993
2 25475  45.0072 131.7586 0000845 212.9687 147.1109 14.37993015434237
0 ORBCOMM FM 21
1 25475U 98053A   26060.20561262  .00000944  00000-0  35603-3 0  9993
2 25475  45.0072 131.7586 0000845 212.9687 147.1109 14.37993015434237
0 ORBCOMM FM 21
1 25475U 98053A   26060.90035181  .00000917  00000-0  34711-3 0  9995
2 25475  45.0072 128.4652 0000893 214.5150 145.5641 14.37994367434335
0 ORBCOMM FM 21
1 25475U 98053A   26060.90035181  .00000917  00000-0  34711-3 0  9995
2 25475  45.0072 128.4652 0000893 214.5150 145.5641 14.37994367434335
0 ORBCOMM FM 21
1 25475U 98053A   26061.38666874  .00001030  00000-0  38408-3 0  9991
2 25475  45.0071 126.1596 0000923 216.0389 144.0397 14.37996020434409
0 ORBCOMM FM 21
1 25475U 98053A   26061.52561634  .00001018  00000-0  38009-3 0  9998
2 25475  45.0070 125.5009 0000929 216.5097 143.5688 14.37996263434425
0 ORBCOMM FM 21
1 25475U 98053A   26061.52561635  .00001018  00000-0  38009-3 0  9999
2 25475  45.0070 125.5009 0000929 216.5097 143.5688 14.37996263434425
0 ORBCOMM FM 21
1 25475U 98053A   26062.15088023  .00000990  00000-0  37111-3 0  9995
2 25475  45.0072 122.5366 0000973 219.1007 140.9771 14.37997533434514
0 ORBCOMM FM 21
1 25475U 98053A   26062.35930116  .00001116  00000-0  41209-3 0  9990
2 25475  45.0072 121.5486 0000980 219.5319 140.5457 14.37998763434540
0 ORBCOMM FM 21
1 25475U 98053A   26062.56772200  .00001153  00000-0  42440-3 0  9990
2 25475  45.0072 120.5606 0000988 220.0748 140.0028 14.37999520434578
0 ORBCOMM FM 21
1 25475U 98053A   26062.56772200  .00001153  00000-0  42440-3 0  9990
2 25475  45.0072 120.5606 0000988 220.0748 140.0028 14.37999520434578
0 ORBCOMM FM 21
1 25475U 98053A   26063.19298419  .00001246  00000-0  45468-3 0  9991
2 25475  45.0072 117.5963 0001033 222.2157 137.8612 14.38001645434666
0 ORBCOMM FM 21
1 25475U 98053A   26063.33193105  .00001308  00000-0  47494-3 0  9993
2 25475  45.0073 116.9377 0001038 222.3049 137.7719 14.38002423434689
0 ORBCOMM FM 21
1 25475U 98053A   26063.33193105  .00001308  00000-0  47494-3 0  9993
2 25475  45.0073 116.9377 0001038 222.3049 137.7719 14.38002423434689
0 ORBCOMM FM 21
1 25475U 98053A   26064.16561294  .00001175  00000-0  43138-3 0  9996
2 25475  45.0073 112.9854 0001088 224.9487 135.1273 14.38003867434808
0 ORBCOMM FM 21
1 25475U 98053A   26064.16561294  .00001175  00000-0  43138-3 0  9996
2 25475  45.0073 112.9853 0001088 224.9487 135.1273 14.38003867434807
0 ORBCOMM FM 21
1 25475U 98053A   26064.44350662  .00001285  00000-0  46755-3 0  9992
2 25475  45.0074 111.6680 0001101 225.4412 134.6346 14.38005180434841
0 ORBCOMM FM 21
1 25475U 98053A   26064.44350663  .00001285  00000-0  46755-3 0  9993
2 25475  45.0074 111.6680 0001101 225.4412 134.6346 14.38005180434841
0 ORBCOMM FM 21
1 25475U 98053A   26065.27718662  .00001292  00000-0  46986-3 0  9996
2 25475  45.0074 107.7158 0001148 228.7790 131.2960 14.38007464434968
0 ORBCOMM FM 21
1 25475U 98053A   26065.55507947  .00001316  00000-0  47747-3 0  9992
2 25475  45.0075 106.3986 0001151 230.7029 129.3717 14.38008424435006
0 ORBCOMM FM 21
1 25475U 98053A   26066.11086534  .00001145  00000-0  42163-3 0  9996
2 25475  45.0075 103.7637 0001163 233.1334 126.9407 14.38008984435087
0 ORBCOMM FM 21
1 25475U 98053A   26066.11086535  .00001145  00000-0  42163-3 0  9997
2 25475  45.0075 103.7637 0001163 233.1334 126.9407 14.38008984435087
0 ORBCOMM FM 21
1 25475U 98053A   26066.45823095  .00001357  00000-0  49108-3 0  9995
2 25475  45.0075 102.1170 0001166 234.8569 125.2170 14.38011121435135
0 ORBCOMM FM 21
1 25475U 98053A   26066.45823095  .00001357  00000-0  49108-3 0  9995
2 25475  45.0075 102.1170 0001166 234.8569 125.2170 14.38011121435135
0 ORBCOMM FM 21
1 25475U 98053A   26067.43085359  .00001315  00000-0  47740-3 0  9991
2 25475  45.0076  97.5060 0001205 236.6645 123.4088 14.38013685435270
0 ORBCOMM FM 21
1 25475U 98053A   26067.43085360  .00001315  00000-0  47740-3 0  9993
2 25475  45.0076  97.5060 0001205 236.6645 123.4088 14.38013685435270
0 ORBCOMM FM 21
1 25475U 98053A   26068.40347552  .00001043  00000-0  38830-3 0  9993
2 25475  45.0076  92.8949 0001260 239.2324 120.8401 14.38014652435419
0 ORBCOMM FM 21
1 25475U 98053A   26068.40347553  .00001043  00000-0  38830-3 0  9994
2 25475  45.0076  92.8949 0001260 239.2324 120.8401 14.38014652435419
0 ORBCOMM FM 21
1 25475U 98053A   26069.09820397  .00001038  00000-0  38641-3 0  9996
2 25475  45.0076  89.6011 0001288 241.0419 119.0300 14.38016451435517
0 ORBCOMM FM 21
1 25475U 98053A   26069.09820398  .00001038  00000-0  38641-3 0  9997
2 25475  45.0076  89.6011 0001288 241.0419 119.0301 14.38016451435518
0 ORBCOMM FM 21
1 25475U 98053A   26069.37609520  .00001035  00000-0  38545-3 0  9990
2 25475  45.0076  88.2837 0001297 241.6252 118.4465 14.38017137435550
0 ORBCOMM FM 21
1 25475U 98053A   26069.72345931  .00001024  00000-0  38184-3 0  9999
2 25475  45.0075  86.6369 0001307 242.7194 117.3521 14.38017859435608
0 ORBCOMM FM 21
1 25475U 98053A   26069.72345931  .00001024  00000-0  38184-3 0  9999
2 25475  45.0075  86.6369 0001307 242.7194 117.3521 14.38017859435608
0 ORBCOMM FM 21
1 25475U 98053A   26070.00135013  .00000983  00000-0  36849-3 0  9999
2 25475  45.0075  85.3193 0001320 243.5814 116.4899 14.38018336435645
0 ORBCOMM FM 21
1 25475U 98053A   26070.00135014  .00000983  00000-0  36849-3 0  9990
2 25475  45.0075  85.3193 0001320 243.5814 116.4899 14.38018336435645
0 ORBCOMM FM 21
1 25475U 98053A   26070.41818660  .00000954  00000-0  35893-3 0  9996
2 25475  45.0077  83.3433 0001319 245.1922 114.8789 14.38019120435707
0 ORBCOMM FM 21
1 25475U 98053A   26070.76555001  .00000971  00000-0  36451-3 0  9991
2 25475  45.0077  81.6964 0001327 246.6314 113.4395 14.38019993435758
0 ORBCOMM FM 21
1 25475U 98053A   26070.76555001  .00000971  00000-0  36451-3 0  9991
2 25475  45.0077  81.6964 0001327 246.6314 113.4395 14.38019993435758
0 ORBCOMM FM 21
1 25475U 98053A   26070.97396814  .00000897  00000-0  34051-3 0  9990
2 25475  45.0077  80.7083 0001334 246.6318 113.4390 14.38020010435782
0 ORBCOMM FM 21
1 25475U 98053A   26070.97396814  .00000897  00000-0  34051-3 0  9990
2 25475  45.0077  80.7083 0001334 246.6318 113.4390 14.38020010435782
0 ORBCOMM FM 21
1 25475U 98053A   26071.39080391  .00001012  00000-0  37811-3 0  9994
2 25475  45.0077  78.7320 0001345 246.2304 113.8403 14.38021540435841
0 ORBCOMM FM 21
1 25475U 98053A   26071.39080392  .00001012  00000-0  37811-3 0  9995
2 25475  45.0077  78.7320 0001345 246.2304 113.8403 14.38021540435841
0 ORBCOMM FM 21
1 25475U 98053A   26072.43289265  .00000936  00000-0  35303-3 0  9999
2 25475  45.0077  73.7913 0001398 246.1669 113.9033 14.38023269435991
0 ORBCOMM FM 21
1 25475U 98053A   26073.26656201  .00000902  00000-0  34206-3 0  9993
2 25475  45.0078  69.8388 0001425 248.3478 111.7219 14.38024945436116
0 ORBCOMM FM 21
1 25475U 98053A   26073.40550684  .00000900  00000-0  34139-3 0  9990
2 25475  45.0078  69.1802 0001424 248.6565 111.4131 14.38025238436137
0 ORBCOMM FM 21
1 25475U 98053A   26074.23917484  .00000836  00000-0  32031-3 0  9994
2 25475  45.0080  65.2278 0001436 250.8793 109.1900 14.38026806436258
0 ORBCOMM FM 21
1 25475U 98053A   26074.93389785  .00000737  00000-0  28780-3 0  9994
2 25475  45.0083  61.9344 0001425 253.7508 106.3184 14.38027741436355
0 ORBCOMM FM 21
1 25475U 98053A   26075.21178683  .00000818  00000-0  31440-3 0  9996
2 25475  45.0084  60.6170 0001422 254.4579 105.6112 14.38028762436393
0 ORBCOMM FM 21
1 25475U 98053A   26075.62862028  .00000747  00000-0  29115-3 0  9991
2 25475  45.0085  58.6409 0001423 255.3990 104.6701 14.38029202436454
0 ORBCOMM FM 21
1 25475U 98053A   26075.90650910  .00000733  00000-0  28656-3 0  9991
2 25475  45.0085  57.3234 0001429 256.0643 104.0046 14.38029642436493
0 ORBCOMM FM 21
1 25475U 98053A   26076.25387024  .00000739  00000-0  28849-3 0  9993
2 25475  45.0086  55.6766 0001425 256.6432 103.4257 14.38030267436541
0 ORBCOMM FM 21
1 25475U 98053A   26076.39281457  .00000737  00000-0  28801-3 0  9997
2 25475  45.0086  55.0180 0001424 256.9869 103.0820 14.38030524436561
0 ORBCOMM FM 21
1 25475U 98053A   26076.67070309  .00000747  00000-0  29127-3 0  9993
2 25475  45.0088  53.7005 0001428 257.5774 102.4915 14.38031113436608
0 ORBCOMM FM 21
1 25475U 98053A   26077.64331249  .00000759  00000-0  29521-3 0  9995
2 25475  45.0089  49.0895 0001430 259.7631 100.3056 14.38032920436748
0 ORBCOMM FM 21
1 25475U 98053A   26077.92120067  .00000733  00000-0  28666-3 0  9991
2 25475  45.0089  47.7719 0001432 260.2869  99.7818 14.38033265436784
0 ORBCOMM FM 21
1 25475U 98053A   26078.26856106  .00000745  00000-0  29054-3 0  9994
2 25475  45.0090  46.1252 0001430 261.0304  99.0383 14.38033861436830
0 ORBCOMM FM 21
1 25475U 98053A   26078.61592097  .00000688  00000-0  27188-3 0  9991
2 25475  45.0091  44.4784 0001433 261.7376  98.3310 14.38034200436886
0 ORBCOMM FM 21
1 25475U 98053A   26078.61592097  .00000688  00000-0  27188-3 0  9991
2 25475  45.0091  44.4784 0001433 261.7376  98.3310 14.38034200436886
0 ORBCOMM FM 21
1 25475U 98053A   26079.24116910  .00000697  00000-0  27476-3 0  9997
2 25475  45.0091  41.5142 0001426 262.8992  97.1694 14.38035158436975
0 ORBCOMM FM 21
1 25475U 98053A   26079.24116910  .00000697  00000-0  27476-3 0  9997
2 25475  45.0091  41.5142 0001426 262.8992  97.1694 14.38035158436975
0 ORBCOMM FM 21
1 25475U 98053A   26079.58852851  .00000751  00000-0  29243-3 0  9990
2 25475  45.0092  39.8673 0001426 263.6680  96.4005 14.38036102437023
0 ORBCOMM FM 21
1 25475U 98053A   26079.58852852  .00000751  00000-0  29243-3 0  9991
2 25475  45.0092  39.8673 0001426 263.6681  96.4005 14.38036103437025
0 ORBCOMM FM 21
1 25475U 98053A   26079.93588823  .00000686  00000-0  27110-3 0  9992
2 25475  45.0091  38.2204 0001420 264.2371  95.8315 14.38036260437070
0 ORBCOMM FM 21
1 25475U 98053A   26080.56113458  .00000784  00000-0  30322-3 0  9999
2 25475  45.0093  35.2563 0001408 265.6198  94.4490 14.38037944437164
0 ORBCOMM FM 21
1 25475U 98053A   26080.83902169  .00000777  00000-0  30106-3 0  9996
2 25475  45.0093  33.9387 0001416 266.0822  93.9864 14.38038399437200
0 ORBCOMM FM 21
1 25475U 98053A   26081.88109821  .00000782  00000-0  30270-3 0  9994
2 25475  45.0096  28.9984 0001403 268.1989  91.8699 14.38040151437351
0 ORBCOMM FM 21
1 25475U 98053A   26082.85370155  .00000787  00000-0  30420-3 0  9994
2 25475  45.0097  24.3873 0001383 270.0513  90.0177 14.38041873437490
0 ORBCOMM FM 21
1 25475U 98053A   26083.13158796  .00000788  00000-0  30452-3 0  9997
2 25475  45.0097  23.0699 0001374 270.5082  89.5609 14.38042395437536
0 ORBCOMM FM 21
1 25475U 98053A   26083.82630359  .00000787  00000-0  30413-3 0  9999
2 25475  45.0098  19.7764 0001358 271.7082  88.3611 14.38043683437639
0 ORBCOMM FM 21
1 25475U 98053A   26084.24313263  .00000797  00000-0  30754-3 0  9997
2 25475  45.0098  17.8004 0001344 272.3346  87.7349 14.38044560437692
0 ORBCOMM FM 21
1 25475U 98053A   26085.14626124  .00000790  00000-0  30527-3 0  9991
2 25475  45.0099  13.5188 0001321 273.7314  86.3383 14.38046377437820
0 ORBCOMM FM 21
1 25475U 98053A   26085.14626125  .00000790  00000-0  30527-3 0  9992
2 25475  45.0099  13.5188 0001321 273.7314  86.3383 14.38046377437820
0 ORBCOMM FM 21
1 25475U 98053A   26086.18833131  .00000773  00000-0  29959-3 0  9992
2 25475  45.0100   8.5786 0001291 275.3644  84.7057 14.38048464437976
0 ORBCOMM FM 21
1 25475U 98053A   26086.18833131  .00000773  00000-0  29959-3 0  9992
2 25475  45.0100   8.5786 0001291 275.3644  84.7057 14.38048464437976
0 ORBCOMM FM 21
1 25475U 98053A   26086.81357257  .00000721  00000-0  28268-3 0  9997
2 25475  45.0100   5.6144 0001274 276.1696  83.9007 14.38049487438062
0 ORBCOMM FM 21
1 25475U 98053A   26086.81357257  .00000721  00000-0  28268-3 0  9997
2 25475  45.0100   5.6144 0001274 276.1696  83.9007 14.38049486438061
0 ORBCOMM FM 21
1 25475U 98053A   26087.16092857  .00000845  00000-0  32311-3 0  9999
2 25475  45.0099   3.9676 0001258 276.6312  83.4393 14.38050843438119
0 ORBCOMM FM 21
1 25475U 98053A   26087.16092857  .00000845  00000-0  32311-3 0  9999
2 25475  45.0099   3.9676 0001258 276.6312  83.4393 14.38050843438119
0 ORBCOMM FM 21
1 25475U 98053A   26087.78616882  .00000835  00000-0  31979-3 0  9995
2 25475  45.0099   1.0033 0001250 277.4056  82.6650 14.38052076438208
0 ORBCOMM FM 21
1 25475U 98053A   26087.78616882  .00000835  00000-0  31979-3 0  9995
2 25475  45.0099   1.0033 0001250 277.4056  82.6650 14.38052076438208
0 ORBCOMM FM 21
1 25475U 98053A   26088.13352429  .00000889  00000-0  33737-3 0  9992
2 25475  45.0099 359.3566 0001235 277.9370  82.1338 14.38053078438251
0 ORBCOMM FM 21
1 25475U 98053A   26089.10611813  .00001044  00000-0  38822-3 0  9999
2 25475  45.0099 354.7456 0001202 278.8745  81.1967 14.38056059438392
0 ORBCOMM FM 21
1 25475U 98053A   26089.10611813  .00001044  00000-0  38822-3 0  9999
2 25475  45.0099 354.7456 0001202 278.8745  81.1967 14.38056059438392
0 ORBCOMM FM 21
1 25475U 98053A   26089.45347286  .00001058  00000-0  39263-3 0  9992
2 25475  45.0099 353.0988 0001193 279.2799  80.7915 14.38056873438445
0 ORBCOMM FM 21
1 25475U 98053A   26089.45347286  .00001058  00000-0  39263-3 0  9992
2 25475  45.0099 353.0988 0001193 279.2799  80.7915 14.38056873438445
0 ORBCOMM FM 21
1 25475U 98053A   26089.73135632  .00001071  00000-0  39693-3 0  9995
2 25475  45.0098 351.7813 0001188 279.3733  80.6981 14.38057592438484
0 ORBCOMM FM 22
1 25476U 98053B   26060.17978522  .00001060  00000-0  38444-3 0  9997
2 25476  45.0063 124.4869 0001039 101.4302 258.6664 14.39214101434286
0 ORBCOMM FM 22
1 25476U 98053B   26060.17978523  .00001060  00000-0  38444-3 0  9998
2 25476  45.0063 124.4869 0001039 101.4302 258.6664 14.39214101434286
0 ORBCOMM FM 22
1 25476U 98053B   26060.87393379  .00001110  00000-0  40039-3 0  9994
2 25476  45.0063 121.1896 0001042 107.5179 252.5784 14.39216166434383
0 ORBCOMM FM 22
1 25476U 98053B   26061.15159306  .00001115  00000-0  40199-3 0  9998
2 25476  45.0062 119.8705 0001042 110.1162 249.9799 14.39216866434425
0 ORBCOMM FM 22
1 25476U 98053B   26061.49866651  .00001256  00000-0  44711-3 0  9993
2 25476  45.0062 118.2219 0001052 113.1737 246.9223 14.39218626434470
0 ORBCOMM FM 22
1 25476U 98053B   26061.49866651  .00001256  00000-0  44711-3 0  9993
2 25476  45.0062 118.2219 0001052 113.1737 246.9223 14.39218626434470
0 ORBCOMM FM 22
1 25476U 98053B   26062.19281346  .00001188  00000-0  42545-3 0  9990
2 25476  45.0062 114.9245 0001057 119.0607 241.0348 14.39220094434575
0 ORBCOMM FM 22
1 25476U 98053B   26062.47047171  .00001340  00000-0  47390-3 0  9990
2 25476  45.0063 113.6056 0001067 121.1908 238.9045 14.39221719434610
0 ORBCOMM FM 22
1 25476U 98053B   26062.47047172  .00001340  00000-0  47390-3 0  9991
2 25476  45.0063 113.6056 0001067 121.1908 238.9045 14.39221719434610
0 ORBCOMM FM 22
1 25476U 98053B   26063.16461620  .00001473  00000-0  51634-3 0  9999
2 25476  45.0064 110.3082 0001065 126.6573 233.4374 14.39224650434713
0 ORBCOMM FM 22
1 25476U 98053B   26063.16461620  .00001473  00000-0  51634-3 0  9999
2 25476  45.0064 110.3082 0001065 126.6573 233.4374 14.39224650434713
0 ORBCOMM FM 22
1 25476U 98053B   26064.13641734  .00001372  00000-0  48416-3 0  9995
2 25476  45.0065 105.6919 0001083 134.5570 225.5367 14.39227090434855
0 ORBCOMM FM 22
1 25476U 98053B   26064.27524579  .00001502  00000-0  52541-3 0  9996
2 25476  45.0065 105.0324 0001097 135.8222 224.2715 14.39228246434871
0 ORBCOMM FM 22
1 25476U 98053B   26064.27524580  .00001502  00000-0  52541-3 0  9998
2 25476  45.0065 105.0324 0001097 135.8222 224.2715 14.39228246434871
0 ORBCOMM FM 22
1 25476U 98053B   26065.10821652  .00001279  00000-0  45419-3 0  9998
2 25476  45.0064 101.0755 0001136 142.3111 217.7818 14.39229580434994
0 ORBCOMM FM 22
1 25476U 98053B   26065.52470084  .00001486  00000-0  52030-3 0  9990
2 25476  45.0067  99.0975 0001171 144.8095 215.2832 14.39232154435052
0 ORBCOMM FM 22
1 25476U 98053B   26065.80235693  .00001481  00000-0  51871-3 0  9993
2 25476  45.0067  97.7785 0001200 146.9592 213.1332 14.39233059435095
0 ORBCOMM FM 22
1 25476U 98053B   26066.14942729  .00001270  00000-0  45132-3 0  9995
2 25476  45.0067  96.1298 0001216 149.5874 210.5046 14.39232944435147
0 ORBCOMM FM 22
1 25476U 98053B   26066.14942730  .00001270  00000-0  45132-3 0  9997
2 25476  45.0067  96.1298 0001216 149.5874 210.5046 14.39232944435147
0 ORBCOMM FM 22
1 25476U 98053B   26066.35766887  .00001509  00000-0  52769-3 0  9996
2 25476  45.0067  95.1406 0001227 150.9193 209.1724 14.39234974435174
0 ORBCOMM FM 22
1 25476U 98053B   26066.35766887  .00001509  00000-0  52769-3 0  9996
2 25476  45.0067  95.1406 0001227 150.9193 209.1724 14.39234974435174
0 ORBCOMM FM 22
1 25476U 98053B   26067.12122120  .00001481  00000-0  51879-3 0  9998
2 25476  45.0069  91.5136 0001250 155.6001 204.4907 14.39237445435281
0 ORBCOMM FM 22
1 25476U 98053B   26067.12122121  .00001481  00000-0  51879-3 0  9999
2 25476  45.0069  91.5136 0001250 155.6001 204.4907 14.39237445435281
0 ORBCOMM FM 22
1 25476U 98053B   26068.37066778  .00001291  00000-0  45798-3 0  9994
2 25476  45.0068  85.5782 0001332 162.8058 197.2836 14.39240604435464
0 ORBCOMM FM 22
1 25476U 98053B   26068.37066779  .00001291  00000-0  45798-3 0  9995
2 25476  45.0068  85.5782 0001332 162.8058 197.2836 14.39240604435464
0 ORBCOMM FM 22
1 25476U 98053B   26069.06480292  .00001304  00000-0  46201-3 0  9997
2 25476  45.0069  82.2806 0001393 167.3306 192.7578 14.39243050435561
0 ORBCOMM FM 22
1 25476U 98053B   26069.06480292  .00001304  00000-0  46201-3 0  9997
2 25476  45.0069  82.2806 0001393 167.3306 192.7578 14.39243050435561
0 ORBCOMM FM 22
1 25476U 98053B   26069.41187007  .00001315  00000-0  46565-3 0  9999
2 25476  45.0068  80.6319 0001422 169.0239 191.0641 14.39244290435614
0 ORBCOMM FM 22
1 25476U 98053B   26069.41187007  .00001315  00000-0  46565-3 0  9999
2 25476  45.0068  80.6319 0001422 169.0239 191.0641 14.39244290435614
0 ORBCOMM FM 22
1 25476U 98053B   26070.03659078  .00001254  00000-0  44629-3 0  9992
2 25476  45.0070  77.6641 0001458 172.5861 187.5009 14.39245898435703
0 ORBCOMM FM 22
1 25476U 98053B   26070.31424426  .00001250  00000-0  44496-3 0  9998
2 25476  45.0071  76.3454 0001446 173.6620 186.4247 14.39246723435748
0 ORBCOMM FM 22
1 25476U 98053B   26070.38365762  .00001244  00000-0  44293-3 0  9990
2 25476  45.0071  76.0157 0001448 173.9691 186.1176 14.39246900435754
0 ORBCOMM FM 22
1 25476U 98053B   26070.73072406  .00001262  00000-0  44857-3 0  9995
2 25476  45.0072  74.3670 0001463 175.9545 184.1316 14.39248060435802
0 ORBCOMM FM 22
1 25476U 98053B   26070.73072407  .00001262  00000-0  44857-3 0  9996
2 25476  45.0072  74.3670 0001463 175.9545 184.1316 14.39248060435802
0 ORBCOMM FM 22
1 25476U 98053B   26071.28603010  .00001303  00000-0  46188-3 0  9992
2 25476  45.0072  71.7290 0001503 178.6732 181.4121 14.39249901435881
0 ORBCOMM FM 22
1 25476U 98053B   26071.35544332  .00001299  00000-0  46052-3 0  9995
2 25476  45.0072  71.3993 0001508 178.8193 181.2659 14.39250085435895
0 ORBCOMM FM 22
1 25476U 98053B   26071.35544332  .00001299  00000-0  46052-3 0  9995
2 25476  45.0072  71.3993 0001508 178.8193 181.2659 14.39250085435895
0 ORBCOMM FM 22
1 25476U 98053B   26072.32722707  .00001234  00000-0  43977-3 0  9999
2 25476  45.0073  66.7828 0001570 183.5682 176.5156 14.39252630436030
0 ORBCOMM FM 22
1 25476U 98053B   26073.92372458  .00001175  00000-0  42070-3 0  9997
2 25476  45.0076  59.1987 0001667 190.6745 169.4069 14.39257025436263
0 ORBCOMM FM 22
1 25476U 98053B   26074.61785175  .00001017  00000-0  37043-3 0  9997
2 25476  45.0077  55.9014 0001716 193.2569 166.8235 14.39258384436363
0 ORBCOMM FM 22
1 25476U 98053B   26074.89550267  .00001010  00000-0  36812-3 0  9995
2 25476  45.0078  54.5823 0001735 194.5285 165.5515 14.39259081436404
0 ORBCOMM FM 22
1 25476U 98053B   26075.24256593  .00001127  00000-0  40543-3 0  9995
2 25476  45.0078  52.9336 0001757 195.9185 164.1609 14.39260712436450
0 ORBCOMM FM 22
1 25476U 98053B   26075.65904190  .00001048  00000-0  38008-3 0  9998
2 25476  45.0079  50.9553 0001777 197.3500 162.7289 14.39261399436516
0 ORBCOMM FM 22
1 25476U 98053B   26076.21434292  .00001033  00000-0  37540-3 0  9996
2 25476  45.0080  48.3174 0001810 199.6316 160.4463 14.39262690436598
0 ORBCOMM FM 22
1 25476U 98053B   26076.21434292  .00001033  00000-0  37540-3 0  9996
2 25476  45.0080  48.3174 0001810 199.6316 160.4463 14.39262689436596
0 ORBCOMM FM 22
1 25476U 98053B   26076.63081795  .00001039  00000-0  37747-3 0  9993
2 25476  45.0079  46.3389 0001838 201.0949 158.9824 14.39263874436657
0 ORBCOMM FM 22
1 25476U 98053B   26076.90846793  .00001003  00000-0  36576-3 0  9990
2 25476  45.0079  45.0198 0001851 202.0981 157.9789 14.39264386436695
0 ORBCOMM FM 22
1 25476U 98053B   26077.18611770  .00001074  00000-0  38850-3 0  9991
2 25476  45.0080  43.7008 0001893 203.4580 156.6182 14.39265488436730
0 ORBCOMM FM 22
1 25476U 98053B   26077.88024172  .00000993  00000-0  36248-3 0  9990
2 25476  45.0081  40.4033 0001932 206.0677 154.0075 14.39266842436832
0 ORBCOMM FM 22
1 25476U 98053B   26077.88024174  .00000993  00000-0  36248-3 0  9992
2 25476  45.0081  40.4033 0001932 206.0677 154.0075 14.39266842436832
0 ORBCOMM FM 22
1 25476U 98053B   26078.29671617  .00000988  00000-0  36095-3 0  9992
2 25476  45.0081  38.4250 0001947 207.3201 152.7546 14.39267769436896
0 ORBCOMM FM 22
1 25476U 98053B   26078.57436532  .00000920  00000-0  33937-3 0  9996
2 25476  45.0082  37.1061 0001952 208.2083 151.8660 14.39268144436937
0 ORBCOMM FM 22
1 25476U 98053B   26078.92142681  .00000958  00000-0  35151-3 0  9995
2 25476  45.0082  35.4573 0001978 209.4907 150.5831 14.39269142436982
0 ORBCOMM FM 22
1 25476U 98053B   26079.06025130  .00000957  00000-0  35107-3 0  9990
2 25476  45.0083  34.7979 0001989 209.9644 150.1091 14.39269480437003
0 ORBCOMM FM 22
1 25476U 98053B   26079.06025131  .00000957  00000-0  35107-3 0  9991
2 25476  45.0083  34.7979 0001989 209.9644 150.1091 14.39269480437003
0 ORBCOMM FM 22
1 25476U 98053B   26079.89319828  .00000925  00000-0  34083-3 0  9998
2 25476  45.0085  30.8409 0002043 213.1663 146.9058 14.39271057437122
0 ORBCOMM FM 22
1 25476U 98053B   26079.89319828  .00000925  00000-0  34083-3 0  9998
2 25476  45.0085  30.8409 0002043 213.1663 146.9058 14.39271057437122
0 ORBCOMM FM 22
1 25476U 98053B   26080.58731885  .00001080  00000-0  39024-3 0  9990
2 25476  45.0087  27.5438 0002068 215.3119 144.7593 14.39273666437225
0 ORBCOMM FM 22
1 25476U 98053B   26080.93437891  .00001079  00000-0  39015-3 0  9997
2 25476  45.0087  25.8948 0002089 216.2693 143.8015 14.39274496437278
0 ORBCOMM FM 22
1 25476U 98053B   26081.14261491  .00001088  00000-0  39299-3 0  9996
2 25476  45.0088  24.9057 0002096 217.1435 142.9269 14.39275041437304
0 ORBCOMM FM 22
1 25476U 98053B   26081.83673435  .00001115  00000-0  40158-3 0  9994
2 25476  45.0088  21.6082 0002119 219.2677 140.8019 14.39276857437400
0 ORBCOMM FM 22
1 25476U 98053B   26082.18379350  .00001178  00000-0  42170-3 0  9997
2 25476  45.0088  19.9595 0002150 220.4268 139.6421 14.39278111437457
0 ORBCOMM FM 22
1 25476U 98053B   26082.53085277  .00001089  00000-0  39326-3 0  9998
2 25476  45.0089  18.3108 0002165 221.5831 138.4854 14.39278501437501
0 ORBCOMM FM 22
1 25476U 98053B   26082.80849993  .00001085  00000-0  39200-3 0  9998
2 25476  45.0089  16.9917 0002183 222.5474 137.5206 14.39279177437542
0 ORBCOMM FM 22
1 25476U 98053B   26083.08614646  .00001128  00000-0  40552-3 0  9994
2 25476  45.0090  15.6729 0002208 223.6264 136.4411 14.39280293437589
0 ORBCOMM FM 22
1 25476U 98053B   26083.50261647  .00001097  00000-0  39565-3 0  9997
2 25476  45.0090  13.6946 0002215 224.7906 135.2765 14.39281342437643
0 ORBCOMM FM 22
1 25476U 98053B   26083.91908638  .00001094  00000-0  39465-3 0  9996
2 25476  45.0091  11.7161 0002234 226.0895 133.9770 14.39282445437708
0 ORBCOMM FM 22
1 25476U 98053B   26084.47437838  .00001114  00000-0  40123-3 0  9993
2 25476  45.0092   9.0784 0002251 227.8222 132.2436 14.39284323437788
0 ORBCOMM FM 22
1 25476U 98053B   26085.16849320  .00001100  00000-0  39662-3 0  9994
2 25476  45.0093   5.7810 0002290 229.9766 130.0882 14.39286213437883
0 ORBCOMM FM 22
1 25476U 98053B   26085.16849320  .00001100  00000-0  39662-3 0  9994
2 25476  45.0093   5.7810 0002290 229.9766 130.0882 14.39286213437883
0 ORBCOMM FM 22
1 25476U 98053B   26085.44613873  .00001087  00000-0  39234-3 0  9996
2 25476  45.0094   4.4621 0002294 230.6270 129.4376 14.39286995437925
0 ORBCOMM FM 22
1 25476U 98053B   26085.93201808  .00001118  00000-0  40244-3 0  9999
2 25476  45.0094   2.1539 0002314 231.9792 128.0849 14.39288594437998
0 ORBCOMM FM 22
1 25476U 98053B   26086.14025233  .00001068  00000-0  38628-3 0  9996
2 25476  45.0094   1.1649 0002316 232.5813 127.4825 14.39288828438024
0 ORBCOMM FM 22
1 25476U 98053B   26086.14025233  .00001068  00000-0  38628-3 0  9996
2 25476  45.0094   1.1649 0002316 232.5813 127.4825 14.39288828438024
0 ORBCOMM FM 22
1 25476U 98053B   26086.48730877  .00001001  00000-0  36490-3 0  9992
2 25476  45.0094 359.5161 0002333 233.9716 126.0917 14.39289426438076
0 ORBCOMM FM 22
1 25476U 98053B   26086.76495383  .00000985  00000-0  35989-3 0  9995
2 25476  45.0093 358.1971 0002344 234.8031 125.2598 14.39290056438113
0 ORBCOMM FM 22
1 25476U 98053B   26086.76495384  .00000985  00000-0  35989-3 0  9996
2 25476  45.0093 358.1971 0002344 234.8031 125.2598 14.39290056438113
0 ORBCOMM FM 22
1 25476U 98053B   26087.04259875  .00001032  00000-0  37496-3 0  9990
2 25476  45.0093 356.8782 0002353 235.5912 124.4714 14.39291030438152
0 ORBCOMM FM 22
1 25476U 98053B   26087.04259876  .00001032  00000-0  37496-3 0  9991
2 25476  45.0093 356.8782 0002353 235.5912 124.4714 14.39291030438152
0 ORBCOMM FM 22
1 25476U 98053B   26087.45906576  .00001102  00000-0  39728-3 0  9990
2 25476  45.0093 354.8998 0002365 236.9222 123.1400 14.39292517438217
0 ORBCOMM FM 22
1 25476U 98053B   26087.45906576  .00001102  00000-0  39728-3 0  9990
2 25476  45.0093 354.8998 0002365 236.9222 123.1400 14.39292517438217
0 ORBCOMM FM 22
1 25476U 98053B   26088.01435455  .00001119  00000-0  40275-3 0  9993
2 25476  45.0093 352.2619 0002386 238.4927 121.5689 14.39294073438299
0 ORBCOMM FM 22
1 25476U 98053B   26089.12492995  .00001275  00000-0  45230-3 0  9997
2 25476  45.0091 346.9861 0002423 241.8126 118.2478 14.39297991438456
0 ORBCOMM FM 22
1 25476U 98053B   26089.12492996  .00001275  00000-0  45230-3 0  9998
2 25476  45.0091 346.9861 0002423 241.8126 118.2478 14.39297991438456
0 ORBCOMM FM 23
1 25477U 98053C   26060.16710583  .00001035  00000-0  38390-3 0  9990
2 25477  45.0071 133.6299 0000550 122.2791 237.8111 14.38252574434387
0 ORBCOMM FM 23
1 25477U 98053C   26060.23656725  .00001110  00000-0  40825-3 0  9995
2 25477  45.0071 133.3004 0000558 123.4072 236.6830 14.38253139434395
0 ORBCOMM FM 23
1 25477U 98053C   26060.23656725  .00001110  00000-0  40825-3 0  9995
2 25477  45.0071 133.3004 0000558 123.4072 236.6830 14.38253139434395
0 ORBCOMM FM 23
1 25477U 98053C   26061.13956465  .00001066  00000-0  39387-3 0  9990
2 25477  45.0071 129.0177 0000585 133.5481 226.5416 14.38255080434524
0 ORBCOMM FM 23
1 25477U 98053C   26061.48687090  .00001195  00000-0  43598-3 0  9995
2 25477  45.0073 127.3710 0000545 135.7209 224.3683 14.38256652434571
0 ORBCOMM FM 23
1 25477U 98053C   26061.62579333  .00001180  00000-0  43097-3 0  9999
2 25477  45.0072 126.7121 0000563 137.2567 222.8325 14.38256907434594
0 ORBCOMM FM 23
1 25477U 98053C   26061.62579334  .00001180  00000-0  43097-3 0  9990
2 25477  45.0072 126.7121 0000563 137.2567 222.8325 14.38256907434594
0 ORBCOMM FM 23
1 25477U 98053C   26062.18148288  .00001138  00000-0  41718-3 0  9993
2 25477  45.0073 124.0765 0000583 143.6412 216.4476 14.38258028434673
0 ORBCOMM FM 23
1 25477U 98053C   26062.59824957  .00001273  00000-0  46116-3 0  9999
2 25477  45.0073 122.1001 0000585 147.0558 213.0327 14.38259810434731
0 ORBCOMM FM 23
1 25477U 98053C   26062.59824958  .00001273  00000-0  46116-3 0  9990
2 25477  45.0073 122.1001 0000585 147.0558 213.0327 14.38259810434731
0 ORBCOMM FM 23
1 25477U 98053C   26063.15393766  .00001363  00000-0  49041-3 0  9991
2 25477  45.0073 119.4645 0000604 152.7352 207.3528 14.38261807434818
0 ORBCOMM FM 23
1 25477U 98053C   26063.15393767  .00001363  00000-0  49041-3 0  9992
2 25477  45.0073 119.4645 0000604 152.7352 207.3528 14.38261807434818
0 ORBCOMM FM 23
1 25477U 98053C   26064.12639064  .00001253  00000-0  45470-3 0  9993
2 25477  45.0073 114.8524 0000658 161.2026 198.8846 14.38263902434955
0 ORBCOMM FM 23
1 25477U 98053C   26064.12639065  .00001253  00000-0  45470-3 0  9994
2 25477  45.0073 114.8524 0000658 161.2026 198.8846 14.38263902434955
0 ORBCOMM FM 23
1 25477U 98053C   26064.47369465  .00001385  00000-0  49774-3 0  9993
2 25477  45.0073 113.2053 0000669 163.3908 196.6962 14.38265632435003
0 ORBCOMM FM 23
1 25477U 98053C   26064.47369466  .00001385  00000-0  49774-3 0  9994
2 25477  45.0073 113.2053 0000669 163.3908 196.6962 14.38265632435003
0 ORBCOMM FM 23
1 25477U 98053C   26065.09884170  .00001163  00000-0  42545-3 0  9990
2 25477  45.0073 110.2403 0000694 168.6648 191.4216 14.38266165435092
0 ORBCOMM FM 23
1 25477U 98053C   26065.51560556  .00001351  00000-0  48670-3 0  9990
2 25477  45.0075 108.2638 0000718 171.9681 188.1179 14.38268451435150
0 ORBCOMM FM 23
1 25477U 98053C   26066.14075137  .00001147  00000-0  42019-3 0  9990
2 25477  45.0074 105.2987 0000756 177.2407 182.8446 14.38269060435245
0 ORBCOMM FM 23
1 25477U 98053C   26066.14075138  .00001147  00000-0  42019-3 0  9991
2 25477  45.0074 105.2988 0000756 177.2407 182.8446 14.38269060435246
0 ORBCOMM FM 23
1 25477U 98053C   26066.41859339  .00001366  00000-0  49141-3 0  9990
2 25477  45.0074 103.9810 0000776 178.5157 181.5694 14.38271069435280
0 ORBCOMM FM 23
1 25477U 98053C   26066.41859340  .00001366  00000-0  49141-3 0  9992
2 25477  45.0074 103.9810 0000776 178.5157 181.5694 14.38271069435280
0 ORBCOMM FM 23
1 25477U 98053C   26067.11319820  .00001341  00000-0  48327-3 0  9992
2 25477  45.0075 100.6866 0000819 182.6264 177.4580 14.38272945435382
0 ORBCOMM FM 23
1 25477U 98053C   26067.11319820  .00001341  00000-0  48327-3 0  9992
2 25477  45.0075 100.6866 0000819 182.6264 177.4580 14.38272946435383
0 ORBCOMM FM 23
1 25477U 98053C   26068.43294539  .00001142  00000-0  41857-3 0  9997
2 25477  45.0075  94.4273 0000900 189.3190 170.7642 14.38275488435578
0 ORBCOMM FM 23
1 25477U 98053C   26068.43294540  .00001142  00000-0  41857-3 0  9999
2 25477  45.0075  94.4273 0000900 189.3190 170.7642 14.38275488435578
0 ORBCOMM FM 23
1 25477U 98053C   26069.40538822  .00001143  00000-0  41879-3 0  9996
2 25477  45.0074  89.8151 0000961 193.4900 166.5923 14.38278230435711
0 ORBCOMM FM 23
1 25477U 98053C   26069.40538822  .00001143  00000-0  41879-3 0  9996
2 25477  45.0074  89.8151 0000961 193.4900 166.5923 14.38278230435711
0 ORBCOMM FM 23
1 25477U 98053C   26070.03052927  .00001080  00000-0  39834-3 0  9992
2 25477  45.0074  86.8498 0001008 196.5516 163.5300 14.38279567435802
0 ORBCOMM FM 23
1 25477U 98053C   26070.30836943  .00001077  00000-0  39712-3 0  9991
2 25477  45.0074  85.5320 0001057 196.7344 163.3470 14.38280318435843
0 ORBCOMM FM 23
1 25477U 98053C   26070.30836943  .00001077  00000-0  39712-3 0  9991
2 25477  45.0074  85.5320 0001057 196.7344 163.3470 14.38280318435843
0 ORBCOMM FM 23
1 25477U 98053C   26072.39216703  .00001119  00000-0  41083-3 0  9999
2 25477  45.0077  75.6487 0001165 204.6357 155.4436 14.38285969436148
0 ORBCOMM FM 23
1 25477U 98053C   26073.29514330  .00001110  00000-0  40794-3 0  9995
2 25477  45.0079  71.3658 0001226 207.4946 152.5838 14.38288300436276
0 ORBCOMM FM 23
1 25477U 98053C   26073.43406266  .00001112  00000-0  40853-3 0  9997
2 25477  45.0079  70.7070 0001230 207.9058 152.1725 14.38288659436291
0 ORBCOMM FM 23
1 25477U 98053C   26073.71190064  .00001192  00000-0  43465-3 0  9994
2 25477  45.0080  69.3893 0001271 208.3935 151.6844 14.38289975436337
0 ORBCOMM FM 23
1 25477U 98053C   26074.26757774  .00001031  00000-0  38202-3 0  9997
2 25477  45.0081  66.7538 0001288 209.9180 150.1595 14.38290416436410
0 ORBCOMM FM 23
1 25477U 98053C   26074.68433514  .00000925  00000-0  34756-3 0  9997
2 25477  45.0082  64.7772 0001311 211.3530 148.7241 14.38290864436476
0 ORBCOMM FM 23
1 25477U 98053C   26075.24001077  .00001031  00000-0  38214-3 0  9997
2 25477  45.0083  62.1415 0001350 213.1865 146.8899 14.38292868436550
0 ORBCOMM FM 23
1 25477U 98053C   26075.65676742  .00000953  00000-0  35667-3 0  9990
2 25477  45.0083  60.1650 0001361 214.4416 145.6344 14.38293492436610
0 ORBCOMM FM 23
1 25477U 98053C   26076.21244277  .00000932  00000-0  34979-3 0  9999
2 25477  45.0084  57.5293 0001389 216.0044 144.0711 14.38294622436694
0 ORBCOMM FM 23
1 25477U 98053C   26076.21244277  .00000932  00000-0  34979-3 0  9999
2 25477  45.0084  57.5293 0001389 216.0044 144.0711 14.38294622436694
0 ORBCOMM FM 23
1 25477U 98053C   26076.62919878  .00000930  00000-0  34936-3 0  9991
2 25477  45.0084  55.5527 0001405 217.3013 142.7738 14.38295619436759
0 ORBCOMM FM 23
1 25477U 98053C   26077.18487322  .00000965  00000-0  36065-3 0  9990
2 25477  45.0085  52.9171 0001431 218.7688 141.3058 14.38297033436839
0 ORBCOMM FM 23
1 25477U 98053C   26077.87946553  .00000905  00000-0  34098-3 0  9990
2 25477  45.0086  49.6227 0001463 220.9069 139.1669 14.38298257436931
0 ORBCOMM FM 23
1 25477U 98053C   26077.87946554  .00000905  00000-0  34098-3 0  9991
2 25477  45.0086  49.6227 0001463 220.9070 139.1669 14.38298257436933
0 ORBCOMM FM 23
1 25477U 98053C   26078.29622096  .00000922  00000-0  34673-3 0  9998
2 25477  45.0086  47.6461 0001476 221.8644 138.2092 14.38299148436998
0 ORBCOMM FM 23
1 25477U 98053C   26078.64351666  .00000867  00000-0  32885-3 0  9990
2 25477  45.0087  45.9989 0001489 222.8979 137.1753 14.38299608437041
0 ORBCOMM FM 23
1 25477U 98053C   26079.19919009  .00000888  00000-0  33547-3 0  9991
2 25477  45.0087  43.3633 0001511 224.4022 135.6706 14.38300657437129
0 ORBCOMM FM 23
1 25477U 98053C   26079.26864921  .00000896  00000-0  33806-3 0  9998
2 25477  45.0087  43.0339 0001512 224.5373 135.5354 14.38300828437139
0 ORBCOMM FM 23
1 25477U 98053C   26079.26864922  .00000896  00000-0  33806-3 0  9999
2 25477  45.0087  43.0339 0001512 224.5373 135.5354 14.38300828437139
0 ORBCOMM FM 23
1 25477U 98053C   26079.61594417  .00000985  00000-0  36699-3 0  9999
2 25477  45.0088  41.3867 0001527 225.6017 134.4707 14.38302110437181
0 ORBCOMM FM 23
1 25477U 98053C   26079.61594417  .00000985  00000-0  36699-3 0  9999
2 25477  45.0088  41.3867 0001527 225.6017 134.4707 14.38302110437181
0 ORBCOMM FM 23
1 25477U 98053C   26080.17161658  .00000919  00000-0  34552-3 0  9992
2 25477  45.0088  38.7510 0001550 226.9510 133.1209 14.38302782437261
0 ORBCOMM FM 23
1 25477U 98053C   26080.58836998  .00001027  00000-0  38071-3 0  9994
2 25477  45.0090  36.7745 0001562 228.0847 131.9869 14.38304332437329
0 ORBCOMM FM 23
1 25477U 98053C   26080.86620550  .00001022  00000-0  37900-3 0  9995
2 25477  45.0090  35.4566 0001573 228.8736 131.1977 14.38304922437364
0 ORBCOMM FM 23
1 25477U 98053C   26081.14404096  .00001028  00000-0  38105-3 0  9996
2 25477  45.0089  34.1388 0001582 229.3802 130.6909 14.38305570437404
0 ORBCOMM FM 23
1 25477U 98053C   26081.83862922  .00001033  00000-0  38266-3 0  9992
2 25477  45.0090  30.8444 0001616 231.2926 128.7778 14.38307109437502
0 ORBCOMM FM 23
1 25477U 98053C   26082.18592311  .00001070  00000-0  39458-3 0  9998
2 25477  45.0091  29.1972 0001619 231.9847 128.0856 14.38308080437556
0 ORBCOMM FM 23
1 25477U 98053C   26082.53321695  .00000970  00000-0  36207-3 0  9999
2 25477  45.0092  27.5500 0001637 233.0462 127.0237 14.38308284437606
0 ORBCOMM FM 23
1 25477U 98053C   26082.53321695  .00000970  00000-0  36207-3 0  9999
2 25477  45.0092  27.5500 0001637 233.0462 127.0237 14.38308284437606
0 ORBCOMM FM 23
1 25477U 98053C   26083.50563817  .00000942  00000-0  35305-3 0  9998
2 25477  45.0094  22.9379 0001663 235.4571 124.6121 14.38310384437741
0 ORBCOMM FM 23
1 25477U 98053C   26083.78347253  .00000933  00000-0  35020-3 0  9996
2 25477  45.0094  21.6201 0001676 236.2019 123.8670 14.38310956437780
0 ORBCOMM FM 23
1 25477U 98053C   26084.54751634  .00000967  00000-0  36102-3 0  9992
2 25477  45.0097  17.9964 0001695 238.1234 121.9449 14.38312957437896
0 ORBCOMM FM 23
1 25477U 98053C   26084.54751634  .00000967  00000-0  36102-3 0  9992
2 25477  45.0097  17.9964 0001695 238.1234 121.9449 14.38312957437896
0 ORBCOMM FM 23
1 25477U 98053C   26085.17264269  .00000974  00000-0  36354-3 0  9992
2 25477  45.0097  15.0316 0001707 239.4318 120.6362 14.38314389437988
0 ORBCOMM FM 23
1 25477U 98053C   26085.17264269  .00000974  00000-0  36354-3 0  9992
2 25477  45.0097  15.0316 0001707 239.4318 120.6362 14.38314390437980
0 ORBCOMM FM 23
1 25477U 98053C   26086.14505973  .00000976  00000-0  36410-3 0  9995
2 25477  45.0098  10.4195 0001729 241.7338 118.3336 14.38316743438123
0 ORBCOMM FM 23
1 25477U 98053C   26086.21451809  .00000969  00000-0  36178-3 0  9994
2 25477  45.0099  10.0902 0001731 241.9730 118.0943 14.38316866438135
0 ORBCOMM FM 23
1 25477U 98053C   26086.49235113  .00000925  00000-0  34744-3 0  9991
2 25477  45.0099   8.7724 0001739 242.6674 117.3998 14.38317337438174
0 ORBCOMM FM 23
1 25477U 98053C   26086.77018409  .00000920  00000-0  34589-3 0  9991
2 25477  45.0099   7.4546 0001749 243.3248 116.7422 14.38317971438212
0 ORBCOMM FM 23
1 25477U 98053C   26086.83964230  .00000982  00000-0  36603-3 0  9997
2 25477  45.0099   7.1251 0001750 243.4284 116.6385 14.38318475438223
0 ORBCOMM FM 23
1 25477U 98053C   26086.83964230  .00000982  00000-0  36603-3 0  9997
2 25477  45.0099   7.1251 0001750 243.4284 116.6385 14.38318475438223
0 ORBCOMM FM 23
1 25477U 98053C   26087.18693327  .00001060  00000-0  39131-3 0  9999
2 25477  45.0099   5.4781 0001749 244.1078 115.9590 14.38319737438276
0 ORBCOMM FM 23
1 25477U 98053C   26087.18693327  .00001060  00000-0  39131-3 0  9999
2 25477  45.0099   5.4781 0001749 244.1078 115.9590 14.38319737438276
0 ORBCOMM FM 23
1 25477U 98053C   26087.46476587  .00001050  00000-0  38798-3 0  9994
2 25477  45.0099   4.1603 0001761 244.8848 115.1817 14.38320365438319
0 ORBCOMM FM 23
1 25477U 98053C   26087.46476588  .00001050  00000-0  38798-3 0  9995
2 25477  45.0099   4.1603 0001761 244.8848 115.1817 14.38320365438319
0 ORBCOMM FM 23
1 25477U 98053C   26087.74259838  .00001013  00000-0  37600-3 0  9993
2 25477  45.0099   2.8425 0001762 245.4106 114.6559 14.38320830438359
0 ORBCOMM FM 23
1 25477U 98053C   26087.74259838  .00001013  00000-0  37600-3 0  9993
2 25477  45.0099   2.8425 0001762 245.4106 114.6559 14.38320830438359
0 ORBCOMM FM 23
1 25477U 98053C   26088.08988882  .00001052  00000-0  38874-3 0  9996
2 25477  45.0099   1.1954 0001764 246.0444 114.0220 14.38321883438406
0 ORBCOMM FM 23
1 25477U 98053C   26089.06230041  .00001200  00000-0  43673-3 0  9990
2 25477  45.0099 356.5833 0001784 248.2158 111.8501 14.38325169438540
0 ORBCOMM FM 23
1 25477U 98053C   26089.06230042  .00001200  00000-0  43673-3 0  9991
2 25477  45.0099 356.5833 0001784 248.2158 111.8501 14.38325169438540
0 ORBCOMM FM 23
1 25477U 98053C   26089.40959007  .00001205  00000-0  43856-3 0  9996
2 25477  45.0098 354.9361 0001789 249.1436 110.9221 14.38326039438592
0 ORBCOMM FM 23
1 25477U 98053C   26089.40959007  .00001205  00000-0  43856-3 0  9996
2 25477  45.0098 354.9361 0001789 249.1436 110.9221 14.38326039438592
0 ORBCOMM FM 24
1 25478U 98053D   26060.13641233  .00001124  00000-0  40736-3 0  9999
2 25478  45.0070 130.0578 0000630 164.3144 195.7724 14.38897054434443
0 ORBCOMM FM 24
1 25478U 98053D   26060.20584256  .00001200  00000-0  43203-3 0  9995
2 25478  45.0070 129.7282 0000635 164.7696 195.3172 14.38897647434453
0 ORBCOMM FM 24
1 25478U 98053D   26060.20584257  .00001200  00000-0  43203-3 0  9996
2 25478  45.0070 129.7282 0000635 164.7696 195.3172 14.38897647434453
0 ORBCOMM FM 24
1 25478U 98053D   26061.17786468  .00001146  00000-0  41467-3 0  9990
2 25478  45.0068 125.1132 0000704 171.8768 188.2092 14.38899998434598
0 ORBCOMM FM 24
1 25478U 98053D   26061.52501484  .00001240  00000-0  44482-3 0  9997
2 25478  45.0068 123.4651 0000732 173.4185 186.6673 14.38901494434645
0 ORBCOMM FM 24
1 25478U 98053D   26061.52501485  .00001240  00000-0  44482-3 0  9998
2 25478  45.0068 123.4651 0000732 173.4185 186.6673 14.38901494434645
0 ORBCOMM FM 24
1 25478U 98053D   26062.14988420  .00001221  00000-0  43846-3 0  9997
2 25478  45.0070 120.4984 0000750 178.0502 182.0349 14.38903312434739
0 ORBCOMM FM 24
1 25478U 98053D   26062.49703355  .00001342  00000-0  47734-3 0  9991
2 25478  45.0071 118.8505 0000771 181.0079 179.0768 14.38905000434788
0 ORBCOMM FM 24
1 25478U 98053D   26062.63589302  .00001378  00000-0  48911-3 0  9998
2 25478  45.0070 118.1912 0000760 180.8116 179.2731 14.38905722434805
0 ORBCOMM FM 24
1 25478U 98053D   26062.63589302  .00001378  00000-0  48911-3 0  9998
2 25478  45.0070 118.1912 0000760 180.8116 179.2731 14.38905722434805
0 ORBCOMM FM 24
1 25478U 98053D   26063.12190137  .00001452  00000-0  51288-3 0  9991
2 25478  45.0070 115.8836 0000788 184.2598 175.8244 14.38907661434878
0 ORBCOMM FM 24
1 25478U 98053D   26063.46904971  .00001515  00000-0  53306-3 0  9990
2 25478  45.0071 114.2356 0000807 185.9416 174.1423 14.38909181434924
0 ORBCOMM FM 24
1 25478U 98053D   26063.60790909  .00001449  00000-0  51192-3 0  9997
2 25478  45.0070 113.5762 0000834 186.1143 173.9696 14.38909264434949
0 ORBCOMM FM 24
1 25478U 98053D   26063.60790909  .00001449  00000-0  51192-3 0  9997
2 25478  45.0070 113.5762 0000834 186.1143 173.9696 14.38909264434949
0 ORBCOMM FM 24
1 25478U 98053D   26064.16334615  .00001343  00000-0  47765-3 0  9991
2 25478  45.0071 110.9391 0000865 189.8775 170.2057 14.38910430435022
0 ORBCOMM FM 24
1 25478U 98053D   26064.30220530  .00001459  00000-0  51512-3 0  9990
2 25478  45.0071 110.2800 0000858 190.6817 169.4014 14.38911519435043
0 ORBCOMM FM 24
1 25478U 98053D   26064.57992309  .00001465  00000-0  51682-3 0  9994
2 25478  45.0071 108.9613 0000896 190.8187 169.2643 14.38912861435084
0 ORBCOMM FM 24
1 25478U 98053D   26064.57992310  .00001465  00000-0  51682-3 0  9996
2 25478  45.0071 108.9613 0000896 190.8187 169.2643 14.38912861435084
0 ORBCOMM FM 24
1 25478U 98053D   26064.92707084  .00001224  00000-0  43955-3 0  9994
2 25478  45.0071 107.3131 0000923 192.8693 167.2133 14.38912529435136
0 ORBCOMM FM 24
1 25478U 98053D   26065.13535926  .00001224  00000-0  43940-3 0  9996
2 25478  45.0071 106.3241 0000942 193.8149 166.2675 14.38913113435168
0 ORBCOMM FM 24
1 25478U 98053D   26065.48250609  .00001420  00000-0  50255-3 0  9991
2 25478  45.0071 104.6760 0000966 194.8590 165.2231 14.38915309435214
0 ORBCOMM FM 24
1 25478U 98053D   26066.10737021  .00001233  00000-0  44234-3 0  9991
2 25478  45.0071 101.7091 0001009 198.0164 162.0649 14.38916167435302
0 ORBCOMM FM 24
1 25478U 98053D   26066.10737021  .00001233  00000-0  44234-3 0  9991
2 25478  45.0071 101.7092 0001009 198.0164 162.0649 14.38916167435303
0 ORBCOMM FM 24
1 25478U 98053D   26066.45451628  .00001467  00000-0  51769-3 0  9995
2 25478  45.0071 100.0610 0001028 199.1590 160.9220 14.38918535435355
0 ORBCOMM FM 24
1 25478U 98053D   26066.45451628  .00001467  00000-0  51769-3 0  9995
2 25478  45.0071 100.0610 0001028 199.1590 160.9220 14.38918535435355
0 ORBCOMM FM 24
1 25478U 98053D   26066.80166189  .00001460  00000-0  51518-3 0  9994
2 25478  45.0071  98.4128 0001073 199.8417 160.2390 14.38919706435402
0 ORBCOMM FM 24
1 25478U 98053D   26066.80166189  .00001460  00000-0  51518-3 0  9994
2 25478  45.0071  98.4128 0001073 199.8417 160.2390 14.38919706435402
0 ORBCOMM FM 24
1 25478U 98053D   26067.07937825  .00001467  00000-0  51743-3 0  9994
2 25478  45.0071  97.0941 0001088 201.2114 158.8689 14.38920671435449
0 ORBCOMM FM 24
1 25478U 98053D   26067.49595244  .00001450  00000-0  51203-3 0  9998
2 25478  45.0071  95.1164 0001092 203.5047 156.5752 14.38922041435506
0 ORBCOMM FM 24
1 25478U 98053D   26067.49595245  .00001450  00000-0  51203-3 0  9999
2 25478  45.0071  95.1164 0001092 203.5047 156.5752 14.38922041435506
0 ORBCOMM FM 24
1 25478U 98053D   26068.05138432  .00001342  00000-0  47742-3 0  9996
2 25478  45.0071  92.4792 0001131 205.6991 154.3801 14.38923353435584
0 ORBCOMM FM 24
1 25478U 98053D   26069.09281789  .00001237  00000-0  44359-3 0  9999
2 25478  45.0071  87.5344 0001197 209.3032 150.7749 14.38926037435731
0 ORBCOMM FM 24
1 25478U 98053D   26069.09281790  .00001237  00000-0  44359-3 0  9991
2 25478  45.0071  87.5344 0001197 209.3032 150.7749 14.38926037435731
0 ORBCOMM FM 24
1 25478U 98053D   26069.43996089  .00001279  00000-0  45708-3 0  9998
2 25478  45.0071  85.8863 0001210 209.8157 150.2622 14.38927653435782
0 ORBCOMM FM 24
1 25478U 98053D   26069.43996090  .00001279  00000-0  45708-3 0  9990
2 25478  45.0071  85.8863 0001210 209.8157 150.2622 14.38927653435782
0 ORBCOMM FM 24
1 25478U 98053D   26070.20367614  .00001230  00000-0  44132-3 0  9998
2 25478  45.0072  82.2602 0001245 213.3398 146.7372 14.38929892435891
0 ORBCOMM FM 24
1 25478U 98053D   26070.27310477  .00001230  00000-0  44123-3 0  9990
2 25478  45.0072  81.9307 0001240 213.9113 146.1657 14.38930105435906
0 ORBCOMM FM 24
1 25478U 98053D   26070.48139046  .00001263  00000-0  45201-3 0  9998
2 25478  45.0072  80.9418 0001248 213.9950 146.0819 14.38930978435935
0 ORBCOMM FM 24
1 25478U 98053D   26070.75910464  .00001256  00000-0  44945-3 0  9995
2 25478  45.0073  79.6231 0001285 214.3473 145.7293 14.38931820435973
0 ORBCOMM FM 24
1 25478U 98053D   26070.96739038  .00001171  00000-0  42234-3 0  9999
2 25478  45.0073  78.6341 0001304 214.9884 145.0879 14.38931944436003
0 ORBCOMM FM 24
1 25478U 98053D   26070.96739039  .00001171  00000-0  42234-3 0  9990
2 25478  45.0073  78.6341 0001304 214.9884 145.0879 14.38931944436003
0 ORBCOMM FM 24
1 25478U 98053D   26072.00881684  .00001263  00000-0  45189-3 0  9995
2 25478  45.0074  73.6893 0001352 218.6940 141.3811 14.38935662436150
0 ORBCOMM FM 24
1 25478U 98053D   26072.42538671  .00001267  00000-0  45319-3 0  9995
2 25478  45.0074  71.7115 0001360 220.2055 139.8693 14.38937009436215
0 ORBCOMM FM 24
1 25478U 98053D   26073.25852514  .00001235  00000-0  44266-3 0  9997
2 25478  45.0075  67.7557 0001420 222.5764 137.4975 14.38939499436335
0 ORBCOMM FM 24
1 25478U 98053D   26074.23051843  .00001116  00000-0  40437-3 0  9996
2 25478  45.0077  63.1406 0001460 225.2722 134.8008 14.38941875436472
0 ORBCOMM FM 24
1 25478U 98053D   26074.92479876  .00000977  00000-0  35980-3 0  9993
2 25478  45.0078  59.8442 0001471 227.5244 132.5480 14.38943071436571
0 ORBCOMM FM 24
1 25478U 98053D   26075.89678995  .00000951  00000-0  35156-3 0  9990
2 25478  45.0080  55.2293 0001509 230.5018 129.5697 14.38945497436719
0 ORBCOMM FM 24
1 25478U 98053D   26076.24392983  .00000939  00000-0  34750-3 0  9995
2 25478  45.0081  53.5810 0001511 231.2292 128.8422 14.38946154436765
0 ORBCOMM FM 24
1 25478U 98053D   26076.93820807  .00000904  00000-0  33645-3 0  9996
2 25478  45.0082  50.2845 0001546 232.8830 127.1878 14.38947634436863
0 ORBCOMM FM 24
1 25478U 98053D   26077.63248564  .00000960  00000-0  35439-3 0  9993
2 25478  45.0084  46.9882 0001565 234.8300 125.2402 14.38949548436962
0 ORBCOMM FM 24
1 25478U 98053D   26077.63248565  .00000960  00000-0  35439-3 0  9994
2 25478  45.0084  46.9882 0001565 234.8300 125.2402 14.38949548436962
0 ORBCOMM FM 24
1 25478U 98053D   26077.91019649  .00000928  00000-0  34412-3 0  9998
2 25478  45.0084  45.6695 0001571 235.5983 124.4717 14.38949987437005
0 ORBCOMM FM 24
1 25478U 98053D   26077.91019650  .00000928  00000-0  34412-3 0  9990
2 25478  45.0084  45.6695 0001571 235.5983 124.4717 14.38949987437005
0 ORBCOMM FM 24
1 25478U 98053D   26078.25733526  .00000937  00000-0  34683-3 0  9993
2 25478  45.0084  44.0213 0001571 236.4598 123.6100 14.38950700437053
0 ORBCOMM FM 24
1 25478U 98053D   26079.22932249  .00000882  00000-0  32939-3 0  9995
2 25478  45.0085  39.4063 0001588 239.0559 121.0133 14.38952360437196
0 ORBCOMM FM 24
1 25478U 98053D   26079.22932249  .00000882  00000-0  32939-3 0  9995
2 25478  45.0085  39.4063 0001588 239.0559 121.0133 14.38952360437196
0 ORBCOMM FM 24
1 25478U 98053D   26079.57645973  .00000973  00000-0  35847-3 0  9990
2 25478  45.0085  37.7581 0001568 240.2033 119.8660 14.38953767437249
0 ORBCOMM FM 24
1 25478U 98053D   26079.57645974  .00000973  00000-0  35847-3 0  9991
2 25478  45.0085  37.7581 0001568 240.2033 119.8660 14.38953767437249
0 ORBCOMM FM 24
1 25478U 98053D   26080.89558087  .00001027  00000-0  37590-3 0  9994
2 25478  45.0088  31.4949 0001624 243.3639 116.7044 14.38957056437438
0 ORBCOMM FM 24
1 25478U 98053D   26081.17329024  .00001069  00000-0  38921-3 0  9998
2 25478  45.0089  30.1764 0001632 243.9600 116.1081 14.38957915437476
0 ORBCOMM FM 24
1 25478U 98053D   26081.86756306  .00001060  00000-0  38634-3 0  9993
2 25478  45.0091  26.8801 0001650 245.7118 114.3558 14.38959501437570
0 ORBCOMM FM 24
1 25478U 98053D   26082.21469923  .00001109  00000-0  40206-3 0  9991
2 25478  45.0090  25.2319 0001639 246.0531 114.0146 14.38960566437625
0 ORBCOMM FM 24
1 25478U 98053D   26082.21469923  .00001109  00000-0  40206-3 0  9991
2 25478  45.0090  25.2319 0001639 246.0531 114.0146 14.38960566437625
0 ORBCOMM FM 24
1 25478U 98053D   26082.56183539  .00001015  00000-0  37187-3 0  9995
2 25478  45.0091  23.5837 0001656 247.1360 112.9314 14.38960822437677
0 ORBCOMM FM 24
1 25478U 98053D   26083.11725246  .00001026  00000-0  37547-3 0  9996
2 25478  45.0092  20.9465 0001659 248.1853 111.8819 14.38962222437750
0 ORBCOMM FM 24
1 25478U 98053D   26083.88095035  .00000991  00000-0  36435-3 0  9991
2 25478  45.0093  17.3205 0001668 249.8037 110.2632 14.38963857437868
0 ORBCOMM FM 24
1 25478U 98053D   26084.50579353  .00000962  00000-0  35494-3 0  9993
2 25478  45.0094  14.3540 0001663 251.2243 108.8426 14.38965209437956
0 ORBCOMM FM 24
1 25478U 98053D   26085.20006295  .00000952  00000-0  35173-3 0  9994
2 25478  45.0094  11.0576 0001665 252.5941 107.4725 14.38966790438055
0 ORBCOMM FM 24
1 25478U 98053D   26085.20006296  .00000952  00000-0  35173-3 0  9995
2 25478  45.0094  11.0576 0001665 252.5942 107.4725 14.38966790438056
0 ORBCOMM FM 24
1 25478U 98053D   26085.47777024  .00000922  00000-0  34194-3 0  9997
2 25478  45.0095   9.7390 0001662 253.1942 106.8725 14.38967384438096
0 ORBCOMM FM 24
1 25478U 98053D   26085.82490439  .00000905  00000-0  33644-3 0  9998
2 25478  45.0095   8.0907 0001667 253.8385 106.2281 14.38968129438140
0 ORBCOMM FM 24
1 25478U 98053D   26085.82490440  .00000905  00000-0  33644-3 0  9990
2 25478  45.0095   8.0907 0001667 253.8385 106.2281 14.38968129438140
0 ORBCOMM FM 24
1 25478U 98053D   26086.17203844  .00000950  00000-0  35112-3 0  9991
2 25478  45.0095   6.4426 0001663 254.5390 105.5275 14.38969185438191
0 ORBCOMM FM 24
1 25478U 98053D   26086.17203845  .00000950  00000-0  35112-3 0  9992
2 25478  45.0095   6.4426 0001663 254.5390 105.5275 14.38969185438191
0 ORBCOMM FM 24
1 25478U 98053D   26086.44974541  .00000947  00000-0  34988-3 0  9996
2 25478  45.0095   5.1242 0001663 255.3079 104.7586 14.38969866438233
0 ORBCOMM FM 24
1 25478U 98053D   26086.44974541  .00000947  00000-0  34988-3 0  9996
2 25478  45.0095   5.1242 0001663 255.3079 104.7586 14.38969867438234
0 ORBCOMM FM 24
1 25478U 98053D   26087.14401225  .00001062  00000-0  38685-3 0  9995
2 25478  45.0094   1.8279 0001668 256.7556 103.3107 14.38972134438332
0 ORBCOMM FM 24
1 25478U 98053D   26087.14401225  .00001062  00000-0  38685-3 0  9995
2 25478  45.0094   1.8279 0001668 256.7556 103.3107 14.38972134438332
0 ORBCOMM FM 24
1 25478U 98053D   26087.76885169  .00001043  00000-0  38096-3 0  9991
2 25478  45.0094 358.8611 0001675 257.8542 102.2119 14.38973513438425
0 ORBCOMM FM 24
1 25478U 98053D   26087.76885169  .00001043  00000-0  38096-3 0  9991
2 25478  45.0094 358.8611 0001675 257.8542 102.2119 14.38973513438425
0 ORBCOMM FM 24
1 25478U 98053D   26088.11598462  .00001081  00000-0  39288-3 0  9994
2 25478  45.0096 357.2129 0001675 258.5196 101.5465 14.38974486438478
0 ORBCOMM FM 24
1 25478U 98053D   26089.08795480  .00001234  00000-0  44196-3 0  9994
2 25478  45.0093 352.5980 0001668 260.3794  99.6866 14.38977764438615
0 ORBCOMM FM 24
1 25478U 98053D   26089.08795481  .00001234  00000-0  44196-3 0  9995
2 25478  45.0093 352.5980 0001668 260.3794  99.6866 14.38977764438615
0 ORBCOMM FM 24
1 25478U 98053D   26089.43508675  .00001229  00000-0  44048-3 0  9991
2 25478  45.0093 350.9498 0001683 261.3091  98.7567 14.38978591438661
0 ORBCOMM FM 24
1 25478U 98053D   26089.43508676  .00001229  00000-0  44048-3 0  9992
2 25478  45.0093 350.9498 0001683 261.3091  98.7567 14.38978591438661
0 ORBCOMM FM 24
1 25478U 98053D   26089.71279190  .00001238  00000-0  44329-3 0  9991
2 25478  45.0093 349.6311 0001694 261.8758  98.1898 14.38979395438706
0 ORBCOMM FM 25
1 25479U 98053E   26060.52980210  .00001220  00000-0  43854-3 0  9995
2 25479  45.0061 126.5024 0002767 120.2709 239.8414 14.38862913434791
0 ORBCOMM FM 25
1 25479U 98053E   26060.52980210  .00001220  00000-0  43854-3 0  9995
2 25479  45.0061 126.5024 0002767 120.2709 239.8414 14.38862913434791
0 ORBCOMM FM 25
1 25479U 98053E   26061.43241598  .00001289  00000-0  46085-3 0  9999
2 25479  45.0061 122.2172 0002778 126.0669 234.0438 14.38865690434922
0 ORBCOMM FM 25
1 25479U 98053E   26061.43241599  .00001289  00000-0  46085-3 0  9990
2 25479  45.0061 122.2172 0002778 126.0669 234.0438 14.38865690434922
0 ORBCOMM FM 25
1 25479U 98053E   26062.19616501  .00001209  00000-0  43496-3 0  9998
2 25479  45.0060 118.5912 0002807 130.8484 229.2608 14.38867312435033
0 ORBCOMM FM 25
1 25479U 98053E   26062.54332309  .00001359  00000-0  48317-3 0  9991
2 25479  45.0061 116.9432 0002797 132.9374 227.1710 14.38869101435086
0 ORBCOMM FM 25
1 25479U 98053E   26062.54332309  .00001359  00000-0  48317-3 0  9991
2 25479  45.0061 116.9432 0002797 132.9374 227.1710 14.38869101435086
0 ORBCOMM FM 25
1 25479U 98053E   26063.30707012  .00001470  00000-0  51897-3 0  9994
2 25479  45.0062 113.3172 0002828 137.6958 222.4109 14.38871852435192
0 ORBCOMM FM 25
1 25479U 98053E   26063.30707012  .00001470  00000-0  51897-3 0  9994
2 25479  45.0062 113.3172 0002828 137.6958 222.4109 14.38871852435192
0 ORBCOMM FM 25
1 25479U 98053E   26064.14024793  .00001276  00000-0  45667-3 0  9997
2 25479  45.0062 109.3617 0002865 142.7522 217.3525 14.38873007435319
0 ORBCOMM FM 25
1 25479U 98053E   26064.27911077  .00001397  00000-0  49530-3 0  9998
2 25479  45.0062 108.7024 0002872 143.5775 216.5270 14.38874011435337
0 ORBCOMM FM 25
1 25479U 98053E   26064.41797353  .00001394  00000-0  49457-3 0  9998
2 25479  45.0062 108.0431 0002895 144.3469 215.7574 14.38874373435357
0 ORBCOMM FM 25
1 25479U 98053E   26064.41797354  .00001394  00000-0  49457-3 0  9999
2 25479  45.0062 108.0431 0002895 144.3469 215.7574 14.38874373435357
0 ORBCOMM FM 25
1 25479U 98053E   26065.11228693  .00001179  00000-0  42532-3 0  9990
2 25479  45.0062 104.7468 0002936 148.5501 211.5524 14.38875063435456
0 ORBCOMM FM 25
1 25479U 98053E   26065.45944304  .00001381  00000-0  49029-3 0  9994
2 25479  45.0061 103.0987 0002957 150.4691 209.6325 14.38877139435507
0 ORBCOMM FM 25
1 25479U 98053E   26065.80659884  .00001371  00000-0  48703-3 0  9996
2 25479  45.0062 101.4505 0002969 152.5206 207.5800 14.38878120435555
0 ORBCOMM FM 25
1 25479U 98053E   26066.15375499  .00001158  00000-0  41859-3 0  9990
2 25479  45.0061  99.8023 0002994 154.5986 205.5010 14.38877837435605
0 ORBCOMM FM 25
1 25479U 98053E   26066.15375499  .00001158  00000-0  41859-3 0  9990
2 25479  45.0061  99.8023 0002994 154.5986 205.5010 14.38877837435605
0 ORBCOMM FM 25
1 25479U 98053E   26066.43147903  .00001402  00000-0  49690-3 0  9991
2 25479  45.0062  98.4839 0003011 156.0397 204.0592 14.38880036435648
0 ORBCOMM FM 25
1 25479U 98053E   26066.43147903  .00001402  00000-0  49690-3 0  9991
2 25479  45.0062  98.4839 0003011 156.0397 204.0592 14.38880036435648
0 ORBCOMM FM 25
1 25479U 98053E   26066.77863406  .00001410  00000-0  49956-3 0  9995
2 25479  45.0063  96.8359 0003022 157.8103 202.2877 14.38881181435697
0 ORBCOMM FM 25
1 25479U 98053E   26066.77863406  .00001410  00000-0  49956-3 0  9995
2 25479  45.0063  96.8359 0003022 157.8103 202.2877 14.38881181435697
0 ORBCOMM FM 25
1 25479U 98053E   26067.12578884  .00001399  00000-0  49596-3 0  9994
2 25479  45.0063  95.1876 0003046 159.7964 200.3006 14.38882185435749
0 ORBCOMM FM 25
1 25479U 98053E   26067.12578884  .00001399  00000-0  49596-3 0  9994
2 25479  45.0063  95.1876 0003046 159.7964 200.3006 14.38882185435749
0 ORBCOMM FM 25
1 25479U 98053E   26068.44497508  .00001241  00000-0  44525-3 0  9996
2 25479  45.0062  88.9245 0003132 166.9948 193.0981 14.38885326435937
0 ORBCOMM FM 25
1 25479U 98053E   26068.44497508  .00001241  00000-0  44525-3 0  9996
2 25479  45.0062  88.9245 0003132 166.9948 193.0981 14.38885326435937
0 ORBCOMM FM 25
1 25479U 98053E   26069.00042073  .00001254  00000-0  44942-3 0  9999
2 25479  45.0063  86.2872 0003171 170.0506 190.0406 14.38887074436015
0 ORBCOMM FM 25
1 25479U 98053E   26069.00042074  .00001254  00000-0  44942-3 0  9990
2 25479  45.0063  86.2872 0003171 170.0506 190.0406 14.38887074436015
0 ORBCOMM FM 25
1 25479U 98053E   26069.41700425  .00001288  00000-0  46016-3 0  9997
2 25479  45.0063  84.3095 0003208 172.1305 187.9594 14.38888630436070
0 ORBCOMM FM 25
1 25479U 98053E   26069.41700425  .00001288  00000-0  46016-3 0  9997
2 25479  45.0063  84.3095 0003208 172.1305 187.9594 14.38888630436070
0 ORBCOMM FM 25
1 25479U 98053E   26070.04187943  .00001240  00000-0  44476-3 0  9998
2 25479  45.0064  81.3427 0003229 175.4830 184.6048 14.38890210436164
0 ORBCOMM FM 25
1 25479U 98053E   26070.31960131  .00001260  00000-0  45132-3 0  9998
2 25479  45.0065  80.0243 0003231 176.8717 183.2152 14.38891211436207
0 ORBCOMM FM 25
1 25479U 98053E   26070.38903170  .00001264  00000-0  45239-3 0  9997
2 25479  45.0065  79.6947 0003243 177.1661 182.9207 14.38891462436213
0 ORBCOMM FM 25
1 25479U 98053E   26070.73618389  .00001284  00000-0  45891-3 0  9997
2 25479  45.0066  78.0465 0003270 178.9277 181.1579 14.38892639436269
0 ORBCOMM FM 25
1 25479U 98053E   26070.73618390  .00001284  00000-0  45891-3 0  9999
2 25479  45.0066  78.0465 0003270 178.9277 181.1579 14.38892639436269
0 ORBCOMM FM 25
1 25479U 98053E   26071.29162714  .00001338  00000-0  47629-3 0  9996
2 25479  45.0067  75.4094 0003306 181.5610 178.5229 14.38894538436341
0 ORBCOMM FM 25
1 25479U 98053E   26071.36105744  .00001341  00000-0  47710-3 0  9999
2 25479  45.0066  75.0798 0003308 181.8739 178.2098 14.38894770436354
0 ORBCOMM FM 25
1 25479U 98053E   26071.36105745  .00001341  00000-0  47710-3 0  9990
2 25479  45.0066  75.0798 0003308 181.8739 178.2098 14.38894770436354
0 ORBCOMM FM 25
1 25479U 98053E   26072.40251170  .00001260  00000-0  45106-3 0  9997
2 25479  45.0068  70.1353 0003386 186.9614 173.1188 14.38897379436502
0 ORBCOMM FM 25
1 25479U 98053E   26073.92997363  .00001208  00000-0  43428-3 0  9993
2 25479  45.0071  62.8831 0003483 194.2658 165.8093 14.38901538436723
0 ORBCOMM FM 25
1 25479U 98053E   26074.27712377  .00001100  00000-0  39963-3 0  9992
2 25479  45.0072  61.2350 0003504 195.7928 164.2812 14.38901859436776
0 ORBCOMM FM 25
1 25479U 98053E   26074.69370364  .00000995  00000-0  36583-3 0  9990
2 25479  45.0073  59.2573 0003532 197.6711 162.4015 14.38902364436837
0 ORBCOMM FM 25
1 25479U 98053E   26075.24914271  .00001109  00000-0  40256-3 0  9993
2 25479  45.0074  56.6201 0003562 200.1549 159.9159 14.38904429436912
0 ORBCOMM FM 25
1 25479U 98053E   26075.66572198  .00001021  00000-0  37416-3 0  9994
2 25479  45.0074  54.6424 0003587 202.0623 158.0072 14.38904963436971
0 ORBCOMM FM 25
1 25479U 98053E   26076.22116073  .00001011  00000-0  37092-3 0  9992
2 25479  45.0075  52.0053 0003611 204.4019 155.6659 14.38906166437056
0 ORBCOMM FM 25
1 25479U 98053E   26076.22116074  .00001011  00000-0  37092-3 0  9993
2 25479  45.0075  52.0053 0003611 204.4019 155.6659 14.38906166437056
0 ORBCOMM FM 25
1 25479U 98053E   26076.63773924  .00001012  00000-0  37147-3 0  9993
2 25479  45.0076  50.0276 0003633 206.2675 153.7990 14.38907206437114
0 ORBCOMM FM 25
1 25479U 98053E   26076.91545806  .00000981  00000-0  36141-3 0  9997
2 25479  45.0076  48.7090 0003652 207.4882 152.5774 14.38907702437158
0 ORBCOMM FM 25
1 25479U 98053E   26077.88747317  .00000991  00000-0  36463-3 0  9993
2 25479  45.0077  44.0941 0003698 211.5841 148.4786 14.38910079437297
0 ORBCOMM FM 25
1 25479U 98053E   26077.88747318  .00000991  00000-0  36463-3 0  9994
2 25479  45.0077  44.0941 0003698 211.5841 148.4786 14.38910079437297
0 ORBCOMM FM 25
1 25479U 98053E   26078.16519163  .00000967  00000-0  35676-3 0  9999
2 25479  45.0079  42.7756 0003712 212.7104 147.3515 14.38910585437335
0 ORBCOMM FM 25
1 25479U 98053E   26078.85948752  .00000951  00000-0  35183-3 0  9991
2 25479  45.0079  39.4791 0003748 215.6759 144.3840 14.38911922437439
0 ORBCOMM FM 25
1 25479U 98053E   26078.92891698  .00000955  00000-0  35296-3 0  9994
2 25479  45.0079  39.1495 0003756 215.9462 144.1135 14.38912112437448
0 ORBCOMM FM 25
1 25479U 98053E   26079.06777597  .00000952  00000-0  35194-3 0  9995
2 25479  45.0078  38.4902 0003763 216.4396 143.6197 14.38912408437464
0 ORBCOMM FM 25
1 25479U 98053E   26079.06777598  .00000952  00000-0  35194-3 0  9996
2 25479  45.0078  38.4902 0003763 216.4396 143.6197 14.38912408437464
0 ORBCOMM FM 25
1 25479U 98053E   26079.83150054  .00000925  00000-0  34334-3 0  9998
2 25479  45.0080  34.8642 0003797 219.7035 140.3536 14.38913730437573
0 ORBCOMM FM 25
1 25479U 98053E   26079.90092987  .00000937  00000-0  34709-3 0  9995
2 25479  45.0080  34.5345 0003804 219.9840 140.0729 14.38913967437589
0 ORBCOMM FM 25
1 25479U 98053E   26080.59522308  .00001088  00000-0  39570-3 0  9996
2 25479  45.0082  31.2384 0003831 222.8274 137.2276 14.38916416437680
0 ORBCOMM FM 25
1 25479U 98053E   26080.94236945  .00001090  00000-0  39646-3 0  9991
2 25479  45.0082  29.5900 0003848 224.1827 135.8715 14.38917218437730
0 ORBCOMM FM 25
1 25479U 98053E   26081.15065725  .00001095  00000-0  39796-3 0  9992
2 25479  45.0082  28.6011 0003854 224.9755 135.0782 14.38917700437763
0 ORBCOMM FM 25
1 25479U 98053E   26081.56723273  .00001122  00000-0  40673-3 0  9993
2 25479  45.0083  26.6234 0003874 226.7368 133.3158 14.38918759437821
0 ORBCOMM FM 25
1 25479U 98053E   26082.19209505  .00001177  00000-0  42417-3 0  9998
2 25479  45.0083  23.6567 0003899 229.1500 130.9011 14.38920552437914
0 ORBCOMM FM 25
1 25479U 98053E   26082.53924076  .00001074  00000-0  39131-3 0  9998
2 25479  45.0084  22.0086 0003922 230.6440 129.4062 14.38920805437966
0 ORBCOMM FM 25
1 25479U 98053E   26082.81695703  .00001070  00000-0  38984-3 0  9992
2 25479  45.0084  20.6899 0003935 231.7525 128.2970 14.38921446438005
0 ORBCOMM FM 25
1 25479U 98053E   26083.09467309  .00001081  00000-0  39323-3 0  9992
2 25479  45.0084  19.3713 0003937 232.7115 127.3375 14.38922223438040
0 ORBCOMM FM 25
1 25479U 98053E   26083.51124696  .00001043  00000-0  38113-3 0  9992
2 25479  45.0084  17.3936 0003957 234.4118 125.6362 14.38923116438105
0 ORBCOMM FM 25
1 25479U 98053E   26083.92782079  .00001038  00000-0  37965-3 0  9990
2 25479  45.0085  15.4158 0003973 236.0056 124.0415 14.38924101438161
0 ORBCOMM FM 25
1 25479U 98053E   26084.48325165  .00001046  00000-0  38214-3 0  9998
2 25479  45.0087  12.7789 0003977 238.1805 121.8657 14.38925681438248
0 ORBCOMM FM 25
1 25479U 98053E   26084.96925359  .00001029  00000-0  37663-3 0  9990
2 25479  45.0087  10.4714 0003994 240.0313 120.0140 14.38926781438314
0 ORBCOMM FM 25
1 25479U 98053E   26084.96925359  .00001029  00000-0  37663-3 0  9990
2 25479  45.0087  10.4714 0003994 240.0313 120.0140 14.38926781438314
0 ORBCOMM FM 25
1 25479U 98053E   26085.94125537  .00001103  00000-0  40035-3 0  9999
2 25479  45.0088   5.8567 0004019 243.7540 116.2896 14.38929842438451
0 ORBCOMM FM 25
1 25479U 98053E   26086.14954153  .00001068  00000-0  38908-3 0  9992
2 25479  45.0088   4.8679 0004019 244.5637 115.4796 14.38930137438482
0 ORBCOMM FM 25
1 25479U 98053E   26086.14954153  .00001068  00000-0  38908-3 0  9992
2 25479  45.0088   4.8679 0004019 244.5637 115.4796 14.38930137438482
0 ORBCOMM FM 25
1 25479U 98053E   26086.49668454  .00001024  00000-0  37484-3 0  9996
2 25479  45.0089   3.2198 0004026 245.9308 114.1119 14.38930844438536
0 ORBCOMM FM 25
1 25479U 98053E   26086.49668455  .00001024  00000-0  37484-3 0  9997
2 25479  45.0089   3.2198 0004026 245.9308 114.1119 14.38930844438536
0 ORBCOMM FM 25
1 25479U 98053E   26086.77439890  .00001015  00000-0  37209-3 0  9992
2 25479  45.0089   1.9012 0004033 246.9217 113.1207 14.38931485438577
0 ORBCOMM FM 25
1 25479U 98053E   26086.77439890  .00001015  00000-0  37209-3 0  9992
2 25479  45.0089   1.9012 0004033 246.9217 113.1207 14.38931484438576
0 ORBCOMM FM 25
1 25479U 98053E   26087.12154161  .00001076  00000-0  39159-3 0  9990
2 25479  45.0088   0.2531 0004033 248.2198 111.8221 14.38932695438628
0 ORBCOMM FM 25
1 25479U 98053E   26087.12154162  .00001076  00000-0  39159-3 0  9991
2 25479  45.0088   0.2531 0004033 248.2198 111.8221 14.38932695438628
0 ORBCOMM FM 25
1 25479U 98053E   26087.46868388  .00001136  00000-0  41088-3 0  9991
2 25479  45.0088 358.6050 0004040 249.5751 110.4664 14.38933972438671
0 ORBCOMM FM 25
1 25479U 98053E   26087.46868389  .00001136  00000-0  41088-3 0  9992
2 25479  45.0088 358.6050 0004040 249.5751 110.4664 14.38933972438671
0 ORBCOMM FM 25
1 25479U 98053E   26087.81582616  .00001129  00000-0  40860-3 0  9996
2 25479  45.0087 356.9568 0004044 250.8094 109.2317 14.38934811438724
0 ORBCOMM FM 25
1 25479U 98053E   26087.81582616  .00001129  00000-0  40860-3 0  9996
2 25479  45.0087 356.9568 0004044 250.8094 109.2317 14.38934811438724
0 ORBCOMM FM 25
1 25479U 98053E   26088.02411145  .00001173  00000-0  42297-3 0  9993
2 25479  45.0087 355.9679 0004040 251.5951 108.4459 14.38935580438757
0 ORBCOMM FM 25
1 25479U 98053E   26089.06553617  .00001284  00000-0  45835-3 0  9993
2 25479  45.0088 351.0235 0004053 255.4736 104.5663 14.38938979438907
0 ORBCOMM FM 25
1 25479U 98053E   26089.13496456  .00001291  00000-0  46081-3 0  9990
2 25479  45.0087 350.6939 0004052 255.7487 104.2912 14.38939161438916
0 ORBCOMM FM 25
1 25479U 98053E   26089.41267744  .00001281  00000-0  45741-3 0  9998
2 25479  45.0088 349.3754 0004063 256.8796 103.1600 14.38939870438957
0 ORBCOMM FM 25
1 25479U 98053E   26089.41267745  .00001281  00000-0  45741-3 0  9999
2 25479  45.0088 349.3754 0004063 256.8796 103.1600 14.38939870438957
0 ORBCOMM FM 25
1 25479U 98053E   26089.96810288  .00001252  00000-0  44833-3 0  9994
2 25479  45.0087 346.7382 0004056 258.8377 101.2015 14.38941218439031
0 ORBCOMM FM 25
1 25479U 98053E   26089.96810289  .00001252  00000-0  44833-3 0  9995
2 25479  45.0087 346.7382 0004056 258.8377 101.2015 14.38941218439031
0 ORBCOMM FM 26
1 25480U 98053F   26060.16413631  .00000910  00000-0  34604-3 0  9993
2 25480  45.0058 126.6597 0004975 129.4576 230.6713 14.37799311434624
0 ORBCOMM FM 26
1 25480U 98053F   26060.16413631  .00000910  00000-0  34604-3 0  9993
2 25480  45.0058 126.6597 0004975 129.4576 230.6712 14.37799311434623
0 ORBCOMM FM 26
1 25480U 98053F   26060.51155257  .00000962  00000-0  36315-3 0  9997
2 25480  45.0058 125.0133 0004992 131.4073 228.7204 14.37800377434670
0 ORBCOMM FM 26
1 25480U 98053F   26060.85896846  .00000951  00000-0  35963-3 0  9996
2 25480  45.0059 123.3669 0005003 133.3135 226.8131 14.37801174434720
0 ORBCOMM FM 26
1 25480U 98053F   26061.13690119  .00000953  00000-0  36029-3 0  9999
2 25480  45.0059 122.0496 0005010 134.9285 225.1970 14.37801775434769
0 ORBCOMM FM 26
1 25480U 98053F   26061.41483384  .00001050  00000-0  39223-3 0  9992
2 25480  45.0059 120.7324 0005031 136.4515 223.6731 14.37802904434808
0 ORBCOMM FM 26
1 25480U 98053F   26061.41483385  .00001050  00000-0  39223-3 0  9993
2 25480  45.0059 120.7324 0005031 136.4516 223.6731 14.37802904434809
0 ORBCOMM FM 26
1 25480U 98053F   26062.10966490  .00000989  00000-0  37202-3 0  9998
2 25480  45.0061 117.4394 0005049 140.3853 219.7365 14.37804075434900
0 ORBCOMM FM 26
1 25480U 98053F   26062.31811413  .00001078  00000-0  40121-3 0  9999
2 25480  45.0061 116.4515 0005059 141.5637 218.5572 14.37804982434935
0 ORBCOMM FM 26
1 25480U 98053F   26062.31811414  .00001078  00000-0  40121-3 0  9990
2 25480  45.0061 116.4515 0005059 141.5637 218.5572 14.37804982434935
0 ORBCOMM FM 26
1 25480U 98053F   26063.15190945  .00001201  00000-0  44160-3 0  9997
2 25480  45.0061 112.4999 0005089 146.1974 213.9199 14.37807641435058
0 ORBCOMM FM 26
1 25480U 98053F   26063.15190945  .00001201  00000-0  44160-3 0  9997
2 25480  45.0061 112.4998 0005089 146.1974 213.9199 14.37807641435057
0 ORBCOMM FM 26
1 25480U 98053F   26064.12466957  .00001095  00000-0  40695-3 0  9994
2 25480  45.0063 107.8897 0005127 151.5906 208.5223 14.37809357435192
0 ORBCOMM FM 26
1 25480U 98053F   26064.12466958  .00001095  00000-0  40695-3 0  9995
2 25480  45.0063 107.8897 0005127 151.5906 208.5223 14.37809357435192
0 ORBCOMM FM 26
1 25480U 98053F   26064.47208338  .00001212  00000-0  44517-3 0  9997
2 25480  45.0062 106.2433 0005141 153.4309 206.6803 14.37810836435247
0 ORBCOMM FM 26
1 25480U 98053F   26064.47208339  .00001212  00000-0  44517-3 0  9998
2 25480  45.0062 106.2433 0005141 153.4310 206.6803 14.37810836435249
0 ORBCOMM FM 26
1 25480U 98053F   26065.09742797  .00001011  00000-0  37911-3 0  9995
2 25480  45.0062 103.2794 0005173 156.8997 203.2085 14.37811251435336
0 ORBCOMM FM 26
1 25480U 98053F   26065.44484131  .00001168  00000-0  43071-3 0  9996
2 25480  45.0063 101.6329 0005198 158.6800 201.4266 14.37812938435382
0 ORBCOMM FM 26
1 25480U 98053F   26066.13966728  .00000985  00000-0  37045-3 0  9990
2 25480  45.0062  98.3397 0005239 162.4533 197.6497 14.37813684435482
0 ORBCOMM FM 26
1 25480U 98053F   26066.27863220  .00001186  00000-0  43664-3 0  9996
2 25480  45.0062  97.6812 0005247 163.1447 196.9576 14.37815147435506
0 ORBCOMM FM 26
1 25480U 98053F   26066.27863220  .00001186  00000-0  43664-3 0  9996
2 25480  45.0062  97.6812 0005247 163.1447 196.9576 14.37815147435506
0 ORBCOMM FM 26
1 25480U 98053F   26066.76500955  .00001172  00000-0  43212-3 0  9997
2 25480  45.0063  95.3761 0005277 165.6731 194.4268 14.37816354435570
0 ORBCOMM FM 26
1 25480U 98053F   26067.04293916  .00001178  00000-0  43398-3 0  9996
2 25480  45.0062  94.0587 0005294 167.1727 192.9257 14.37817118435617
0 ORBCOMM FM 26
1 25480U 98053F   26067.11242159  .00001174  00000-0  43269-3 0  9990
2 25480  45.0062  93.7294 0005301 167.5261 192.5719 14.37817279435622
0 ORBCOMM FM 26
1 25480U 98053F   26067.11242159  .00001174  00000-0  43269-3 0  9990
2 25480  45.0062  93.7294 0005301 167.5261 192.5719 14.37817279435622
0 ORBCOMM FM 26
1 25480U 98053F   26068.08517478  .00001043  00000-0  38962-3 0  9995
2 25480  45.0063  89.1189 0005378 172.5493 187.5436 14.37818978435764
0 ORBCOMM FM 26
1 25480U 98053F   26069.05792671  .00000990  00000-0  37230-3 0  9990
2 25480  45.0064  84.5086 0005431 177.5534 182.5342 14.37820953435904
0 ORBCOMM FM 26
1 25480U 98053F   26069.05792672  .00000990  00000-0  37230-3 0  9991
2 25480  45.0064  84.5086 0005431 177.5534 182.5342 14.37820953435904
0 ORBCOMM FM 26
1 25480U 98053F   26070.03067669  .00000960  00000-0  36240-3 0  9999
2 25480  45.0064  79.8982 0005518 182.3999 177.6823 14.37823142436049
0 ORBCOMM FM 26
1 25480U 98053F   26070.03067669  .00000960  00000-0  36240-3 0  9999
2 25480  45.0064  79.8982 0005518 182.3999 177.6823 14.37823142436049
0 ORBCOMM FM 26
1 25480U 98053F   26070.37808722  .00000950  00000-0  35901-3 0  9991
2 25480  45.0064  78.2517 0005535 184.0911 175.9892 14.37823870436098
0 ORBCOMM FM 26
1 25480U 98053F   26070.37808723  .00000950  00000-0  35901-3 0  9992
2 25480  45.0064  78.2517 0005535 184.0912 175.9892 14.37823871436090
0 ORBCOMM FM 26
1 25480U 98053F   26071.28135326  .00001023  00000-0  38289-3 0  9999
2 25480  45.0064  73.9703 0005624 188.5705 171.5048 14.37826385436220
0 ORBCOMM FM 26
1 25480U 98053F   26071.35083515  .00001038  00000-0  38777-3 0  9997
2 25480  45.0065  73.6412 0005588 188.9376 171.1374 14.37826668436235
0 ORBCOMM FM 26
1 25480U 98053F   26071.35083516  .00001038  00000-0  38777-3 0  9998
2 25480  45.0065  73.6412 0005588 188.9376 171.1374 14.37826668436235
0 ORBCOMM FM 26
1 25480U 98053F   26071.97617218  .00001006  00000-0  37749-3 0  9991
2 25480  45.0065  70.6771 0005627 192.0336 168.0378 14.37828033436323
0 ORBCOMM FM 26
1 25480U 98053F   26072.04565407  .00000998  00000-0  37485-3 0  9998
2 25480  45.0065  70.3477 0005644 192.3424 167.7286 14.37828149436336
0 ORBCOMM FM 26
1 25480U 98053F   26072.94891776  .00000958  00000-0  36145-3 0  9996
2 25480  45.0067  66.0666 0005703 196.6428 163.4233 14.37830056436466
0 ORBCOMM FM 26
1 25480U 98053F   26073.22684481  .00000961  00000-0  36249-3 0  9990
2 25480  45.0068  64.7495 0005721 197.9056 162.1592 14.37830726436506
0 ORBCOMM FM 26
1 25480U 98053F   26074.26906997  .00000885  00000-0  33746-3 0  9998
2 25480  45.0070  59.8098 0005781 202.8362 157.2229 14.37832736436656
0 ORBCOMM FM 26
1 25480U 98053F   26074.89440455  .00000796  00000-0  30845-3 0  9997
2 25480  45.0070  56.8458 0005833 205.7446 154.3112 14.37833586436749
0 ORBCOMM FM 26
1 25480U 98053F   26075.24181234  .00000887  00000-0  33828-3 0  9999
2 25480  45.0071  55.1994 0005856 207.3111 152.7430 14.37834840436793
0 ORBCOMM FM 26
1 25480U 98053F   26076.21455409  .00000804  00000-0  31103-3 0  9998
2 25480  45.0074  50.5893 0005881 211.7537 148.2957 14.37836303436938
0 ORBCOMM FM 26
1 25480U 98053F   26076.21455410  .00000804  00000-0  31103-3 0  9990
2 25480  45.0074  50.5893 0005881 211.7537 148.2957 14.37836303436938
0 ORBCOMM FM 26
1 25480U 98053F   26076.63144292  .00000796  00000-0  30824-3 0  9998
2 25480  45.0075  48.6135 0005900 213.6852 146.3622 14.37837111436991
0 ORBCOMM FM 26
1 25480U 98053F   26076.90936863  .00000769  00000-0  29947-3 0  9995
2 25480  45.0076  47.2962 0005911 214.9232 145.1229 14.37837521437034
0 ORBCOMM FM 26
1 25480U 98053F   26077.18729448  .00000822  00000-0  31669-3 0  9999
2 25480  45.0076  45.9790 0005916 216.0985 143.9464 14.37838295437071
0 ORBCOMM FM 26
1 25480U 98053F   26077.60418277  .00000786  00000-0  30506-3 0  9999
2 25480  45.0076  44.0031 0005944 217.9967 142.0462 14.37838929437139
0 ORBCOMM FM 26
1 25480U 98053F   26077.60418278  .00000786  00000-0  30506-3 0  9990
2 25480  45.0076  44.0031 0005944 217.9967 142.0462 14.37838930437131
0 ORBCOMM FM 26
1 25480U 98053F   26078.29899665  .00000750  00000-0  29321-3 0  9993
2 25480  45.0077  40.7100 0005968 221.0329 139.0070 14.37839919437236
0 ORBCOMM FM 26
1 25480U 98053F   26078.57692188  .00000686  00000-0  27211-3 0  9999
2 25480  45.0077  39.3928 0005988 222.3341 137.7045 14.37840095437276
0 ORBCOMM FM 26
1 25480U 98053F   26078.92432844  .00000724  00000-0  28464-3 0  9993
2 25480  45.0078  37.7462 0006004 223.8813 136.1558 14.37840874437325
0 ORBCOMM FM 26
1 25480U 98053F   26079.20225402  .00000698  00000-0  27623-3 0  9991
2 25480  45.0079  36.4290 0006013 225.0850 134.9511 14.37841062437365
0 ORBCOMM FM 26
1 25480U 98053F   26079.20225402  .00000698  00000-0  27623-3 0  9991
2 25480  45.0079  36.4290 0006013 225.0850 134.9511 14.37841062437365
0 ORBCOMM FM 26
1 25480U 98053F   26079.54966014  .00000758  00000-0  29596-3 0  9997
2 25480  45.0079  34.7825 0006024 226.6559 133.3788 14.37842016437410
0 ORBCOMM FM 26
1 25480U 98053F   26079.54966014  .00000758  00000-0  29596-3 0  9997
2 25480  45.0079  34.7825 0006024 226.6559 133.3788 14.37842016437410
0 ORBCOMM FM 26
1 25480U 98053F   26080.17499138  .00000713  00000-0  28093-3 0  9998
2 25480  45.0080  31.8186 0006051 229.4107 130.6215 14.37842703437508
0 ORBCOMM FM 26
1 25480U 98053F   26080.59187806  .00000823  00000-0  31725-3 0  9998
2 25480  45.0081  29.8429 0006060 231.1969 128.8339 14.37844091437566
0 ORBCOMM FM 26
1 25480U 98053F   26080.86980250  .00000818  00000-0  31561-3 0  9994
2 25480  45.0081  28.5255 0006072 232.4283 127.6014 14.37844552437609
0 ORBCOMM FM 26
1 25480U 98053F   26081.14772686  .00000837  00000-0  32166-3 0  9991
2 25480  45.0081  27.2083 0006079 233.6334 126.3954 14.37845159437648
0 ORBCOMM FM 26
1 25480U 98053F   26081.84253748  .00000853  00000-0  32706-3 0  9999
2 25480  45.0082  23.9151 0006101 236.6480 123.3785 14.37846482437749
0 ORBCOMM FM 26
1 25480U 98053F   26082.18994241  .00000907  00000-0  34476-3 0  9993
2 25480  45.0081  22.2686 0006106 238.0773 121.9482 14.37847453437791
0 ORBCOMM FM 26
1 25480U 98053F   26082.53734748  .00000826  00000-0  31797-3 0  9999
2 25480  45.0082  20.6221 0006116 239.6108 120.4136 14.37847652437846
0 ORBCOMM FM 26
1 25480U 98053F   26082.53734748  .00000826  00000-0  31797-3 0  9999
2 25480  45.0082  20.6221 0006116 239.6108 120.4136 14.37847652437846
0 ORBCOMM FM 26
1 25480U 98053F   26083.09319479  .00000841  00000-0  32311-3 0  9991
2 25480  45.0083  17.9876 0006134 241.9653 118.0575 14.37848884437920
0 ORBCOMM FM 26
1 25480U 98053F   26083.85748437  .00000813  00000-0  31366-3 0  9993
2 25480  45.0084  14.3653 0006148 245.2392 114.7817 14.37850311438030
0 ORBCOMM FM 26
1 25480U 98053F   26084.48281145  .00000800  00000-0  30969-3 0  9995
2 25480  45.0085  11.4017 0006151 247.9102 112.1093 14.37851634438122
0 ORBCOMM FM 26
1 25480U 98053F   26085.10813838  .00000772  00000-0  30049-3 0  9992
2 25480  45.0085   8.4379 0006155 250.5162 109.5021 14.37852721438218
0 ORBCOMM FM 26
1 25480U 98053F   26085.10813839  .00000772  00000-0  30049-3 0  9993
2 25480  45.0085   8.4379 0006155 250.5162 109.5021 14.37852721438218
0 ORBCOMM FM 26
1 25480U 98053F   26085.45554184  .00000776  00000-0  30159-3 0  9992
2 25480  45.0085   6.7915 0006158 252.0342 107.9835 14.37853494438263
0 ORBCOMM FM 26
1 25480U 98053F   26085.45554184  .00000776  00000-0  30159-3 0  9992
2 25480  45.0085   6.7915 0006158 252.0342 107.9835 14.37853494438263
0 ORBCOMM FM 26
1 25480U 98053F   26086.15034843  .00000786  00000-0  30476-3 0  9998
2 25480  45.0085   3.4985 0006160 254.9568 105.0599 14.37854961438365
0 ORBCOMM FM 26
1 25480U 98053F   26086.15034843  .00000786  00000-0  30476-3 0  9998
2 25480  45.0085   3.4985 0006160 254.9568 105.0599 14.37854961438365
0 ORBCOMM FM 26
1 25480U 98053F   26086.49775149  .00000740  00000-0  28986-3 0  9999
2 25480  45.0085   1.8520 0006163 256.4443 103.5719 14.37855423438411
0 ORBCOMM FM 26
1 25480U 98053F   26086.49775150  .00000740  00000-0  28986-3 0  9991
2 25480  45.0085   1.8520 0006163 256.4443 103.5719 14.37855423438411
0 ORBCOMM FM 26
1 25480U 98053F   26087.19255710  .00000864  00000-0  33038-3 0  9995
2 25480  45.0084 358.5590 0006162 259.3613 100.6541 14.37857451438514
0 ORBCOMM FM 26
1 25480U 98053F   26087.19255710  .00000864  00000-0  33038-3 0  9995
2 25480  45.0084 358.5590 0006162 259.3613 100.6542 14.37857451438515
0 ORBCOMM FM 26
1 25480U 98053F   26087.47047902  .00000848  00000-0  32530-3 0  9996
2 25480  45.0085 357.2418 0006163 260.5330  99.4821 14.37857969438555
0 ORBCOMM FM 26
1 25480U 98053F   26087.47047902  .00000848  00000-0  32530-3 0  9996
2 25480  45.0085 357.2418 0006163 260.5330  99.4821 14.37857969438555
0 ORBCOMM FM 26
1 25480U 98053F   26088.16528318  .00001055  00000-0  39309-3 0  9990
2 25480  45.0084 353.9487 0006159 263.4132  96.6015 14.37860584438652
0 ORBCOMM FM 26
1 25480U 98053F   26089.06852755  .00001065  00000-0  39658-3 0  9993
2 25480  45.0084 349.6677 0006155 267.2058  92.8086 14.37862679438787
0 ORBCOMM FM 26
1 25480U 98053F   26089.13800796  .00001073  00000-0  39898-3 0  9994
2 25480  45.0083 349.3384 0006153 267.5012  92.5132 14.37862834438792
0 ORBCOMM FM 26
1 25480U 98053F   26089.41592897  .00001071  00000-0  39839-3 0  9998
2 25480  45.0084 348.0212 0006151 268.6856  91.3288 14.37863494438832
0 ORBCOMM FM 26
1 25480U 98053F   26089.41592897  .00001071  00000-0  39839-3 0  9998
2 25480  45.0084 348.0212 0006151 268.6856  91.3288 14.37863494438832
0 ORBCOMM FM 27
1 25481U 98053G   26060.16417647  .00001209  00000-0  43475-3 0  9993
2 25481  45.0043 128.3379 0001592 231.6099 128.4606 14.38904969434672
0 ORBCOMM FM 27
1 25481U 98053G   26060.23360633  .00001289  00000-0  46033-3 0  9994
2 25481  45.0042 128.0082 0001598 231.8700 128.2005 14.38905577434684
0 ORBCOMM FM 27
1 25481U 98053G   26060.23360634  .00001289  00000-0  46033-3 0  9995
2 25481  45.0042 128.0082 0001598 231.8700 128.2005 14.38905577434684
0 ORBCOMM FM 27
1 25481U 98053G   26060.58075544  .00001261  00000-0  45154-3 0  9999
2 25481  45.0046 126.3604 0001620 233.7522 126.3177 14.38906429434730
0 ORBCOMM FM 27
1 25481U 98053G   26060.58075544  .00001261  00000-0  45154-3 0  9999
2 25481  45.0046 126.3604 0001620 233.7522 126.3177 14.38906429434730
0 ORBCOMM FM 27
1 25481U 98053G   26061.13619353  .00001220  00000-0  43831-3 0  9998
2 25481  45.0046 123.7231 0001653 235.7668 124.3024 14.38907728434817
0 ORBCOMM FM 27
1 25481U 98053G   26061.48334214  .00001329  00000-0  47330-3 0  9994
2 25481  45.0043 122.0746 0001659 235.9779 124.0912 14.38909206434869
0 ORBCOMM FM 27
1 25481U 98053G   26061.48334215  .00001329  00000-0  47330-3 0  9995
2 25481  45.0043 122.0746 0001659 235.9779 124.0912 14.38909206434869
0 ORBCOMM FM 27
1 25481U 98053G   26062.10820907  .00001255  00000-0  44941-3 0  9996
2 25481  45.0046 119.1080 0001700 239.0722 120.9960 14.38910473434956
0 ORBCOMM FM 27
1 25481U 98053G   26062.31649792  .00001365  00000-0  48483-3 0  9997
2 25481  45.0047 118.1191 0001708 239.7015 120.3665 14.38911614434986
0 ORBCOMM FM 27
1 25481U 98053G   26062.59421583  .00001419  00000-0  50218-3 0  9992
2 25481  45.0047 116.8006 0001716 240.6685 119.3993 14.38912750435029
0 ORBCOMM FM 27
1 25481U 98053G   26062.59421584  .00001419  00000-0  50218-3 0  9993
2 25481  45.0047 116.8006 0001716 240.6685 119.3993 14.38912751435020
0 ORBCOMM FM 27
1 25481U 98053G   26063.14965140  .00001520  00000-0  53458-3 0  9998
2 25481  45.0047 114.1633 0001744 242.7491 117.3180 14.38914923435104
0 ORBCOMM FM 27
1 25481U 98053G   26063.14965140  .00001520  00000-0  53458-3 0  9998
2 25481  45.0047 114.1633 0001744 242.7491 117.3180 14.38914923435104
0 ORBCOMM FM 27
1 25481U 98053G   26064.19109182  .00001388  00000-0  49200-3 0  9992
2 25481  45.0048 109.2185 0001780 245.0979 114.9684 14.38917254435257
0 ORBCOMM FM 27
1 25481U 98053G   26064.19109182  .00001388  00000-0  49200-3 0  9992
2 25481  45.0048 109.2185 0001780 245.0979 114.9684 14.38917254435257
0 ORBCOMM FM 27
1 25481U 98053G   26064.46880887  .00001545  00000-0  54256-3 0  9992
2 25481  45.0048 107.9000 0001791 246.8038 113.2622 14.38918898435298
0 ORBCOMM FM 27
1 25481U 98053G   26064.46880887  .00001545  00000-0  54256-3 0  9992
2 25481  45.0048 107.9000 0001791 246.8038 113.2622 14.38918898435298
0 ORBCOMM FM 27
1 25481U 98053G   26065.16310097  .00001273  00000-0  45529-3 0  9992
2 25481  45.0047 104.6034 0001822 249.0040 111.0614 14.38919478435394
0 ORBCOMM FM 27
1 25481U 98053G   26065.51024612  .00001491  00000-0  52516-3 0  9992
2 25481  45.0047 102.9552 0001827 250.5292 109.5360 14.38921814435444
0 ORBCOMM FM 27
1 25481U 98053G   26065.78796213  .00001497  00000-0  52697-3 0  9990
2 25481  45.0048 101.6366 0001832 250.7225 109.3425 14.38922786435481
0 ORBCOMM FM 27
1 25481U 98053G   26066.06567850  .00001288  00000-0  45998-3 0  9999
2 25481  45.0048 100.3179 0001845 251.6550 108.4098 14.38922432435523
0 ORBCOMM FM 27
1 25481U 98053G   26066.06567850  .00001288  00000-0  45998-3 0  9999
2 25481  45.0048 100.3179 0001845 251.6550 108.4098 14.38922432435523
0 ORBCOMM FM 27
1 25481U 98053G   26066.41282304  .00001531  00000-0  53803-3 0  9991
2 25481  45.0048  98.6697 0001848 252.5592 107.5055 14.38924892435576
0 ORBCOMM FM 27
1 25481U 98053G   26066.41282305  .00001531  00000-0  53803-3 0  9992
2 25481  45.0048  98.6697 0001848 252.5592 107.5055 14.38924892435576
0 ORBCOMM FM 27
1 25481U 98053G   26066.75996753  .00001508  00000-0  53074-3 0  9992
2 25481  45.0048  97.0214 0001856 254.0792 105.9853 14.38925901435628
0 ORBCOMM FM 27
1 25481U 98053G   26066.75996753  .00001508  00000-0  53074-3 0  9992
2 25481  45.0048  97.0214 0001856 254.0792 105.9853 14.38925901435628
0 ORBCOMM FM 27
1 25481U 98053G   26067.10711158  .00001515  00000-0  53299-3 0  9993
2 25481  45.0048  95.3730 0001868 255.2979 104.7662 14.38927087435672
0 ORBCOMM FM 27
1 25481U 98053G   26067.38482652  .00001554  00000-0  54536-3 0  9995
2 25481  45.0048  94.0545 0001871 256.3859 103.6781 14.38928263435717
0 ORBCOMM FM 27
1 25481U 98053G   26067.38482652  .00001554  00000-0  54536-3 0  9995
2 25481  45.0048  94.0545 0001871 256.3859 103.6781 14.38928262435716
0 ORBCOMM FM 27
1 25481U 98053G   26068.49568640  .00001345  00000-0  47813-3 0  9998
2 25481  45.0048  88.7800 0001891 259.8961 100.1675 14.38930440435876
0 ORBCOMM FM 27
1 25481U 98053G   26068.49568641  .00001345  00000-0  47813-3 0  9999
2 25481  45.0048  88.7800 0001891 259.8961 100.1675 14.38930440435876
0 ORBCOMM FM 27
1 25481U 98053G   26069.05111489  .00001318  00000-0  46956-3 0  9993
2 25481  45.0049  86.1426 0001904 261.9370  98.1262 14.38932067435950
0 ORBCOMM FM 27
1 25481U 98053G   26069.05111489  .00001318  00000-0  46956-3 0  9993
2 25481  45.0049  86.1426 0001904 261.9370  98.1262 14.38932067435950
0 ORBCOMM FM 27
1 25481U 98053G   26069.39825737  .00001332  00000-0  47394-3 0  9991
2 25481  45.0048  84.4944 0001902 263.6826  96.3806 14.38933258436002
0 ORBCOMM FM 27
1 25481U 98053G   26069.39825738  .00001332  00000-0  47394-3 0  9992
2 25481  45.0048  84.4944 0001902 263.6826  96.3806 14.38933258436002
0 ORBCOMM FM 27
1 25481U 98053G   26070.02311347  .00001274  00000-0  45518-3 0  9991
2 25481  45.0049  81.5273 0001909 265.9835  94.0795 14.38934847436094
0 ORBCOMM FM 27
1 25481U 98053G   26070.30082695  .00001268  00000-0  45326-3 0  9993
2 25481  45.0049  80.2085 0001912 265.3362  94.7268 14.38935680436137
0 ORBCOMM FM 27
1 25481U 98053G   26070.37025530  .00001269  00000-0  45361-3 0  9995
2 25481  45.0049  79.8790 0001909 265.8631  94.1999 14.38935910436146
0 ORBCOMM FM 27
1 25481U 98053G   26070.37025530  .00001269  00000-0  45361-3 0  9995
2 25481  45.0049  79.8790 0001909 265.8631  94.1999 14.38935910436146
0 ORBCOMM FM 27
1 25481U 98053G   26071.27282321  .00001342  00000-0  47706-3 0  9995
2 25481  45.0050  75.5932 0001910 268.6018  91.4611 14.38939005436275
0 ORBCOMM FM 27
1 25481U 98053G   26071.41167964  .00001340  00000-0  47651-3 0  9993
2 25481  45.0050  74.9340 0001907 269.0435  91.0195 14.38939424436295
0 ORBCOMM FM 27
1 25481U 98053G   26071.41167965  .00001340  00000-0  47651-3 0  9994
2 25481  45.0050  74.9340 0001907 269.0435  91.0195 14.38939424436295
0 ORBCOMM FM 27
1 25481U 98053G   26072.17538971  .00001267  00000-0  45293-3 0  9995
2 25481  45.0051  71.3077 0001909 271.0543  89.0087 14.38941239436406
0 ORBCOMM FM 27
1 25481U 98053G   26073.28623823  .00001245  00000-0  44589-3 0  9992
2 25481  45.0053  66.0331 0001899 274.5290  85.5341 14.38944375436562
0 ORBCOMM FM 27
1 25481U 98053G   26073.70280534  .00001332  00000-0  47402-3 0  9991
2 25481  45.0053  64.0552 0001896 275.6489  84.4143 14.38946189436624
0 ORBCOMM FM 27
1 25481U 98053G   26074.25822871  .00001158  00000-0  41807-3 0  9997
2 25481  45.0054  61.4179 0001885 277.3316  82.7318 14.38946708436708
0 ORBCOMM FM 27
1 25481U 98053G   26074.39708437  .00001155  00000-0  41695-3 0  9995
2 25481  45.0054  60.7586 0001879 277.7737  82.2899 14.38947079436729
0 ORBCOMM FM 27
1 25481U 98053G   26074.67479582  .00001044  00000-0  38122-3 0  9990
2 25481  45.0054  59.4399 0001881 278.4588  81.6048 14.38947199436767
0 ORBCOMM FM 27
1 25481U 98053G   26075.23021792  .00001153  00000-0  41621-3 0  9998
2 25481  45.0055  56.8026 0001860 280.4412  79.6227 14.38949299436840
0 ORBCOMM FM 27
1 25481U 98053G   26075.64678431  .00001064  00000-0  38788-3 0  9992
2 25481  45.0056  54.8248 0001846 282.0314  78.0327 14.38949943436905
0 ORBCOMM FM 27
1 25481U 98053G   26076.20220592  .00001044  00000-0  38142-3 0  9998
2 25481  45.0056  52.1874 0001827 283.6690  76.3955 14.38951186436982
0 ORBCOMM FM 27
1 25481U 98053G   26076.20220592  .00001044  00000-0  38142-3 0  9998
2 25481  45.0056  52.1874 0001827 283.6690  76.3955 14.38951186436982
0 ORBCOMM FM 27
1 25481U 98053G   26076.61877160  .00001036  00000-0  37862-3 0  9991
2 25481  45.0057  50.2095 0001819 284.8911  75.1736 14.38952228437047
0 ORBCOMM FM 27
1 25481U 98053G   26077.17419229  .00001067  00000-0  38854-3 0  9997
2 25481  45.0058  47.5722 0001793 286.5865  73.4786 14.38953726437121
0 ORBCOMM FM 27
1 25481U 98053G   26077.93789480  .00000990  00000-0  36405-3 0  9994
2 25481  45.0059  43.9460 0001769 288.9109  71.1548 14.38955174437233
0 ORBCOMM FM 27
1 25481U 98053G   26078.63216950  .00000931  00000-0  34511-3 0  9990
2 25481  45.0061  40.6495 0001739 291.1859  68.8804 14.38956358437337
0 ORBCOMM FM 27
1 25481U 98053G   26078.63216951  .00000931  00000-0  34511-3 0  9991
2 25481  45.0061  40.6495 0001739 291.1859  68.8804 14.38956359437338
0 ORBCOMM FM 27
1 25481U 98053G   26079.18758926  .00000933  00000-0  34575-3 0  9997
2 25481  45.0062  38.0121 0001705 292.8838  67.1831 14.38957341437417
0 ORBCOMM FM 27
1 25481U 98053G   26079.25701666  .00000938  00000-0  34714-3 0  9994
2 25481  45.0062  37.6826 0001699 293.1148  66.9521 14.38957500437425
0 ORBCOMM FM 27
1 25481U 98053G   26079.25701667  .00000938  00000-0  34714-3 0  9995
2 25481  45.0062  37.6826 0001699 293.1148  66.9521 14.38957500437425
0 ORBCOMM FM 27
1 25481U 98053G   26079.60415309  .00001013  00000-0  37121-3 0  9999
2 25481  45.0061  36.0342 0001689 294.2487  65.8185 14.38958701437470
0 ORBCOMM FM 27
1 25481U 98053G   26079.88186259  .00000936  00000-0  34657-3 0  9992
2 25481  45.0061  34.7155 0001676 295.0272  65.0403 14.38958779437519
0 ORBCOMM FM 27
1 25481U 98053G   26080.15957176  .00000944  00000-0  34901-3 0  9999
2 25481  45.0062  33.3969 0001659 295.7462  64.3215 14.38959378437550
0 ORBCOMM FM 27
1 25481U 98053G   26080.57613492  .00001041  00000-0  38042-3 0  9994
2 25481  45.0061  31.4190 0001636 297.1673  62.9009 14.38960850437618
0 ORBCOMM FM 27
1 25481U 98053G   26080.92327077  .00001035  00000-0  37845-3 0  9997
2 25481  45.0062  29.7705 0001618 298.0109  62.0576 14.38961584437665
0 ORBCOMM FM 27
1 25481U 98053G   26081.13155221  .00001041  00000-0  38013-3 0  9996
2 25481  45.0062  28.7816 0001610 298.4248  61.6438 14.38962073437696
0 ORBCOMM FM 27
1 25481U 98053G   26081.89525032  .00001046  00000-0  38178-3 0  9997
2 25481  45.0064  25.1553 0001573 300.5197  59.5496 14.38963801437806
0 ORBCOMM FM 27
1 25481U 98053G   26082.52009341  .00001030  00000-0  37660-3 0  9996
2 25481  45.0066  22.1885 0001536 302.5661  57.5039 14.38965205437890
0 ORBCOMM FM 27
1 25481U 98053G   26082.93665491  .00001058  00000-0  38562-3 0  9997
2 25481  45.0067  20.2105 0001510 303.6018  56.4687 14.38966407437954
0 ORBCOMM FM 27
1 25481U 98053G   26083.07550879  .00001052  00000-0  38363-3 0  9999
2 25481  45.0067  19.5512 0001500 304.1823  55.8883 14.38966697437970
0 ORBCOMM FM 27
1 25481U 98053G   26083.49207006  .00001018  00000-0  37279-3 0  9993
2 25481  45.0068  17.5734 0001479 305.3290  54.7421 14.38967553438037
0 ORBCOMM FM 27
1 25481U 98053G   26083.49207006  .00001018  00000-0  37279-3 0  9993
2 25481  45.0068  17.5734 0001479 305.3290  54.7421 14.38967552438036
0 ORBCOMM FM 27
1 25481U 98053G   26084.18633846  .00001036  00000-0  37853-3 0  9993
2 25481  45.0069  14.2770 0001434 307.3543  52.7175 14.38969292438133
0 ORBCOMM FM 27
1 25481U 98053G   26085.15831262  .00001016  00000-0  37205-3 0  9992
2 25481  45.0071   9.6619 0001374 310.1391  49.9337 14.38971596438275
0 ORBCOMM FM 27
1 25481U 98053G   26085.15831262  .00001016  00000-0  37205-3 0  9992
2 25481  45.0071   9.6619 0001374 310.1391  49.9337 14.38971596438275
0 ORBCOMM FM 27
1 25481U 98053G   26085.50544578  .00000968  00000-0  35688-3 0  9990
2 25481  45.0070   8.0136 0001355 311.0968  48.9763 14.38972234438328
0 ORBCOMM FM 27
1 25481U 98053G   26085.92200525  .00001037  00000-0  37888-3 0  9999
2 25481  45.0070   6.0356 0001325 312.1112  47.9624 14.38973676438382
0 ORBCOMM FM 27
1 25481U 98053G   26086.13028497  .00001023  00000-0  37450-3 0  9999
2 25481  45.0070   5.0468 0001308 312.9003  47.1735 14.38974125438412
0 ORBCOMM FM 27
1 25481U 98053G   26086.13028497  .00001023  00000-0  37450-3 0  9999
2 25481  45.0070   5.0468 0001308 312.9003  47.1735 14.38974125438412
0 ORBCOMM FM 27
1 25481U 98053G   26086.75512376  .00000921  00000-0  34153-3 0  9994
2 25481  45.0070   2.0798 0001272 314.4085  45.6659 14.38975073438503
0 ORBCOMM FM 27
1 25481U 98053G   26086.75512377  .00000921  00000-0  34153-3 0  9995
2 25481  45.0070   2.0798 0001272 314.4085  45.6659 14.38975073438503
0 ORBCOMM FM 27
1 25481U 98053G   26087.17168240  .00001056  00000-0  38503-3 0  9991
2 25481  45.0070   0.1020 0001246 315.4249  44.6499 14.38976843438567
0 ORBCOMM FM 27
1 25481U 98053G   26087.17168241  .00001056  00000-0  38503-3 0  9992
2 25481  45.0070   0.1020 0001246 315.4249  44.6499 14.38976843438567
0 ORBCOMM FM 27
1 25481U 98053G   26087.72709343  .00001022  00000-0  37397-3 0  9990
2 25481  45.0070 357.4647 0001209 316.8551  43.2203 14.38978043438641
0 ORBCOMM FM 27
1 25481U 98053G   26087.72709344  .00001022  00000-0  37397-3 0  9991
2 25481  45.0070 357.4647 0001209 316.8551  43.2203 14.38978043438641
0 ORBCOMM FM 27
1 25481U 98053G   26088.00479855  .00001093  00000-0  39699-3 0  9999
2 25481  45.0070 356.1461 0001182 317.8185  42.2572 14.38979186438686
0 ORBCOMM FM 27
1 25481U 98053G   26089.11561763  .00001276  00000-0  45558-3 0  9996
2 25481  45.0070 350.8717 0001086 321.5494  38.5277 14.38983160438844
0 ORBCOMM FM 27
1 25481U 98053G   26089.11561763  .00001276  00000-0  45558-3 0  9996
2 25481  45.0070 350.8717 0001086 321.5494  38.5277 14.38983160438844
0 ORBCOMM FM 27
1 25481U 98053G   26089.39332215  .00001291  00000-0  46048-3 0  9996
2 25481  45.0070 349.5531 0001068 322.2674  37.8100 14.38983960438880
0 ORBCOMM FM 27
1 25481U 98053G   26089.39332216  .00001291  00000-0  46048-3 0  9997
2 25481  45.0070 349.5531 0001068 322.2674  37.8100 14.38983960438880
0 ORBCOMM FM 28
1 25482U 98053H   26060.03661731  .00000959  00000-0  35351-3 0  9990
2 25482  45.0053  66.1523 0003398 179.8415 180.2435 14.39002136435342
0 ORBCOMM FM 28
1 25482U 98053H   26060.03661733  .00000959  00000-0  35351-3 0  9992
2 25482  45.0053  66.1523 0003398 179.8415 180.2435 14.39002136435342
0 ORBCOMM FM 28
1 25482U 98053H   26061.07799356  .00001015  00000-0  37169-3 0  9993
2 25482  45.0055  61.2072 0003462 184.8843 175.1973 14.39004668435490
0 ORBCOMM FM 28
1 25482U 98053H   26061.35569348  .00001146  00000-0  41361-3 0  9994
2 25482  45.0055  59.8885 0003490 186.1945 173.8861 14.39005986435534
0 ORBCOMM FM 28
1 25482U 98053H   26061.35569349  .00001146  00000-0  41361-3 0  9995
2 25482  45.0055  59.8885 0003490 186.1945 173.8861 14.39005986435534
0 ORBCOMM FM 28
1 25482U 98053H   26062.04994288  .00001102  00000-0  39940-3 0  9998
2 25482  45.0057  56.5917 0003540 189.6981 170.3799 14.39007350435630
0 ORBCOMM FM 28
1 25482U 98053H   26062.32764241  .00001228  00000-0  43998-3 0  9990
2 25482  45.0058  55.2731 0003555 190.9293 169.1479 14.39008673435672
0 ORBCOMM FM 28
1 25482U 98053H   26062.32764241  .00001228  00000-0  43998-3 0  9990
2 25482  45.0058  55.2731 0003555 190.9293 169.1479 14.39008673435672
0 ORBCOMM FM 28
1 25482U 98053H   26062.95246533  .00001342  00000-0  47634-3 0  9996
2 25482  45.0059  52.3060 0003593 193.9575 166.1174 14.39010935435767
0 ORBCOMM FM 28
1 25482U 98053H   26063.02189007  .00001344  00000-0  47715-3 0  9999
2 25482  45.0059  51.9763 0003599 194.2529 165.8218 14.39011136435771
0 ORBCOMM FM 28
1 25482U 98053H   26063.02189007  .00001344  00000-0  47715-3 0  9999
2 25482  45.0059  51.9763 0003599 194.2529 165.8218 14.39011136435771
0 ORBCOMM FM 28
1 25482U 98053H   26064.13268485  .00001244  00000-0  44489-3 0  9994
2 25482  45.0060  46.7015 0003664 199.1721 160.8990 14.39013542435939
0 ORBCOMM FM 28
1 25482U 98053H   26064.13268486  .00001244  00000-0  44489-3 0  9995
2 25482  45.0060  46.7015 0003664 199.1721 160.8990 14.39013542435939
0 ORBCOMM FM 28
1 25482U 98053H   26064.34095857  .00001384  00000-0  48990-3 0  9994
2 25482  45.0060  45.7125 0003674 200.0148 160.0557 14.39014848435960
0 ORBCOMM FM 28
1 25482U 98053H   26064.34095857  .00001384  00000-0  48990-3 0  9994
2 25482  45.0060  45.7125 0003674 200.0148 160.0557 14.39014848435960
0 ORBCOMM FM 28
1 25482U 98053H   26065.10462831  .00001184  00000-0  42572-3 0  9997
2 25482  45.0062  42.0860 0003727 203.4868 156.5811 14.39015851436074
0 ORBCOMM FM 28
1 25482U 98053H   26066.28484226  .00001473  00000-0  51846-3 0  9994
2 25482  45.0063  36.4815 0003789 208.5640 151.5001 14.39020814436244
0 ORBCOMM FM 28
1 25482U 98053H   26066.28484226  .00001473  00000-0  51846-3 0  9994
2 25482  45.0063  36.4815 0003789 208.5640 151.5001 14.39020814436244
0 ORBCOMM FM 28
1 25482U 98053H   26066.63196357  .00001441  00000-0  50818-3 0  9991
2 25482  45.0064  34.8331 0003808 210.1315 149.9315 14.39021650436293
0 ORBCOMM FM 28
1 25482U 98053H   26066.97908441  .00001446  00000-0  50962-3 0  9998
2 25482  45.0064  33.1846 0003852 211.6075 148.4543 14.39022733436340
0 ORBCOMM FM 28
1 25482U 98053H   26067.18735688  .00001456  00000-0  51271-3 0  9998
2 25482  45.0065  32.1956 0003831 212.4121 147.6493 14.39023433436376
0 ORBCOMM FM 28
1 25482U 98053H   26067.32620501  .00001479  00000-0  52022-3 0  9991
2 25482  45.0065  31.5364 0003837 212.9858 147.0752 14.39024018436394
0 ORBCOMM FM 28
1 25482U 98053H   26067.60390166  .00001415  00000-0  49958-3 0  9997
2 25482  45.0065  30.2177 0003848 214.2587 145.8014 14.39024452436432
0 ORBCOMM FM 28
1 25482U 98053H   26068.29814218  .00001258  00000-0  44941-3 0  9994
2 25482  45.0066  26.9209 0003882 217.1211 142.9369 14.39025677436537
0 ORBCOMM FM 28
1 25482U 98053H   26068.29814218  .00001258  00000-0  44941-3 0  9994
2 25482  45.0066  26.9209 0003882 217.1211 142.9369 14.39025677436537
0 ORBCOMM FM 28
1 25482U 98053H   26068.92295760  .00001255  00000-0  44851-3 0  9996
2 25482  45.0066  23.9538 0003913 219.6441 140.4122 14.39027578436628
0 ORBCOMM FM 28
1 25482U 98053H   26069.20065287  .00001278  00000-0  45564-3 0  9994
2 25482  45.0067  22.6352 0003923 220.7492 139.3063 14.39028620436663
0 ORBCOMM FM 28
1 25482U 98053H   26069.20065287  .00001278  00000-0  45564-3 0  9994
2 25482  45.0067  22.6352 0003923 220.7492 139.3063 14.39028620436663
0 ORBCOMM FM 28
1 25482U 98053H   26069.89489125  .00001177  00000-0  42328-3 0  9993
2 25482  45.0068  19.3384 0003951 223.6701 136.3835 14.39030090436767
0 ORBCOMM FM 28
1 25482U 98053H   26069.89489126  .00001177  00000-0  42328-3 0  9994
2 25482  45.0068  19.3384 0003951 223.6701 136.3835 14.39030090436767
0 ORBCOMM FM 28
1 25482U 98053H   26070.10316251  .00001169  00000-0  42078-3 0  9991
2 25482  45.0069  18.3494 0003963 224.5075 135.5456 14.39030666436798
0 ORBCOMM FM 28
1 25482U 98053H   26070.10316252  .00001169  00000-0  42078-3 0  9992
2 25482  45.0069  18.3494 0003963 224.5075 135.5456 14.39030666436798
0 ORBCOMM FM 28
1 25482U 98053H   26070.79739976  .00001096  00000-0  39718-3 0  9995
2 25482  45.0070  15.0527 0003992 227.3663 132.6850 14.39032211436892
0 ORBCOMM FM 28
1 25482U 98053H   26070.79739976  .00001096  00000-0  39718-3 0  9995
2 25482  45.0070  15.0527 0003992 227.3663 132.6850 14.39032211436892
0 ORBCOMM FM 28
1 25482U 98053H   26071.14451795  .00001089  00000-0  39492-3 0  9996
2 25482  45.0071  13.4045 0003996 228.6996 131.3509 14.39033175436940
0 ORBCOMM FM 28
1 25482U 98053H   26071.14451796  .00001089  00000-0  39492-3 0  9997
2 25482  45.0071  13.4045 0003996 228.6996 131.3509 14.39033175436940
0 ORBCOMM FM 28
1 25482U 98053H   26071.56105943  .00001234  00000-0  44167-3 0  9990
2 25482  45.0071  11.4266 0004018 230.4960 129.5534 14.39035141437001
0 ORBCOMM FM 28
1 25482U 98053H   26071.56105944  .00001234  00000-0  44167-3 0  9991
2 25482  45.0071  11.4266 0004018 230.4960 129.5534 14.39035141437001
0 ORBCOMM FM 28
1 25482U 98053H   26072.25529497  .00001153  00000-0  41560-3 0  9995
2 25482  45.0072   8.1300 0004038 233.1605 126.8873 14.39036561437106
0 ORBCOMM FM 28
1 25482U 98053H   26072.81068228  .00001192  00000-0  42800-3 0  9998
2 25482  45.0072   5.4926 0004064 235.4480 124.5986 14.39038353437184
0 ORBCOMM FM 28
1 25482U 98053H   26073.50491571  .00001166  00000-0  41972-3 0  9996
2 25482  45.0072   2.1959 0004082 238.0944 121.9508 14.39040208437282
0 ORBCOMM FM 28
1 25482U 98053H   26073.92145570  .00001077  00000-0  39123-3 0  9993
2 25482  45.0073   0.2179 0004099 239.6506 120.3938 14.39040796437344
0 ORBCOMM FM 28
1 25482U 98053H   26074.06030216  .00001073  00000-0  38977-3 0  9991
2 25482  45.0073 359.5585 0004118 240.2584 119.7855 14.39041151437369
0 ORBCOMM FM 28
1 25482U 98053H   26074.47684189  .00000892  00000-0  33183-3 0  9992
2 25482  45.0073 357.5806 0004122 241.8377 118.2055 14.39041227437422
0 ORBCOMM FM 28
1 25482U 98053H   26074.82395805  .00000867  00000-0  32371-3 0  9995
2 25482  45.0073 355.9322 0004132 243.1511 116.8915 14.39041921437478
0 ORBCOMM FM 28
1 25482U 98053H   26075.03222779  .00000839  00000-0  31489-3 0  9996
2 25482  45.0073 354.9432 0004122 243.8907 116.1518 14.39042257437503
0 ORBCOMM FM 28
1 25482U 98053H   26075.79588263  .00000835  00000-0  31352-3 0  9997
2 25482  45.0073 351.3170 0004138 246.8794 113.1619 14.39043988437610
0 ORBCOMM FM 28
1 25482U 98053H   26076.07357525  .00000796  00000-0  30103-3 0  9993
2 25482  45.0073 349.9983 0004141 247.9104 112.1305 14.39044349437653
0 ORBCOMM FM 28
1 25482U 98053H   26076.07357526  .00000796  00000-0  30103-3 0  9994
2 25482  45.0073 349.9983 0004141 247.9104 112.1305 14.39044349437653
0 ORBCOMM FM 28
1 25482U 98053H   26076.49011400  .00000809  00000-0  30535-3 0  9992
2 25482  45.0072 348.0203 0004149 249.5432 110.4972 14.39045255437712
0 ORBCOMM FM 28
1 25482U 98053H   26076.76780629  .00000804  00000-0  30366-3 0  9995
2 25482  45.0072 346.7015 0004155 250.5859 109.4540 14.39045782437758
0 ORBCOMM FM 28
1 25482U 98053H   26076.76780629  .00000804  00000-0  30366-3 0  9995
2 25482  45.0072 346.7015 0004155 250.5859 109.4540 14.39045782437758
0 ORBCOMM FM 28
1 25482U 98053H   26077.46203678  .00000816  00000-0  30750-3 0  9997
2 25482  45.0072 343.4049 0004160 253.2547 106.7845 14.39047187437859
0 ORBCOMM FM 28
1 25482U 98053H   26077.46203679  .00000816  00000-0  30750-3 0  9998
2 25482  45.0072 343.4049 0004160 253.2547 106.7845 14.39047187437859
0 ORBCOMM FM 28
1 25482U 98053H   26077.73972878  .00000788  00000-0  29862-3 0  9992
2 25482  45.0072 342.0861 0004163 254.2855 105.7534 14.39047552437896
0 ORBCOMM FM 28
1 25482U 98053H   26077.73972880  .00000788  00000-0  29862-3 0  9995
2 25482  45.0072 342.0861 0004163 254.2855 105.7534 14.39047552437896
0 ORBCOMM FM 28
1 25482U 98053H   26078.01742065  .00000762  00000-0  29000-3 0  9993
2 25482  45.0072 340.7674 0004167 255.3172 104.7215 14.39047951437934
0 ORBCOMM FM 28
1 25482U 98053H   26078.71165019  .00000723  00000-0  27776-3 0  9993
2 25482  45.0070 337.4706 0004172 257.9220 102.1161 14.39048965438039
0 ORBCOMM FM 28
1 25482U 98053H   26078.71165019  .00000723  00000-0  27776-3 0  9993
2 25482  45.0070 337.4706 0004172 257.9220 102.1161 14.39048965438039
0 ORBCOMM FM 28
1 25482U 98053H   26079.12818759  .00000751  00000-0  28668-3 0  9997
2 25482  45.0069 335.4926 0004165 259.4415 100.5965 14.39049862438091
0 ORBCOMM FM 28
1 25482U 98053H   26079.12818760  .00000751  00000-0  28668-3 0  9999
2 25482  45.0069 335.4926 0004165 259.4415 100.5965 14.39049862438091
0 ORBCOMM FM 28
1 25482U 98053H   26079.40587968  .00000706  00000-0  27221-3 0  9997
2 25482  45.0068 334.1737 0004162 260.4357  99.6021 14.39049919438139
0 ORBCOMM FM 28
1 25482U 98053H   26079.40587968  .00000706  00000-0  27221-3 0  9997
2 25482  45.0068 334.1738 0004162 260.4357  99.6021 14.39049919438130
0 ORBCOMM FM 28
1 25482U 98053H   26079.68357085  .00000770  00000-0  29261-3 0  9999
2 25482  45.0068 332.8550 0004165 261.4939  98.5438 14.39050803438175
0 ORBCOMM FM 28
1 25482U 98053H   26079.96126242  .00000704  00000-0  27138-3 0  9997
2 25482  45.0068 331.5363 0004156 262.4656  97.5721 14.39050870438213
0 ORBCOMM FM 28
1 25482U 98053H   26080.37779873  .00000808  00000-0  30480-3 0  9997
2 25482  45.0067 329.5583 0004147 264.0272  96.0104 14.39052301438271
0 ORBCOMM FM 28
1 25482U 98053H   26080.93318063  .00000811  00000-0  30566-3 0  9998
2 25482  45.0066 326.9207 0004142 266.0010  94.0366 14.39053312438351
0 ORBCOMM FM 28
1 25482U 98053H   26081.97452075  .00000826  00000-0  31067-3 0  9998
2 25482  45.0063 321.9755 0004114 269.7697  90.2680 14.39055273438503
0 ORBCOMM FM 28
1 25482U 98053H   26082.11336575  .00000902  00000-0  33494-3 0  9992
2 25482  45.0063 321.3162 0004110 270.2622  89.7756 14.39055999438524
0 ORBCOMM FM 28
1 25482U 98053H   26082.39105641  .00000843  00000-0  31618-3 0  9990
2 25482  45.0062 319.9974 0004113 271.3962  88.6415 14.39056120438560
0 ORBCOMM FM 28
1 25482U 98053H   26082.94643688  .00000811  00000-0  30573-3 0  9993
2 25482  45.0061 317.3599 0004100 273.3819  86.6561 14.39056994438641
0 ORBCOMM FM 28
1 25482U 98053H   26083.36297210  .00000808  00000-0  30483-3 0  9992
2 25482  45.0060 315.3818 0004095 274.9927  85.0454 14.39057744438707
0 ORBCOMM FM 28
1 25482U 98053H   26083.71008439  .00000767  00000-0  29178-3 0  9997
2 25482  45.0057 313.7332 0004085 276.1740  83.8644 14.39058227438751
0 ORBCOMM FM 28
1 25482U 98053H   26084.33488647  .00000775  00000-0  29418-3 0  9995
2 25482  45.0057 310.7661 0004067 278.5615  81.4773 14.39059480438849
0 ORBCOMM FM 28
1 25482U 98053H   26084.89026564  .00000752  00000-0  28681-3 0  9998
2 25482  45.0055 308.1284 0004048 280.5850  79.4542 14.39060435438924
0 ORBCOMM FM 28
1 25482U 98053H   26084.89026564  .00000752  00000-0  28681-3 0  9998
2 25482  45.0055 308.1284 0004048 280.5850  79.4542 14.39060435438924
0 ORBCOMM FM 28
1 25482U 98053H   26085.30679959  .00000753  00000-0  28732-3 0  9995
2 25482  45.0055 306.1503 0004037 282.1483  77.8914 14.39061331438981
0 ORBCOMM FM 28
1 25482U 98053H   26085.58448876  .00000724  00000-0  27799-3 0  9997
2 25482  45.0054 304.8314 0004029 283.1271  76.9128 14.39061734439022
0 ORBCOMM FM 28
1 25482U 98053H   26085.58448876  .00000724  00000-0  27799-3 0  9997
2 25482  45.0054 304.8314 0004029 283.1271  76.9128 14.39061734439022
0 ORBCOMM FM 28
1 25482U 98053H   26086.00102234  .00000776  00000-0  29456-3 0  9999
2 25482  45.0054 302.8534 0004010 284.6714  75.3690 14.39062890439089
0 ORBCOMM FM 28
1 25482U 98053H   26086.00102234  .00000776  00000-0  29456-3 0  9999
2 25482  45.0054 302.8534 0004010 284.6714  75.3690 14.39062890439089
0 ORBCOMM FM 28
1 25482U 98053H   26086.90351102  .00000779  00000-0  29556-3 0  9992
2 25482  45.0054 298.5673 0003986 288.0412  72.0002 14.39064709439215
0 ORBCOMM FM 28
1 25482U 98053H   26087.52831002  .00000844  00000-0  31618-3 0  9998
2 25482  45.0052 295.5998 0003971 290.3758  69.6664 14.39066284439309
0 ORBCOMM FM 28
1 25482U 98053H   26087.59773201  .00000854  00000-0  31956-3 0  9997
2 25482  45.0052 295.2700 0003965 290.5717  69.4706 14.39066507439311
0 ORBCOMM FM 28
1 25482U 98053H   26087.87542028  .00000903  00000-0  33535-3 0  9999
2 25482  45.0052 293.9513 0003958 291.7112  68.3315 14.39067331439356
0 ORBCOMM FM 28
1 25482U 98053H   26087.87542028  .00000903  00000-0  33535-3 0  9999
2 25482  45.0052 293.9513 0003958 291.7112  68.3315 14.39067331439356
0 ORBCOMM FM 28
1 25482U 98053H   26088.01426439  .00000907  00000-0  33649-3 0  9993
2 25482  45.0052 293.2919 0003949 292.2318  67.8112 14.39067619439373
0 ORBCOMM FM 28
1 25482U 98053H   26088.98617168  .00001080  00000-0  39187-3 0  9996
2 25482  45.0050 288.6761 0003913 295.8795  64.1650 14.39070669439515
0 ORBCOMM FM 28
1 25482U 98053H   26089.26385920  .00001106  00000-0  40028-3 0  9991
2 25482  45.0050 287.3573 0003906 296.9260  63.1189 14.39071441439552
0 ORBCOMM FM 28
1 25482U 98053H   26089.54154650  .00001119  00000-0  40438-3 0  9995
2 25482  45.0050 286.0383 0003898 297.9641  62.0813 14.39072170439597
0 ORBCOMM FM 28
1 25482U 98053H   26089.54154650  .00001119  00000-0  40438-3 0  9995
2 25482  45.0050 286.0383 0003898 297.9641  62.0813 14.39072170439597
0 ORBCOMM FM 28
1 25482U 98053H   26089.81923350  .00001142  00000-0  41189-3 0  9996
2 25482  45.0050 284.7195 0003889 299.0394  61.0065 14.39073034439634
0 ORBCOMM FM 30
1 25980U 99065A   26060.05542602  .00000926  00000-0  35023-3 0  9994
2 25980  45.0321 313.2687 0005614 223.3946 136.6461 14.37960907371415
0 ORBCOMM FM 30
1 25980U 99065A   26060.05542602  .00000926  00000-0  35023-3 0  9994
2 25980  45.0321 313.2687 0005614 223.3946 136.6461 14.37960907371415
0 ORBCOMM FM 30
1 25980U 99065A   26060.75018131  .00000964  00000-0  36280-3 0  9994
2 25980  45.0319 309.9765 0005650 226.3057 133.7324 14.37962605371511
0 ORBCOMM FM 30
1 25980U 99065A   26060.95860776  .00000940  00000-0  35483-3 0  9994
2 25980  45.0318 308.9889 0005662 227.1874 132.8499 14.37962930371542
0 ORBCOMM FM 30
1 25980U 99065A   26061.09755868  .00000945  00000-0  35658-3 0  9994
2 25980  45.0318 308.3306 0005655 227.6626 132.3744 14.37963282371563
0 ORBCOMM FM 30
1 25980U 99065A   26061.37546043  .00001032  00000-0  38509-3 0  9994
2 25980  45.0318 307.0138 0005682 229.0358 130.9999 14.37964343371600
0 ORBCOMM FM 30
1 25980U 99065A   26061.65336213  .00001003  00000-0  37533-3 0  9995
2 25980  45.0317 305.6968 0005692 230.1423 129.8926 14.37964767371642
0 ORBCOMM FM 30
1 25980U 99065A   26061.65336213  .00001003  00000-0  37533-3 0  9995
2 25980  45.0317 305.6969 0005692 230.1423 129.8926 14.37964767371643
0 ORBCOMM FM 30
1 25980U 99065A   26061.93126377  .00000961  00000-0  36171-3 0  9993
2 25980  45.0318 304.3802 0005708 231.3291 128.7048 14.37965145371688
0 ORBCOMM FM 30
1 25980U 99065A   26062.00073916  .00000961  00000-0  36150-3 0  9999
2 25980  45.0317 304.0510 0005708 231.6061 128.4275 14.37965286371694
0 ORBCOMM FM 30
1 25980U 99065A   26062.00073916  .00000961  00000-0  36150-3 0  9999
2 25980  45.0317 304.0510 0005708 231.6061 128.4275 14.37965286371694
0 ORBCOMM FM 30
1 25980U 99065A   26062.69549245  .00001058  00000-0  39331-3 0  9999
2 25980  45.0316 300.7588 0005733 234.4557 125.5758 14.37967316371791
0 ORBCOMM FM 30
1 25980U 99065A   26062.69549246  .00001058  00000-0  39331-3 0  9990
2 25980  45.0316 300.7588 0005733 234.4557 125.5758 14.37967317371792
0 ORBCOMM FM 30
1 25980U 99065A   26063.04286890  .00001106  00000-0  40927-3 0  9990
2 25980  45.0317 299.1129 0005750 236.0613 123.9689 14.37968318371848
0 ORBCOMM FM 30
1 25980U 99065A   26063.04286891  .00001106  00000-0  40927-3 0  9991
2 25980  45.0317 299.1129 0005750 236.0613 123.9689 14.37968318371848
0 ORBCOMM FM 30
1 25980U 99065A   26063.66814588  .00001082  00000-0  40126-3 0  9993
2 25980  45.0315 296.1500 0005779 238.6682 121.3602 14.37969570371939
0 ORBCOMM FM 30
1 25980U 99065A   26064.01552185  .00000994  00000-0  37229-3 0  9996
2 25980  45.0317 294.5041 0005796 240.1401 119.8872 14.37969845371980
0 ORBCOMM FM 30
1 25980U 99065A   26064.01552185  .00000994  00000-0  37229-3 0  9996
2 25980  45.0317 294.5041 0005796 240.1401 119.8872 14.37969845371980
0 ORBCOMM FM 30
1 25980U 99065A   26064.64079800  .00001084  00000-0  40179-3 0  9992
2 25980  45.0316 291.5411 0005822 242.7846 117.2409 14.37971678372074
0 ORBCOMM FM 30
1 25980U 99065A   26064.64079800  .00001084  00000-0  40179-3 0  9992
2 25980  45.0316 291.5411 0005822 242.7846 117.2410 14.37971678372076
0 ORBCOMM FM 30
1 25980U 99065A   26064.84922327  .00000938  00000-0  35422-3 0  9997
2 25980  45.0316 290.5536 0005828 243.5805 116.4446 14.37971375372101
0 ORBCOMM FM 30
1 25980U 99065A   26064.98817343  .00000940  00000-0  35478-3 0  9997
2 25980  45.0315 289.8952 0005830 244.1695 115.8552 14.37971678372129
0 ORBCOMM FM 30
1 25980U 99065A   26065.33554844  .00001109  00000-0  41001-3 0  9998
2 25980  45.0315 288.2492 0005844 245.6495 114.3744 14.37973400372177
0 ORBCOMM FM 30
1 25980U 99065A   26066.03029820  .00000956  00000-0  36007-3 0  9996
2 25980  45.0313 284.9571 0005859 248.4773 111.5451 14.37974189372272
0 ORBCOMM FM 30
1 25980U 99065A   26066.30819760  .00001165  00000-0  42856-3 0  9998
2 25980  45.0313 283.6402 0005870 249.6518 110.3700 14.37976024372313
0 ORBCOMM FM 30
1 25980U 99065A   26066.30819760  .00001165  00000-0  42856-3 0  9998
2 25980  45.0313 283.6402 0005870 249.6518 110.3700 14.37976024372313
0 ORBCOMM FM 30
1 25980U 99065A   26066.93347114  .00001152  00000-0  42398-3 0  9993
2 25980  45.0312 280.6773 0005885 252.1845 107.8362 14.37977499372400
0 ORBCOMM FM 30
1 25980U 99065A   26067.00294596  .00001148  00000-0  42266-3 0  9996
2 25980  45.0312 280.3482 0005885 252.4873 107.5333 14.37977655372418
0 ORBCOMM FM 30
1 25980U 99065A   26067.55874438  .00001086  00000-0  40247-3 0  9993
2 25980  45.0311 277.7143 0005904 254.7543 105.2653 14.37978602372493
0 ORBCOMM FM 30
1 25980U 99065A   26067.55874438  .00001086  00000-0  40247-3 0  9993
2 25980  45.0311 277.7143 0005904 254.7543 105.2653 14.37978602372493
0 ORBCOMM FM 30
1 25980U 99065A   26068.53139029  .00000999  00000-0  37413-3 0  9995
2 25980  45.0309 273.1053 0005922 258.7101 101.3082 14.37980433372638
0 ORBCOMM FM 30
1 25980U 99065A   26068.53139029  .00000999  00000-0  37413-3 0  9995
2 25980  45.0309 273.1053 0005922 258.7101 101.3082 14.37980433372638
0 ORBCOMM FM 30
1 25980U 99065A   26069.50403429  .00001001  00000-0  37456-3 0  9993
2 25980  45.0308 268.4962 0005939 262.6775  97.3399 14.37982829372773
0 ORBCOMM FM 30
1 25980U 99065A   26069.50403430  .00001001  00000-0  37456-3 0  9995
2 25980  45.0308 268.4962 0005939 262.6775  97.3399 14.37982829372773
0 ORBCOMM FM 30
1 25980U 99065A   26070.75457471  .00000994  00000-0  37238-3 0  9996
2 25980  45.0308 262.5701 0005955 268.0596  91.9570 14.37985736372959
0 ORBCOMM FM 30
1 25980U 99065A   26070.89352353  .00000931  00000-0  35180-3 0  9999
2 25980  45.0307 261.9117 0005949 268.4906  91.5261 14.37985727372979
0 ORBCOMM FM 30
1 25980U 99065A   26070.89352353  .00000931  00000-0  35180-3 0  9999
2 25980  45.0307 261.9117 0005949 268.4906  91.5261 14.37985727372979
0 ORBCOMM FM 30
1 25980U 99065A   26071.24089530  .00001055  00000-0  39242-3 0  9994
2 25980  45.0308 260.2656 0005954 269.9156  90.1010 14.37987231373025
0 ORBCOMM FM 30
1 25980U 99065A   26071.58826690  .00001069  00000-0  39671-3 0  9998
2 25980  45.0307 258.6194 0005965 271.2603  88.7562 14.37988121373076
0 ORBCOMM FM 30
1 25980U 99065A   26071.58826690  .00001069  00000-0  39671-3 0  9998
2 25980  45.0307 258.6194 0005965 271.2603  88.7562 14.37988121373076
0 ORBCOMM FM 30
1 25980U 99065A   26071.93563826  .00001026  00000-0  38287-3 0  9991
2 25980  45.0306 256.9734 0005960 272.6795  87.3371 14.37988771373128
0 ORBCOMM FM 30
1 25980U 99065A   26071.93563826  .00001026  00000-0  38287-3 0  9991
2 25980  45.0306 256.9734 0005960 272.6795  87.3371 14.37988771373128
0 ORBCOMM FM 30
1 25980U 99065A   26072.56090631  .00001057  00000-0  39277-3 0  9994
2 25980  45.0307 254.0102 0005965 275.3084  84.7084 14.37990455373217
0 ORBCOMM FM 30
1 25980U 99065A   26072.69985460  .00001064  00000-0  39513-3 0  9992
2 25980  45.0307 253.3518 0005962 275.8720  84.1449 14.37990865373235
0 ORBCOMM FM 30
1 25980U 99065A   26073.46407011  .00000978  00000-0  36704-3 0  9991
2 25980  45.0305 249.7301 0005959 278.9628  81.0546 14.37992234373347
0 ORBCOMM FM 30
1 25980U 99065A   26073.81144021  .00000982  00000-0  36841-3 0  9996
2 25980  45.0305 248.0840 0005951 280.3333  79.6845 14.37993185373395
0 ORBCOMM FM 30
1 25980U 99065A   26074.15881042  .00000962  00000-0  36167-3 0  9994
2 25980  45.0305 246.4379 0005949 281.8423  78.1758 14.37993912373448
0 ORBCOMM FM 30
1 25980U 99065A   26074.50618083  .00000798  00000-0  30813-3 0  9995
2 25980  45.0305 244.7917 0005944 283.2328  76.7857 14.37993731373490
0 ORBCOMM FM 30
1 25980U 99065A   26074.78407685  .00000788  00000-0  30469-3 0  9995
2 25980  45.0306 243.4749 0005940 284.3908  75.6281 14.37994288373534
0 ORBCOMM FM 30
1 25980U 99065A   26076.17355565  .00000794  00000-0  30682-3 0  9993
2 25980  45.0304 236.8904 0005916 290.1440  69.8772 14.37997176373731
0 ORBCOMM FM 30
1 25980U 99065A   26076.17355566  .00000794  00000-0  30682-3 0  9994
2 25980  45.0304 236.8904 0005916 290.1440  69.8772 14.37997176373731
0 ORBCOMM FM 30
1 25980U 99065A   26076.79882042  .00000794  00000-0  30681-3 0  9995
2 25980  45.0304 233.9274 0005897 292.8333  67.1893 14.37998404373827
0 ORBCOMM FM 30
1 25980U 99065A   26076.79882042  .00000794  00000-0  30681-3 0  9995
2 25980  45.0304 233.9274 0005897 292.8333  67.1893 14.37998404373827
0 ORBCOMM FM 30
1 25980U 99065A   26077.14618949  .00000837  00000-0  32094-3 0  9996
2 25980  45.0304 232.2813 0005890 294.2606  65.7627 14.37999313373874
0 ORBCOMM FM 30
1 25980U 99065A   26077.77145328  .00000818  00000-0  31459-3 0  9994
2 25980  45.0303 229.3182 0005876 296.6465  63.3781 14.38000451373964
0 ORBCOMM FM 30
1 25980U 99065A   26077.77145328  .00000818  00000-0  31459-3 0  9994
2 25980  45.0303 229.3182 0005876 296.6465  63.3781 14.38000451373964
0 ORBCOMM FM 30
1 25980U 99065A   26078.11882189  .00000780  00000-0  30210-3 0  9998
2 25980  45.0303 227.6721 0005869 298.0849  61.9406 14.38000937374012
0 ORBCOMM FM 30
1 25980U 99065A   26078.67461167  .00000739  00000-0  28875-3 0  9996
2 25980  45.0303 225.0382 0005853 300.2683  59.7586 14.38001686374096
0 ORBCOMM FM 30
1 25980U 99065A   26078.67461167  .00000739  00000-0  28875-3 0  9996
2 25980  45.0303 225.0382 0005853 300.2683  59.7586 14.38001687374097
0 ORBCOMM FM 30
1 25980U 99065A   26079.43882223  .00000756  00000-0  29439-3 0  9997
2 25980  45.0303 221.4166 0005829 303.4535  56.5756 14.38003019374209
0 ORBCOMM FM 30
1 25980U 99065A   26079.43882224  .00000756  00000-0  29439-3 0  9998
2 25980  45.0303 221.4166 0005829 303.4535  56.5756 14.38003020374201
0 ORBCOMM FM 30
1 25980U 99065A   26079.78618992  .00000836  00000-0  32060-3 0  9998
2 25980  45.0303 219.7706 0005814 304.9578  55.0725 14.38004174374254
0 ORBCOMM FM 30
1 25980U 99065A   26079.78618993  .00000836  00000-0  32060-3 0  9999
2 25980  45.0303 219.7706 0005814 304.9578  55.0725 14.38004174374254
0 ORBCOMM FM 30
1 25980U 99065A   26080.68934564  .00000883  00000-0  33587-3 0  9992
2 25980  45.0304 215.4906 0005781 308.7479  51.2853 14.38006137374380
0 ORBCOMM FM 30
1 25980U 99065A   26082.42618081  .00000934  00000-0  35248-3 0  9992
2 25980  45.0305 207.2599 0005726 315.7761  44.2630 14.38009676374633
0 ORBCOMM FM 30
1 25980U 99065A   26082.70407412  .00000885  00000-0  33645-3 0  9991
2 25980  45.0305 205.9432 0005703 317.1082  42.9322 14.38009972374677
0 ORBCOMM FM 30
1 25980U 99065A   26083.05144030  .00000898  00000-0  34087-3 0  9999
2 25980  45.0307 204.2971 0005690 318.6156  41.4261 14.38010839374728
0 ORBCOMM FM 30
1 25980U 99065A   26083.46827979  .00000858  00000-0  32765-3 0  9991
2 25980  45.0307 202.3217 0005654 320.5409  39.5027 14.38011492374783
0 ORBCOMM FM 30
1 25980U 99065A   26083.74617247  .00000854  00000-0  32616-3 0  9998
2 25980  45.0306 201.0049 0005639 321.7572  38.2876 14.38012098374824
0 ORBCOMM FM 30
1 25980U 99065A   26084.57984982  .00000865  00000-0  32981-3 0  9990
2 25980  45.0306 197.0542 0005592 325.3800  34.6684 14.38014098374940
0 ORBCOMM FM 30
1 25980U 99065A   26084.71879595  .00000854  00000-0  32625-3 0  9992
2 25980  45.0307 196.3958 0005585 326.0128  34.0362 14.38014378374967
0 ORBCOMM FM 30
1 25980U 99065A   26084.71879596  .00000854  00000-0  32625-3 0  9993
2 25980  45.0307 196.3958 0005585 326.0128  34.0362 14.38014378374967
0 ORBCOMM FM 30
1 25980U 99065A   26084.99668832  .00000841  00000-0  32196-3 0  9991
2 25980  45.0307 195.0789 0005575 327.2139  32.8363 14.38014901375004
0 ORBCOMM FM 30
1 25980U 99065A   26085.27458035  .00000852  00000-0  32567-3 0  9999
2 25980  45.0307 193.7620 0005560 328.3846  31.6668 14.38015597375045
0 ORBCOMM FM 30
1 25980U 99065A   26085.27458035  .00000852  00000-0  32567-3 0  9999
2 25980  45.0307 193.7620 0005560 328.3846  31.6668 14.38015597375045
0 ORBCOMM FM 30
1 25980U 99065A   26085.69141825  .00000800  00000-0  30875-3 0  9994
2 25980  45.0308 191.7868 0005532 330.2583  29.7950 14.38016312375102
0 ORBCOMM FM 30
1 25980U 99065A   26085.69141826  .00000800  00000-0  30875-3 0  9995
2 25980  45.0308 191.7868 0005532 330.2583  29.7950 14.38016312375102
0 ORBCOMM FM 30
1 25980U 99065A   26086.31667485  .00000807  00000-0  31083-3 0  9998
2 25980  45.0307 188.8237 0005496 333.0145  27.0417 14.38017684375193
0 ORBCOMM FM 30
1 25980U 99065A   26086.59456648  .00000761  00000-0  29592-3 0  9996
2 25980  45.0308 187.5068 0005472 334.2964  25.7612 14.38018038375239
0 ORBCOMM FM 30
1 25980U 99065A   26086.59456648  .00000761  00000-0  29592-3 0  9996
2 25980  45.0308 187.5068 0005472 334.2964  25.7612 14.38018038375239
0 ORBCOMM FM 30
1 25980U 99065A   26087.21982206  .00000881  00000-0  33528-3 0  9997
2 25980  45.0308 184.5438 0005440 337.0789  22.9816 14.38020017375323
0 ORBCOMM FM 30
1 25980U 99065A   26087.21982206  .00000881  00000-0  33528-3 0  9997
2 25980  45.0308 184.5438 0005440 337.0789  22.9816 14.38020017375323
0 ORBCOMM FM 30
1 25980U 99065A   26087.28929490  .00000876  00000-0  33364-3 0  9992
2 25980  45.0308 184.2145 0005436 337.3861  22.6747 14.38020134375335
0 ORBCOMM FM 30
1 25980U 99065A   26087.56718612  .00000847  00000-0  32415-3 0  9999
2 25980  45.0308 182.8977 0005415 338.6731  21.3891 14.38020558375379
0 ORBCOMM FM 30
1 25980U 99065A   26087.63665894  .00000845  00000-0  32333-3 0  9997
2 25980  45.0308 182.5685 0005410 338.9846  21.0780 14.38020683375381
0 ORBCOMM FM 30
1 25980U 99065A   26087.63665895  .00000845  00000-0  32333-3 0  9998
2 25980  45.0308 182.5686 0005410 338.9846  21.0780 14.38020683375382
0 ORBCOMM FM 30
1 25980U 99065A   26087.98402273  .00000882  00000-0  33539-3 0  9995
2 25980  45.0308 180.9224 0005396 340.5015  19.5627 14.38021602375432
0 ORBCOMM FM 30
1 25980U 99065A   26088.95663975  .00001041  00000-0  38755-3 0  9994
2 25980  45.0306 176.3133 0005338 344.8739  15.1949 14.38024670375576
0 ORBCOMM FM 30
1 25980U 99065A   26089.23453031  .00001041  00000-0  38733-3 0  9992
2 25980  45.0306 174.9963 0005319 346.1159  13.9542 14.38025212375614
0 ORBCOMM FM 30
1 25980U 99065A   26089.51242030  .00001067  00000-0  39588-3 0  9995
2 25980  45.0305 173.6794 0005299 347.3687  12.7028 14.38026063375652
0 ORBCOMM FM 30
1 25980U 99065A   26089.58189283  .00001070  00000-0  39704-3 0  9996
2 25980  45.0305 173.3502 0005294 347.7174  12.3545 14.38026244375668
0 ORBCOMM FM 30
1 25980U 99065A   26089.92925525  .00001075  00000-0  39860-3 0  9999
2 25980  45.0305 171.7041 0005273 349.3000  10.7735 14.38027129375713
0 ORBCOMM FM 31
1 25981U 99065B   26060.04111531  .00000893  00000-0  34008-3 0  9992
2 25981  45.0231 306.7790 0003500 256.4660 103.5799 14.37883719370961
0 ORBCOMM FM 31
1 25981U 99065B   26060.04111531  .00000893  00000-0  34008-3 0  9992
2 25981  45.0231 306.7790 0003500 256.4660 103.5799 14.37883719370961
0 ORBCOMM FM 31
1 25981U 99065B   26061.08330406  .00000913  00000-0  34667-3 0  9995
2 25981  45.0229 301.8405 0003509 260.1014  99.9438 14.37886022371117
0 ORBCOMM FM 31
1 25981U 99065B   26061.36122073  .00001009  00000-0  37805-3 0  9999
2 25981  45.0229 300.5236 0003513 261.1696  98.8755 14.37887143371156
0 ORBCOMM FM 31
1 25981U 99065B   26061.63913739  .00000980  00000-0  36859-3 0  9991
2 25981  45.0228 299.2065 0003516 262.1515  97.8934 14.37887563371191
0 ORBCOMM FM 31
1 25981U 99065B   26061.63913739  .00000980  00000-0  36859-3 0  9991
2 25981  45.0228 299.2065 0003516 262.1515  97.8934 14.37887562371190
0 ORBCOMM FM 31
1 25981U 99065B   26061.91705392  .00000949  00000-0  35846-3 0  9996
2 25981  45.0229 297.8897 0003509 263.0425  97.0025 14.37888015371232
0 ORBCOMM FM 31
1 25981U 99065B   26061.98653302  .00000950  00000-0  35875-3 0  9990
2 25981  45.0229 297.5605 0003510 263.3192  96.7257 14.37888168371245
0 ORBCOMM FM 31
1 25981U 99065B   26061.98653302  .00000950  00000-0  35875-3 0  9990
2 25981  45.0229 297.5605 0003510 263.3192  96.7257 14.37888168371245
0 ORBCOMM FM 31
1 25981U 99065B   26062.68132350  .00001063  00000-0  39575-3 0  9990
2 25981  45.0228 294.2680 0003515 265.8200  94.2247 14.37890327371346
0 ORBCOMM FM 31
1 25981U 99065B   26062.68132350  .00001063  00000-0  39575-3 0  9990
2 25981  45.0228 294.2680 0003515 265.8200  94.2247 14.37890327371346
0 ORBCOMM FM 31
1 25981U 99065B   26063.02871851  .00001122  00000-0  41499-3 0  9999
2 25981  45.0228 292.6220 0003509 267.0739  92.9708 14.37891417371395
0 ORBCOMM FM 31
1 25981U 99065B   26063.02871851  .00001122  00000-0  41499-3 0  9999
2 25981  45.0228 292.6220 0003509 267.0739  92.9708 14.37891417371395
0 ORBCOMM FM 31
1 25981U 99065B   26063.72350799  .00001082  00000-0  40205-3 0  9998
2 25981  45.0226 289.3296 0003512 269.4873  90.5573 14.37892743371496
0 ORBCOMM FM 31
1 25981U 99065B   26063.93194480  .00000994  00000-0  37292-3 0  9997
2 25981  45.0226 288.3419 0003508 270.2429  89.8017 14.37892702371527
0 ORBCOMM FM 31
1 25981U 99065B   26063.93194481  .00000994  00000-0  37292-3 0  9998
2 25981  45.0226 288.3419 0003508 270.2430  89.8017 14.37892702371529
0 ORBCOMM FM 31
1 25981U 99065B   26064.55725461  .00001085  00000-0  40289-3 0  9997
2 25981  45.0225 285.3788 0003508 272.4599  87.5848 14.37894531371613
0 ORBCOMM FM 31
1 25981U 99065B   26064.55725461  .00001085  00000-0  40289-3 0  9997
2 25981  45.0225 285.3788 0003508 272.4599  87.5848 14.37894531371613
0 ORBCOMM FM 31
1 25981U 99065B   26064.76569101  .00001089  00000-0  40422-3 0  9990
2 25981  45.0225 284.3911 0003505 273.1224  86.9223 14.37895042371641
0 ORBCOMM FM 31
1 25981U 99065B   26064.76569101  .00001089  00000-0  40422-3 0  9990
2 25981  45.0225 284.3911 0003505 273.1224  86.9223 14.37895042371641
0 ORBCOMM FM 31
1 25981U 99065B   26065.52995742  .00001103  00000-0  40874-3 0  9997
2 25981  45.0225 280.7696 0003496 275.8965  84.1485 14.37896821371759
0 ORBCOMM FM 31
1 25981U 99065B   26065.80787230  .00001093  00000-0  40553-3 0  9991
2 25981  45.0224 279.4527 0003479 276.6123  83.4329 14.37897395371792
0 ORBCOMM FM 31
1 25981U 99065B   26066.01630857  .00000935  00000-0  35357-3 0  9997
2 25981  45.0223 278.4650 0003474 277.3759  82.6694 14.37896957371828
0 ORBCOMM FM 31
1 25981U 99065B   26066.01630857  .00000935  00000-0  35357-3 0  9997
2 25981  45.0223 278.4650 0003474 277.3759  82.6694 14.37896957371828
0 ORBCOMM FM 31
1 25981U 99065B   26066.57213740  .00001112  00000-0  41176-3 0  9990
2 25981  45.0222 275.8309 0003476 279.3384  80.7072 14.37899229371900
0 ORBCOMM FM 31
1 25981U 99065B   26066.91952996  .00001148  00000-0  42337-3 0  9990
2 25981  45.0221 274.1848 0003462 280.4329  79.6129 14.37900340371958
0 ORBCOMM FM 31
1 25981U 99065B   26066.98900851  .00001147  00000-0  42319-3 0  9999
2 25981  45.0221 273.8556 0003461 280.6653  79.3806 14.37900510371960
0 ORBCOMM FM 31
1 25981U 99065B   26067.54483671  .00001096  00000-0  40646-3 0  9992
2 25981  45.0221 271.2216 0003454 282.5840  77.4622 14.37901522372045
0 ORBCOMM FM 31
1 25981U 99065B   26067.54483672  .00001096  00000-0  40646-3 0  9993
2 25981  45.0221 271.2216 0003454 282.5840  77.4622 14.37901522372045
0 ORBCOMM FM 31
1 25981U 99065B   26067.89222903  .00001018  00000-0  38092-3 0  9995
2 25981  45.0220 269.5754 0003441 283.6189  76.4276 14.37901944372092
0 ORBCOMM FM 31
1 25981U 99065B   26068.51753494  .00000999  00000-0  37476-3 0  9991
2 25981  45.0219 266.6121 0003432 285.8160  74.2310 14.37903237372181
0 ORBCOMM FM 31
1 25981U 99065B   26068.51753494  .00000999  00000-0  37476-3 0  9991
2 25981  45.0219 266.6121 0003432 285.8160  74.2310 14.37903237372181
0 ORBCOMM FM 31
1 25981U 99065B   26068.86492684  .00000969  00000-0  36485-3 0  9996
2 25981  45.0219 264.9659 0003417 286.8934  73.1540 14.37903868372230
0 ORBCOMM FM 31
1 25981U 99065B   26068.86492684  .00000969  00000-0  36485-3 0  9996
2 25981  45.0219 264.9659 0003417 286.8934  73.1540 14.37903868372230
0 ORBCOMM FM 31
1 25981U 99065B   26069.83762286  .00000937  00000-0  35436-3 0  9992
2 25981  45.0218 260.3563 0003386 290.0601  69.9883 14.37905939372375
0 ORBCOMM FM 31
1 25981U 99065B   26069.83762286  .00000937  00000-0  35436-3 0  9992
2 25981  45.0218 260.3563 0003386 290.0601  69.9883 14.37905938372374
0 ORBCOMM FM 31
1 25981U 99065B   26070.67136127  .00000960  00000-0  36194-3 0  9993
2 25981  45.0218 256.4053 0003364 292.9878  67.0616 14.37907938372495
0 ORBCOMM FM 31
1 25981U 99065B   26070.67136128  .00000960  00000-0  36194-3 0  9994
2 25981  45.0218 256.4053 0003364 292.9878  67.0616 14.37907938372495
0 ORBCOMM FM 31
1 25981U 99065B   26071.22718646  .00001009  00000-0  37785-3 0  9999
2 25981  45.0218 253.7713 0003359 295.3679  64.6821 14.37909400372574
0 ORBCOMM FM 31
1 25981U 99065B   26071.50509885  .00001012  00000-0  37878-3 0  9990
2 25981  45.0218 252.4542 0003350 296.3097  63.7407 14.37910012372612
0 ORBCOMM FM 31
1 25981U 99065B   26071.50509886  .00001012  00000-0  37878-3 0  9991
2 25981  45.0218 252.4542 0003350 296.3097  63.7407 14.37910012372612
0 ORBCOMM FM 31
1 25981U 99065B   26071.85248891  .00000989  00000-0  37120-3 0  9997
2 25981  45.0218 250.8080 0003336 297.7345  62.3165 14.37910759372665
0 ORBCOMM FM 31
1 25981U 99065B   26071.85248891  .00000989  00000-0  37120-3 0  9997
2 25981  45.0218 250.8080 0003336 297.7345  62.3165 14.37910759372665
0 ORBCOMM FM 31
1 25981U 99065B   26072.47779101  .00000969  00000-0  36471-3 0  9995
2 25981  45.0218 247.8446 0003319 299.9457  60.1062 14.37912041372754
0 ORBCOMM FM 31
1 25981U 99065B   26072.68622470  .00001008  00000-0  37764-3 0  9995
2 25981  45.0218 246.8570 0003309 300.8766  59.1757 14.37912799372787
0 ORBCOMM FM 31
1 25981U 99065B   26073.45048154  .00000931  00000-0  35207-3 0  9996
2 25981  45.0218 243.2351 0003279 303.6182  56.4353 14.37914143372893
0 ORBCOMM FM 31
1 25981U 99065B   26073.79787033  .00000940  00000-0  35520-3 0  9997
2 25981  45.0218 241.5889 0003257 304.7283  55.3258 14.37915115372948
0 ORBCOMM FM 31
1 25981U 99065B   26074.14525926  .00000910  00000-0  34521-3 0  9995
2 25981  45.0217 239.9425 0003247 305.6558  54.3988 14.37915749372995
0 ORBCOMM FM 31
1 25981U 99065B   26074.42317047  .00000834  00000-0  32052-3 0  9991
2 25981  45.0217 238.6253 0003234 306.6099  53.4452 14.37915905373033
0 ORBCOMM FM 31
1 25981U 99065B   26074.70108173  .00000738  00000-0  28904-3 0  9994
2 25981  45.0220 237.3083 0003211 307.5570  52.4987 14.37915953373072
0 ORBCOMM FM 31
1 25981U 99065B   26075.11794808  .00000718  00000-0  28233-3 0  9999
2 25981  45.0221 235.3329 0003195 309.1310  50.9255 14.37916742373130
0 ORBCOMM FM 31
1 25981U 99065B   26075.81272492  .00000742  00000-0  29030-3 0  9999
2 25981  45.0218 232.0403 0003159 311.7766  48.2812 14.37918242373234
0 ORBCOMM FM 31
1 25981U 99065B   26076.16011330  .00000751  00000-0  29300-3 0  9990
2 25981  45.0218 230.3941 0003144 313.0242  47.0343 14.37918911373284
0 ORBCOMM FM 31
1 25981U 99065B   26076.16011330  .00000751  00000-0  29300-3 0  9990
2 25981  45.0218 230.3941 0003144 313.0242  47.0343 14.37918911373284
0 ORBCOMM FM 31
1 25981U 99065B   26076.43802381  .00000749  00000-0  29245-3 0  9999
2 25981  45.0218 229.0770 0003127 314.0458  46.0132 14.37919413373328
0 ORBCOMM FM 31
1 25981U 99065B   26076.71593417  .00000763  00000-0  29713-3 0  9993
2 25981  45.0217 227.7601 0003117 315.2814  44.7783 14.37920028373368
0 ORBCOMM FM 31
1 25981U 99065B   26077.13279945  .00000745  00000-0  29114-3 0  9992
2 25981  45.0218 225.7847 0003093 316.6487  43.4117 14.37920776373427
0 ORBCOMM FM 31
1 25981U 99065B   26077.48018714  .00000814  00000-0  31394-3 0  9995
2 25981  45.0218 224.1384 0003072 317.8337  42.2275 14.37921772373474
0 ORBCOMM FM 31
1 25981U 99065B   26077.48018714  .00000814  00000-0  31394-3 0  9995
2 25981  45.0218 224.1384 0003072 317.8337  42.2275 14.37921771373473
0 ORBCOMM FM 31
1 25981U 99065B   26077.68861963  .00000793  00000-0  30680-3 0  9992
2 25981  45.0217 223.1506 0003057 318.4842  41.5774 14.37922050373509
0 ORBCOMM FM 31
1 25981U 99065B   26077.68861963  .00000793  00000-0  30680-3 0  9992
2 25981  45.0217 223.1506 0003057 318.4842  41.5774 14.37922050373509
0 ORBCOMM FM 31
1 25981U 99065B   26078.10548445  .00000762  00000-0  29665-3 0  9994
2 25981  45.0217 221.1752 0003037 320.1158  39.9467 14.37922700373566
0 ORBCOMM FM 31
1 25981U 99065B   26078.73078154  .00000730  00000-0  28632-3 0  9996
2 25981  45.0217 218.2119 0002996 322.2818  37.7820 14.37923625373655
0 ORBCOMM FM 31
1 25981U 99065B   26078.73078154  .00000730  00000-0  28632-3 0  9996
2 25981  45.0217 218.2119 0002996 322.2818  37.7820 14.37923625373655
0 ORBCOMM FM 31
1 25981U 99065B   26079.35607843  .00000744  00000-0  29075-3 0  9995
2 25981  45.0217 215.2485 0002963 324.6645  35.4007 14.37924679373748
0 ORBCOMM FM 31
1 25981U 99065B   26079.35607844  .00000744  00000-0  29075-3 0  9996
2 25981  45.0217 215.2485 0002963 324.6645  35.4007 14.37924679373748
0 ORBCOMM FM 31
1 25981U 99065B   26079.77294218  .00000820  00000-0  31579-3 0  9996
2 25981  45.0219 213.2733 0002936 326.2587  33.8074 14.37925950373803
0 ORBCOMM FM 31
1 25981U 99065B   26079.77294218  .00000820  00000-0  31579-3 0  9996
2 25981  45.0219 213.2733 0002936 326.2587  33.8074 14.37925950373803
0 ORBCOMM FM 31
1 25981U 99065B   26080.05085161  .00000752  00000-0  29350-3 0  9992
2 25981  45.0219 211.9562 0002919 327.2461  32.8206 14.37926026373846
0 ORBCOMM FM 31
1 25981U 99065B   26080.60666934  .00000860  00000-0  32894-3 0  9993
2 25981  45.0219 209.3221 0002885 329.3302  30.7378 14.37927708373922
0 ORBCOMM FM 31
1 25981U 99065B   26080.74562378  .00000858  00000-0  32832-3 0  9994
2 25981  45.0221 208.6638 0002877 329.9472  30.1211 14.37927975373942
0 ORBCOMM FM 31
1 25981U 99065B   26081.02353275  .00000830  00000-0  31912-3 0  9998
2 25981  45.0220 207.3468 0002863 330.8289  29.2399 14.37928287373987
0 ORBCOMM FM 31
1 25981U 99065B   26081.71830456  .00000853  00000-0  32672-3 0  9994
2 25981  45.0220 204.0543 0002818 333.5012  26.5693 14.37929620374080
0 ORBCOMM FM 31
1 25981U 99065B   26082.06568986  .00000920  00000-0  34850-3 0  9994
2 25981  45.0221 202.4080 0002804 334.7589  25.3122 14.37930707374134
0 ORBCOMM FM 31
1 25981U 99065B   26082.76046079  .00000824  00000-0  31696-3 0  9993
2 25981  45.0221 199.1154 0002749 337.4994  22.5734 14.37931431374230
0 ORBCOMM FM 31
1 25981U 99065B   26083.03836876  .00000833  00000-0  32000-3 0  9996
2 25981  45.0221 197.7984 0002738 338.5074  21.5659 14.37932057374278
0 ORBCOMM FM 31
1 25981U 99065B   26083.73313846  .00000792  00000-0  30650-3 0  9993
2 25981  45.0221 194.5060 0002685 341.2366  18.8383 14.37933241374374
0 ORBCOMM FM 31
1 25981U 99065B   26084.56686109  .00000792  00000-0  30665-3 0  9996
2 25981  45.0221 190.5549 0002624 344.5568  15.5200 14.37935003374498
0 ORBCOMM FM 31
1 25981U 99065B   26084.70581477  .00000780  00000-0  30257-3 0  9998
2 25981  45.0221 189.8966 0002616 345.2149  14.8623 14.37935247374510
0 ORBCOMM FM 31
1 25981U 99065B   26084.70581477  .00000780  00000-0  30257-3 0  9998
2 25981  45.0221 189.8966 0002616 345.2148  14.8623 14.37935247374519
0 ORBCOMM FM 31
1 25981U 99065B   26084.98372220  .00000768  00000-0  29880-3 0  9998
2 25981  45.0221 188.5796 0002599 346.3112  13.7666 14.37935737374552
0 ORBCOMM FM 31
1 25981U 99065B   26085.26162931  .00000777  00000-0  30169-3 0  9998
2 25981  45.0221 187.2625 0002579 347.2832  12.7952 14.37936370374591
0 ORBCOMM FM 31
1 25981U 99065B   26085.53953647  .00000727  00000-0  28514-3 0  9996
2 25981  45.0222 185.9455 0002554 348.6806  11.3984 14.37936682374638
0 ORBCOMM FM 31
1 25981U 99065B   26085.53953648  .00000727  00000-0  28514-3 0  9997
2 25981  45.0222 185.9455 0002554 348.6806  11.3984 14.37936682374638
0 ORBCOMM FM 31
1 25981U 99065B   26086.23430381  .00000732  00000-0  28693-3 0  9993
2 25981  45.0221 182.6531 0002510 351.6130   8.4676 14.37938120374737
0 ORBCOMM FM 31
1 25981U 99065B   26086.51221074  .00000668  00000-0  26587-3 0  9999
2 25981  45.0221 181.3361 0002485 352.7139   7.3673 14.37938283374775
0 ORBCOMM FM 31
1 25981U 99065B   26086.51221074  .00000668  00000-0  26587-3 0  9999
2 25981  45.0221 181.3361 0002485 352.7139   7.3673 14.37938283374775
0 ORBCOMM FM 31
1 25981U 99065B   26087.27645382  .00000763  00000-0  29689-3 0  9997
2 25981  45.0221 177.7144 0002435 355.9836   4.0993 14.37940235374888
0 ORBCOMM FM 31
1 25981U 99065B   26087.55436036  .00000726  00000-0  28480-3 0  9999
2 25981  45.0221 176.3975 0002414 357.1186   2.9648 14.37940513374922
0 ORBCOMM FM 31
1 25981U 99065B   26087.55436036  .00000726  00000-0  28480-3 0  9999
2 25981  45.0221 176.3975 0002414 357.1186   2.9648 14.37940513374922
0 ORBCOMM FM 31
1 25981U 99065B   26087.97121977  .00000765  00000-0  29752-3 0  9996
2 25981  45.0221 174.4221 0002385 358.8628   1.2214 14.37941486374988
0 ORBCOMM FM 31
1 25981U 99065B   26089.22179615  .00000909  00000-0  34494-3 0  9997
2 25981  45.0221 168.4955 0002299   4.5328 355.5541 14.37944665375162
0 ORBCOMM FM 31
1 25981U 99065B   26089.22179615  .00000909  00000-0  34494-3 0  9997
2 25981  45.0221 168.4955 0002299   4.5328 355.5541 14.37944665375162
0 ORBCOMM FM 31
1 25981U 99065B   26089.49970149  .00000933  00000-0  35269-3 0  9995
2 25981  45.0221 167.1785 0002276   5.8291 354.2583 14.37945407375209
0 ORBCOMM FM 31
1 25981U 99065B   26089.56917782  .00000940  00000-0  35497-3 0  9998
2 25981  45.0220 166.8493 0002272   6.2344 353.8532 14.37945595375218
0 ORBCOMM FM 32
1 25982U 99065C   26060.04810476  .00000903  00000-0  34968-3 0  9994
2 25982  45.0167 325.0353 0005764 248.8594 111.1638 14.36944732371537
0 ORBCOMM FM 32
1 25982U 99065C   26060.04810476  .00000903  00000-0  34968-3 0  9994
2 25982  45.0167 325.0353 0005764 248.8594 111.1638 14.36944732371537
0 ORBCOMM FM 32
1 25982U 99065C   26061.02144973  .00000986  00000-0  37727-3 0  9992
2 25982  45.0165 320.4295 0005775 252.8998 107.1217 14.36947355371671
0 ORBCOMM FM 32
1 25982U 99065C   26061.43859712  .00001099  00000-0  41529-3 0  9992
2 25982  45.0163 318.4556 0005766 254.5121 105.5090 14.36948912371731
0 ORBCOMM FM 32
1 25982U 99065C   26061.43859713  .00001099  00000-0  41529-3 0  9993
2 25982  45.0163 318.4556 0005766 254.5121 105.5090 14.36948912371731
0 ORBCOMM FM 32
1 25982U 99065C   26061.64717079  .00001076  00000-0  40757-3 0  9991
2 25982  45.0162 317.4686 0005770 255.3828 104.6381 14.36949238371769
0 ORBCOMM FM 32
1 25982U 99065C   26061.64717079  .00001076  00000-0  40757-3 0  9991
2 25982  45.0162 317.4686 0005770 255.3828 104.6381 14.36949238371769
0 ORBCOMM FM 32
1 25982U 99065C   26062.06431784  .00001051  00000-0  39925-3 0  9992
2 25982  45.0162 315.4948 0005768 257.0431 102.9773 14.36950083371827
0 ORBCOMM FM 32
1 25982U 99065C   26062.06431784  .00001051  00000-0  39925-3 0  9992
2 25982  45.0162 315.4948 0005768 257.0431 102.9773 14.36950083371827
0 ORBCOMM FM 32
1 25982U 99065C   26063.10718391  .00001220  00000-0  45561-3 0  9991
2 25982  45.0162 310.5601 0005776 261.4164  98.6029 14.36953558371971
0 ORBCOMM FM 32
1 25982U 99065C   26063.10718392  .00001220  00000-0  45561-3 0  9992
2 25982  45.0162 310.5601 0005776 261.4164  98.6029 14.36953558371971
0 ORBCOMM FM 32
1 25982U 99065C   26064.15004821  .00001077  00000-0  40780-3 0  9991
2 25982  45.0161 305.6254 0005777 265.6692  94.3496 14.36955439372121
0 ORBCOMM FM 32
1 25982U 99065C   26064.15004822  .00001077  00000-0  40780-3 0  9992
2 25982  45.0161 305.6254 0005777 265.6692  94.3496 14.36955439372121
0 ORBCOMM FM 32
1 25982U 99065C   26064.63671759  .00001163  00000-0  43649-3 0  9997
2 25982  45.0161 303.3223 0005784 267.6936  92.3250 14.36957104372197
0 ORBCOMM FM 32
1 25982U 99065C   26064.77576593  .00001154  00000-0  43345-3 0  9995
2 25982  45.0160 302.6644 0005778 268.2079  91.8108 14.36957412372214
0 ORBCOMM FM 32
1 25982U 99065C   26064.91481436  .00000993  00000-0  37972-3 0  9991
2 25982  45.0161 302.0065 0005779 268.7469  91.2717 14.36956866372239
0 ORBCOMM FM 32
1 25982U 99065C   26064.98433853  .00000991  00000-0  37914-3 0  9992
2 25982  45.0161 301.6775 0005777 269.0358  90.9828 14.36957020372244
0 ORBCOMM FM 32
1 25982U 99065C   26066.02719958  .00000999  00000-0  38156-3 0  9999
2 25982  45.0158 296.7427 0005766 273.3060  86.7129 14.36959642372399
0 ORBCOMM FM 32
1 25982U 99065C   26066.02719959  .00000999  00000-0  38156-3 0  9990
2 25982  45.0158 296.7427 0005766 273.3060  86.7129 14.36959642372399
0 ORBCOMM FM 32
1 25982U 99065C   26066.58339123  .00001186  00000-0  44408-3 0  9998
2 25982  45.0157 294.1108 0005767 275.6512  84.3679 14.36962042372475
0 ORBCOMM FM 32
1 25982U 99065C   26066.93101065  .00001207  00000-0  45114-3 0  9998
2 25982  45.0157 292.4658 0005754 277.0441  82.9752 14.36963088372522
0 ORBCOMM FM 32
1 25982U 99065C   26066.93101065  .00001207  00000-0  45114-3 0  9998
2 25982  45.0157 292.4658 0005754 277.0441  82.9752 14.36963089372523
0 ORBCOMM FM 32
1 25982U 99065C   26067.13958217  .00001223  00000-0  45641-3 0  9993
2 25982  45.0156 291.4788 0005745 277.8535  82.1660 14.36963728372550
0 ORBCOMM FM 32
1 25982U 99065C   26067.34815369  .00001225  00000-0  45731-3 0  9998
2 25982  45.0155 290.4918 0005749 278.7157  81.3040 14.36964273372589
0 ORBCOMM FM 32
1 25982U 99065C   26067.62624937  .00001155  00000-0  43372-3 0  9999
2 25982  45.0155 289.1757 0005742 279.8656  80.1544 14.36964485372620
0 ORBCOMM FM 32
1 25982U 99065C   26067.97386836  .00001083  00000-0  40959-3 0  9998
2 25982  45.0155 287.5308 0005725 281.1987  78.8217 14.36964986372670
0 ORBCOMM FM 32
1 25982U 99065C   26068.04339213  .00001082  00000-0  40930-3 0  9992
2 25982  45.0154 287.2018 0005723 281.4865  78.5340 14.36965160372680
0 ORBCOMM FM 32
1 25982U 99065C   26069.57291342  .00001039  00000-0  39496-3 0  9998
2 25982  45.0151 279.9638 0005681 287.7315  72.2912 14.36968704372903
0 ORBCOMM FM 32
1 25982U 99065C   26069.92053136  .00000979  00000-0  37499-3 0  9997
2 25982  45.0151 278.3188 0005661 289.1323  70.8912 14.36969260372956
0 ORBCOMM FM 32
1 25982U 99065C   26070.05957853  .00000968  00000-0  37113-3 0  9993
2 25982  45.0151 277.6608 0005655 289.7153  70.3085 14.36969528372970
0 ORBCOMM FM 32
1 25982U 99065C   26070.05957854  .00000968  00000-0  37113-3 0  9994
2 25982  45.0151 277.6608 0005655 289.7153  70.3085 14.36969528372970
0 ORBCOMM FM 32
1 25982U 99065C   26070.82433752  .00000880  00000-0  34183-3 0  9992
2 25982  45.0150 274.0416 0005624 292.7437  67.2816 14.36970807373084
0 ORBCOMM FM 32
1 25982U 99065C   26070.89386101  .00000881  00000-0  34202-3 0  9997
2 25982  45.0150 273.7127 0005620 293.0519  66.9736 14.36970975373094
0 ORBCOMM FM 32
1 25982U 99065C   26070.96338449  .00000877  00000-0  34063-3 0  9997
2 25982  45.0150 273.3837 0005619 293.3679  66.6578 14.36971110373101
0 ORBCOMM FM 32
1 25982U 99065C   26070.96338450  .00000877  00000-0  34063-3 0  9999
2 25982  45.0150 273.3837 0005619 293.3679  66.6578 14.36971110373101
0 ORBCOMM FM 32
1 25982U 99065C   26071.58909550  .00000983  00000-0  37616-3 0  9998
2 25982  45.0149 270.4225 0005601 296.0198  64.0073 14.36973091373196
0 ORBCOMM FM 32
1 25982U 99065C   26071.58909551  .00000983  00000-0  37616-3 0  9999
2 25982  45.0149 270.4225 0005601 296.0198  64.0073 14.36973091373196
0 ORBCOMM FM 32
1 25982U 99065C   26072.49289935  .00000958  00000-0  36792-3 0  9993
2 25982  45.0148 266.1454 0005558 299.5898  60.4396 14.36974944373328
0 ORBCOMM FM 32
1 25982U 99065C   26072.84051598  .00000886  00000-0  34382-3 0  9997
2 25982  45.0149 264.5003 0005531 300.9712  59.0592 14.36975306373374
0 ORBCOMM FM 32
1 25982U 99065C   26073.25765581  .00000882  00000-0  34251-3 0  9998
2 25982  45.0149 262.5263 0005529 303.0436  56.9880 14.36976135373438
0 ORBCOMM FM 32
1 25982U 99065C   26073.88336486  .00000864  00000-0  33629-3 0  9993
2 25982  45.0148 259.5653 0005485 305.4706  54.5629 14.36977349373526
0 ORBCOMM FM 32
1 25982U 99065C   26073.95288807  .00000862  00000-0  33568-3 0  9994
2 25982  45.0148 259.2362 0005479 305.7564  54.2774 14.36977485373538
0 ORBCOMM FM 32
1 25982U 99065C   26074.50907377  .00000710  00000-0  28488-3 0  9993
2 25982  45.0148 256.6041 0005453 307.9940  52.0415 14.36977718373613
0 ORBCOMM FM 32
1 25982U 99065C   26074.78716649  .00000694  00000-0  27945-3 0  9991
2 25982  45.0148 255.2881 0005432 309.2310  50.8055 14.36978164373659
0 ORBCOMM FM 32
1 25982U 99065C   26075.20430515  .00000766  00000-0  30349-3 0  9996
2 25982  45.0148 253.3141 0005416 310.9919  49.0460 14.36979400373714
0 ORBCOMM FM 32
1 25982U 99065C   26075.83001303  .00000683  00000-0  27582-3 0  9997
2 25982  45.0147 250.3530 0005375 313.6007  46.4394 14.36980122373804
0 ORBCOMM FM 32
1 25982U 99065C   26075.83001303  .00000683  00000-0  27582-3 0  9997
2 25982  45.0147 250.3530 0005375 313.6007  46.4394 14.36980122373804
0 ORBCOMM FM 32
1 25982U 99065C   26076.52524367  .00000676  00000-0  27353-3 0  9992
2 25982  45.0147 247.0629 0005337 316.5085  43.5342 14.36981297373908
0 ORBCOMM FM 32
1 25982U 99065C   26076.73381265  .00000677  00000-0  27377-3 0  9990
2 25982  45.0147 246.0760 0005322 317.4173  42.6262 14.36981695373931
0 ORBCOMM FM 32
1 25982U 99065C   26077.15095065  .00000702  00000-0  28235-3 0  9990
2 25982  45.0148 244.1020 0005297 319.1508  40.8943 14.36982553373998
0 ORBCOMM FM 32
1 25982U 99065C   26077.49856539  .00000702  00000-0  28216-3 0  9997
2 25982  45.0147 242.4568 0005274 320.6078  39.4386 14.36983145374049
0 ORBCOMM FM 32
1 25982U 99065C   26077.49856540  .00000702  00000-0  28216-3 0  9999
2 25982  45.0147 242.4569 0005274 320.6078  39.4386 14.36983145374040
0 ORBCOMM FM 32
1 25982U 99065C   26077.70713420  .00000684  00000-0  27611-3 0  9999
2 25982  45.0147 241.4698 0005256 321.4695  38.5777 14.36983409374076
0 ORBCOMM FM 32
1 25982U 99065C   26077.70713420  .00000684  00000-0  27611-3 0  9999
2 25982  45.0147 241.4698 0005256 321.4695  38.5777 14.36983409374076
0 ORBCOMM FM 32
1 25982U 99065C   26078.47188642  .00000683  00000-0  27573-3 0  9992
2 25982  45.0146 237.8506 0005212 324.7992  35.2511 14.36984561374182
0 ORBCOMM FM 32
1 25982U 99065C   26079.44520684  .00000666  00000-0  27013-3 0  9996
2 25982  45.0146 233.2445 0005144 329.0198  31.0346 14.36985814374322
0 ORBCOMM FM 32
1 25982U 99065C   26079.44520685  .00000666  00000-0  27013-3 0  9997
2 25982  45.0146 233.2445 0005144 329.0198  31.0346 14.36985814374322
0 ORBCOMM FM 32
1 25982U 99065C   26079.72329759  .00000757  00000-0  30071-3 0  9996
2 25982  45.0146 231.9286 0005127 330.3198  29.7358 14.36986889374360
0 ORBCOMM FM 32
1 25982U 99065C   26079.72329759  .00000757  00000-0  30071-3 0  9996
2 25982  45.0146 231.9286 0005127 330.3198  29.7358 14.36986889374360
0 ORBCOMM FM 32
1 25982U 99065C   26080.14043434  .00000715  00000-0  28638-3 0  9997
2 25982  45.0147 229.9546 0005089 332.0531  28.0043 14.36987280374420
0 ORBCOMM FM 32
1 25982U 99065C   26080.76613836  .00000816  00000-0  32046-3 0  9994
2 25982  45.0146 226.9936 0005046 334.9371  25.1231 14.36988981374511
0 ORBCOMM FM 32
1 25982U 99065C   26081.11375153  .00000821  00000-0  32204-3 0  9993
2 25982  45.0147 225.3486 0005017 336.2855  23.7761 14.36989662374569
0 ORBCOMM FM 32
1 25982U 99065C   26081.73945471  .00000868  00000-0  33755-3 0  9990
2 25982  45.0146 222.3874 0004965 338.9651  21.0992 14.36991114374652
0 ORBCOMM FM 32
1 25982U 99065C   26082.08706700  .00000949  00000-0  36460-3 0  9995
2 25982  45.0147 220.7423 0004945 340.5103  19.5556 14.36992366374708
0 ORBCOMM FM 32
1 25982U 99065C   26082.43467967  .00000903  00000-0  34937-3 0  9990
2 25982  45.0147 219.0972 0004915 342.0200  18.0473 14.36992773374759
0 ORBCOMM FM 32
1 25982U 99065C   26082.78229211  .00000842  00000-0  32885-3 0  9998
2 25982  45.0147 217.4522 0004886 343.6303  16.4386 14.36993137374806
0 ORBCOMM FM 32
1 25982U 99065C   26083.68608285  .00000829  00000-0  32461-3 0  9995
2 25982  45.0149 213.1752 0004811 347.6321  12.4409 14.36995122374930
0 ORBCOMM FM 32
1 25982U 99065C   26084.65939494  .00000829  00000-0  32453-3 0  9993
2 25982  45.0150 208.5690 0004735 352.1472   7.9301 14.36997255375079
0 ORBCOMM FM 32
1 25982U 99065C   26084.72891717  .00000825  00000-0  32337-3 0  9993
2 25982  45.0149 208.2401 0004732 352.4946   7.5830 14.36997394375088
0 ORBCOMM FM 32
1 25982U 99065C   26084.72891717  .00000825  00000-0  32337-3 0  9993
2 25982  45.0149 208.2401 0004732 352.4946   7.5830 14.36997394375088
0 ORBCOMM FM 32
1 25982U 99065C   26085.28509491  .00000842  00000-0  32889-3 0  9991
2 25982  45.0149 205.6079 0004689 354.9970   5.0831 14.36998651375165
0 ORBCOMM FM 32
1 25982U 99065C   26085.28509492  .00000842  00000-0  32889-3 0  9992
2 25982  45.0149 205.6079 0004689 354.9970   5.0831 14.36998651375165
0 ORBCOMM FM 32
1 25982U 99065C   26086.60601508  .00000781  00000-0  30845-3 0  9992
2 25982  45.0149 199.3568 0004574   1.2187 358.8671 14.37001204375354
0 ORBCOMM FM 32
1 25982U 99065C   26086.60601509  .00000781  00000-0  30845-3 0  9993
2 25982  45.0149 199.3568 0004574   1.2187 358.8672 14.37001204375355
0 ORBCOMM FM 32
1 25982U 99065C   26087.02314727  .00000820  00000-0  32152-3 0  9990
2 25982  45.0149 197.3829 0004547   3.1359 356.9516 14.37002301375417
0 ORBCOMM FM 32
1 25982U 99065C   26087.30123510  .00000895  00000-0  34646-3 0  9991
2 25982  45.0149 196.0668 0004524   4.4325 355.6563 14.37003302375450
0 ORBCOMM FM 32
1 25982U 99065C   26087.30123510  .00000895  00000-0  34646-3 0  9991
2 25982  45.0149 196.0668 0004524   4.4325 355.6563 14.37003302375450
0 ORBCOMM FM 32
1 25982U 99065C   26087.57932296  .00000859  00000-0  33446-3 0  9996
2 25982  45.0149 194.7508 0004500   5.8750 354.2150 14.37003707375499
0 ORBCOMM FM 32
1 25982U 99065C   26087.64884489  .00000859  00000-0  33454-3 0  9993
2 25982  45.0148 194.4219 0004495   6.2329 353.8574 14.37003858375508
0 ORBCOMM FM 32
1 25982U 99065C   26087.99645438  .00000896  00000-0  34685-3 0  9998
2 25982  45.0149 192.7769 0004469   7.8456 352.2461 14.37004823375555
0 ORBCOMM FM 32
1 25982U 99065C   26088.96975969  .00001013  00000-0  38599-3 0  9991
2 25982  45.0147 188.1708 0004390  12.5923 347.5034 14.37007646375694
0 ORBCOMM FM 32
1 25982U 99065C   26089.24784688  .00001010  00000-0  38490-3 0  9996
2 25982  45.0147 186.8547 0004367  13.9417 346.1551 14.37008172375736
0 ORBCOMM FM 32
1 25982U 99065C   26089.52593377  .00001013  00000-0  38611-3 0  9998
2 25982  45.0146 185.5386 0004351  15.6898 344.4084 14.37008824375777
0 ORBCOMM FM 32
1 25982U 99065C   26089.52593378  .00001013  00000-0  38611-3 0  9999
2 25982  45.0146 185.5386 0004351  15.6898 344.4084 14.37008824375777
0 ORBCOMM FM 32
1 25982U 99065C   26089.94306395  .00000991  00000-0  37878-3 0  9994
2 25982  45.0146 183.5647 0004316  17.5551 342.5445 14.37009611375835
0 ORBCOMM FM 33
1 25983U 99065D   26060.41968681  .00001147  00000-0  39932-3 0  9995
2 25983  45.0275 215.2944 0008237 270.7377  89.2529 14.40763660373153
0 ORBCOMM FM 33
1 25983U 99065D   26060.76638815  .00001122  00000-0  39170-3 0  9993
2 25983  45.0275 213.6440 0008236 272.2495  87.7411 14.40764386373208
0 ORBCOMM FM 33
1 25983U 99065D   26060.76638816  .00001122  00000-0  39170-3 0  9994
2 25983  45.0275 213.6440 0008236 272.2495  87.7411 14.40764386373208
0 ORBCOMM FM 33
1 25983U 99065D   26061.45979023  .00001221  00000-0  42244-3 0  9995
2 25983  45.0271 210.3429 0008238 275.3003  84.6907 14.40766597373309
0 ORBCOMM FM 33
1 25983U 99065D   26061.66781053  .00001211  00000-0  41917-3 0  9997
2 25983  45.0272 209.3527 0008257 276.1151  83.8758 14.40767111373332
0 ORBCOMM FM 33
1 25983U 99065D   26061.66781053  .00001211  00000-0  41917-3 0  9997
2 25983  45.0272 209.3527 0008257 276.1151  83.8758 14.40767112373333
0 ORBCOMM FM 33
1 25983U 99065D   26062.43055132  .00001327  00000-0  45509-3 0  9994
2 25983  45.0272 205.7217 0008263 279.5289  80.4627 14.40769741373445
0 ORBCOMM FM 33
1 25983U 99065D   26062.43055133  .00001327  00000-0  45509-3 0  9995
2 25983  45.0272 205.7217 0008263 279.5289  80.4627 14.40769741373445
0 ORBCOMM FM 33
1 25983U 99065D   26062.70791125  .00001359  00000-0  46492-3 0  9990
2 25983  45.0274 204.4016 0008264 280.7785  79.2135 14.40770710373488
0 ORBCOMM FM 33
1 25983U 99065D   26062.70791125  .00001359  00000-0  46492-3 0  9990
2 25983  45.0274 204.4016 0008264 280.7785  79.2135 14.40770710373488
0 ORBCOMM FM 33
1 25983U 99065D   26063.40131013  .00001519  00000-0  51444-3 0  9993
2 25983  45.0275 201.1007 0008273 283.8813  76.1116 14.40773610373587
0 ORBCOMM FM 33
1 25983U 99065D   26063.40131013  .00001519  00000-0  51444-3 0  9993
2 25983  45.0275 201.1007 0008273 283.8813  76.1116 14.40773610373587
0 ORBCOMM FM 33
1 25983U 99065D   26063.74800941  .00001460  00000-0  49624-3 0  9995
2 25983  45.0275 199.4503 0008263 285.4248  74.5689 14.40774290373634
0 ORBCOMM FM 33
1 25983U 99065D   26063.74800942  .00001460  00000-0  49624-3 0  9996
2 25983  45.0275 199.4503 0008263 285.4248  74.5689 14.40774290373634
0 ORBCOMM FM 33
1 25983U 99065D   26064.64942638  .00001494  00000-0  50677-3 0  9992
2 25983  45.0275 195.1592 0008266 289.4192  70.5764 14.40777086373760
0 ORBCOMM FM 33
1 25983U 99065D   26064.71876598  .00001513  00000-0  51246-3 0  9996
2 25983  45.0273 194.8290 0008253 289.7668  70.2292 14.40777403373773
0 ORBCOMM FM 33
1 25983U 99065D   26064.71876599  .00001513  00000-0  51246-3 0  9997
2 25983  45.0273 194.8290 0008253 289.7668  70.2292 14.40777403373773
0 ORBCOMM FM 33
1 25983U 99065D   26065.55084166  .00001475  00000-0  50090-3 0  9994
2 25983  45.0274 190.8680 0008248 293.4358  66.5624 14.40779686373890
0 ORBCOMM FM 33
1 25983U 99065D   26066.31357619  .00001525  00000-0  51626-3 0  9997
2 25983  45.0274 187.2369 0008239 296.8578  63.1429 14.40782332374007
0 ORBCOMM FM 33
1 25983U 99065D   26066.31357620  .00001525  00000-0  51626-3 0  9999
2 25983  45.0274 187.2369 0008239 296.8578  63.1429 14.40782332374007
0 ORBCOMM FM 33
1 25983U 99065D   26066.59093399  .00001480  00000-0  50229-3 0  9997
2 25983  45.0275 185.9166 0008226 298.0770  61.9248 14.40782965374043
0 ORBCOMM FM 33
1 25983U 99065D   26066.66027341  .00001478  00000-0  50175-3 0  9996
2 25983  45.0276 185.5867 0008222 298.4047  61.5974 14.40783183374051
0 ORBCOMM FM 33
1 25983U 99065D   26067.00697006  .00001477  00000-0  50136-3 0  9992
2 25983  45.0276 183.9363 0008225 299.9287  60.0746 14.40784359374102
0 ORBCOMM FM 33
1 25983U 99065D   26067.35366648  .00001497  00000-0  50758-3 0  9997
2 25983  45.0276 182.2857 0008214 301.4677  58.5369 14.40785617374158
0 ORBCOMM FM 33
1 25983U 99065D   26067.35366649  .00001497  00000-0  50758-3 0  9998
2 25983  45.0276 182.2857 0008214 301.4677  58.5369 14.40785617374158
0 ORBCOMM FM 33
1 25983U 99065D   26068.32441639  .00001237  00000-0  42709-3 0  9998
2 25983  45.0277 177.6646 0008182 305.7779  54.2310 14.40787106374296
0 ORBCOMM FM 33
1 25983U 99065D   26068.32441639  .00001237  00000-0  42709-3 0  9998
2 25983  45.0277 177.6646 0008182 305.7779  54.2310 14.40787106374296
0 ORBCOMM FM 33
1 25983U 99065D   26069.29516384  .00001220  00000-0  42197-3 0  9998
2 25983  45.0277 173.0434 0008157 310.1716  49.8419 14.40790016374434
0 ORBCOMM FM 33
1 25983U 99065D   26069.29516384  .00001220  00000-0  42197-3 0  9998
2 25983  45.0277 173.0434 0008157 310.1717  49.8419 14.40790016374435
0 ORBCOMM FM 33
1 25983U 99065D   26069.98855425  .00001109  00000-0  38739-3 0  9999
2 25983  45.0278 169.7426 0008126 313.3143  46.7029 14.40791397374530
0 ORBCOMM FM 33
1 25983U 99065D   26070.26591012  .00001109  00000-0  38754-3 0  9998
2 25983  45.0277 168.4222 0008111 314.5736  45.4451 14.40792164374576
0 ORBCOMM FM 33
1 25983U 99065D   26070.47392698  .00001107  00000-0  38688-3 0  9994
2 25983  45.0277 167.4320 0008099 315.4978  44.5221 14.40792736374601
0 ORBCOMM FM 33
1 25983U 99065D   26070.61260476  .00001105  00000-0  38613-3 0  9994
2 25983  45.0277 166.7719 0008096 316.1612  43.8595 14.40793130374622
0 ORBCOMM FM 33
1 25983U 99065D   26070.61260476  .00001105  00000-0  38613-3 0  9994
2 25983  45.0277 166.7719 0008096 316.1612  43.8595 14.40793130374622
0 ORBCOMM FM 33
1 25983U 99065D   26071.23665480  .00001112  00000-0  38832-3 0  9998
2 25983  45.0277 163.8012 0008073 319.0848  40.9396 14.40794854374715
0 ORBCOMM FM 33
1 25983U 99065D   26071.30599367  .00001101  00000-0  38506-3 0  9992
2 25983  45.0277 163.4711 0008066 319.3955  40.6292 14.40794985374729
0 ORBCOMM FM 33
1 25983U 99065D   26071.58334903  .00001090  00000-0  38148-3 0  9994
2 25983  45.0278 162.1510 0008054 320.6711  39.3553 14.40795678374764
0 ORBCOMM FM 33
1 25983U 99065D   26071.65268784  .00001085  00000-0  37995-3 0  9998
2 25983  45.0278 161.8209 0008047 321.0347  38.9922 14.40795842374776
0 ORBCOMM FM 33
1 25983U 99065D   26071.65268784  .00001085  00000-0  37995-3 0  9998
2 25983  45.0278 161.8209 0008047 321.0347  38.9922 14.40795842374776
0 ORBCOMM FM 33
1 25983U 99065D   26072.55409152  .00001026  00000-0  36171-3 0  9994
2 25983  45.0278 157.5298 0008018 325.0321  35.0001 14.40797908374906
0 ORBCOMM FM 33
1 25983U 99065D   26072.90078497  .00000935  00000-0  33351-3 0  9992
2 25983  45.0278 155.8793 0008005 326.5841  33.4502 14.40798307374953
0 ORBCOMM FM 33
1 25983U 99065D   26073.52483238  .00000992  00000-0  35118-3 0  9990
2 25983  45.0277 152.9085 0007982 329.4022  30.6362 14.40800205375045
0 ORBCOMM FM 33
1 25983U 99065D   26074.63424957  .00000767  00000-0  28175-3 0  9991
2 25983  45.0276 147.6271 0007924 334.6184  25.4276 14.40801480375205
0 ORBCOMM FM 33
1 25983U 99065D   26075.88234186  .00000738  00000-0  27263-3 0  9997
2 25983  45.0275 141.6855 0007859 340.5516  19.5033 14.40803974375382
0 ORBCOMM FM 33
1 25983U 99065D   26075.88234186  .00000738  00000-0  27263-3 0  9997
2 25983  45.0275 141.6855 0007859 340.5516  19.5033 14.40803974375382
0 ORBCOMM FM 33
1 25983U 99065D   26076.57572600  .00000735  00000-0  27181-3 0  9996
2 25983  45.0275 138.3845 0007813 343.8958  16.1643 14.40805252375482
0 ORBCOMM FM 33
1 25983U 99065D   26076.85307932  .00000708  00000-0  26353-3 0  9991
2 25983  45.0275 137.0642 0007797 345.2378  14.8243 14.40805691375529
0 ORBCOMM FM 33
1 25983U 99065D   26076.85307932  .00000708  00000-0  26353-3 0  9991
2 25983  45.0275 137.0642 0007797 345.2378  14.8243 14.40805691375529
0 ORBCOMM FM 33
1 25983U 99065D   26077.47712423  .00000735  00000-0  27183-3 0  9997
2 25983  45.0275 134.0933 0007754 348.2403  11.8265 14.40806973375619
0 ORBCOMM FM 33
1 25983U 99065D   26077.47712423  .00000735  00000-0  27183-3 0  9997
2 25983  45.0275 134.0932 0007754 348.2403  11.8265 14.40806973375618
0 ORBCOMM FM 33
1 25983U 99065D   26077.82381547  .00000712  00000-0  26453-3 0  9999
2 25983  45.0275 132.4427 0007734 349.9071  10.1622 14.40807537375667
0 ORBCOMM FM 33
1 25983U 99065D   26077.82381549  .00000712  00000-0  26453-3 0  9991
2 25983  45.0275 132.4427 0007734 349.9071  10.1622 14.40807537375667
0 ORBCOMM FM 33
1 25983U 99065D   26078.51719807  .00000671  00000-0  25213-3 0  9997
2 25983  45.0274 129.1418 0007699 353.2200   6.8544 14.40808472375766
0 ORBCOMM FM 33
1 25983U 99065D   26079.07190362  .00000704  00000-0  26215-3 0  9998
2 25983  45.0274 126.5010 0007668 355.8854   4.1932 14.40809570375845
0 ORBCOMM FM 33
1 25983U 99065D   26079.07190362  .00000704  00000-0  26215-3 0  9998
2 25983  45.0274 126.5010 0007668 355.8854   4.1932 14.40809570375845
0 ORBCOMM FM 33
1 25983U 99065D   26079.48793267  .00000749  00000-0  27624-3 0  9990
2 25983  45.0274 124.5204 0007630 358.0162   2.0657 14.40810468375900
0 ORBCOMM FM 33
1 25983U 99065D   26079.48793268  .00000749  00000-0  27624-3 0  9991
2 25983  45.0274 124.5204 0007630 358.0162   2.0657 14.40810468375900
0 ORBCOMM FM 33
1 25983U 99065D   26080.45866556  .00000808  00000-0  29433-3 0  9997
2 25983  45.0274 119.8990 0007561   2.8370 357.2521 14.40812520376049
0 ORBCOMM FM 33
1 25983U 99065D   26080.80535578  .00000777  00000-0  28487-3 0  9996
2 25983  45.0275 118.2486 0007540   4.5388 355.5529 14.40812944376092
0 ORBCOMM FM 33
1 25983U 99065D   26081.77608721  .00000795  00000-0  29040-3 0  9990
2 25983  45.0275 113.6272 0007471   9.4676 350.6314 14.40814791376237
0 ORBCOMM FM 33
1 25983U 99065D   26082.12277638  .00000865  00000-0  31208-3 0  9996
2 25983  45.0274 111.9766 0007443  11.2238 348.8777 14.40815882376288
0 ORBCOMM FM 33
1 25983U 99065D   26082.40012797  .00000827  00000-0  30029-3 0  9998
2 25983  45.0274 110.6562 0007423  12.6683 347.4352 14.40816160376324
0 ORBCOMM FM 33
1 25983U 99065D   26082.74681712  .00000779  00000-0  28545-3 0  9990
2 25983  45.0274 109.0057 0007402  14.4530 345.6530 14.40816590376373
0 ORBCOMM FM 33
1 25983U 99065D   26083.37085711  .00000806  00000-0  29364-3 0  9998
2 25983  45.0273 106.0347 0007365  17.6352 342.4752 14.40817937376463
0 ORBCOMM FM 33
1 25983U 99065D   26083.37085711  .00000806  00000-0  29364-3 0  9998
2 25983  45.0273 106.0347 0007365  17.6352 342.4752 14.40817937376463
0 ORBCOMM FM 33
1 25983U 99065D   26084.41092255  .00000799  00000-0  29156-3 0  9995
2 25983  45.0273 101.0831 0007308  23.0060 337.1116 14.40819963376613
0 ORBCOMM FM 33
1 25983U 99065D   26084.75761036  .00000799  00000-0  29161-3 0  9998
2 25983  45.0273  99.4326 0007282  24.8396 335.2803 14.40820774376663
0 ORBCOMM FM 33
1 25983U 99065D   26084.75761036  .00000799  00000-0  29161-3 0  9998
2 25983  45.0273  99.4326 0007282  24.8396 335.2803 14.40820774376663
0 ORBCOMM FM 33
1 25983U 99065D   26085.31231101  .00000833  00000-0  30216-3 0  9998
2 25983  45.0273  96.7916 0007246  27.7781 332.3455 14.40822045376741
0 ORBCOMM FM 33
1 25983U 99065D   26085.38164854  .00000832  00000-0  30179-3 0  9992
2 25983  45.0273  96.4615 0007243  28.1605 331.9635 14.40822187376754
0 ORBCOMM FM 33
1 25983U 99065D   26085.38164854  .00000832  00000-0  30179-3 0  9992
2 25983  45.0273  96.4615 0007243  28.1605 331.9635 14.40822187376754
0 ORBCOMM FM 33
1 25983U 99065D   26086.00568574  .00000884  00000-0  31787-3 0  9992
2 25983  45.0274  93.4904 0007209  31.4020 328.7259 14.40823848376844
0 ORBCOMM FM 33
1 25983U 99065D   26086.28303557  .00000867  00000-0  31254-3 0  9990
2 25983  45.0274  92.1700 0007197  32.8954 327.2342 14.40824346376886
0 ORBCOMM FM 33
1 25983U 99065D   26086.42171043  .00000864  00000-0  31157-3 0  9998
2 25983  45.0275  91.5099 0007190  33.6469 326.4836 14.40824634376906
0 ORBCOMM FM 33
1 25983U 99065D   26086.69905984  .00000834  00000-0  30231-3 0  9995
2 25983  45.0276  90.1895 0007183  35.0659 325.0663 14.40825139376943
0 ORBCOMM FM 33
1 25983U 99065D   26086.69905985  .00000834  00000-0  30231-3 0  9996
2 25983  45.0276  90.1895 0007183  35.0659 325.0663 14.40825139376943
0 ORBCOMM FM 33
1 25983U 99065D   26087.66978196  .00000976  00000-0  34616-3 0  9996
2 25983  45.0278  85.5680 0007131  40.3069 319.8308 14.40828090377084
0 ORBCOMM FM 33
1 25983U 99065D   26087.66978197  .00000976  00000-0  34616-3 0  9997
2 25983  45.0278  85.5680 0007131  40.3069 319.8308 14.40828090377084
0 ORBCOMM FM 33
1 25983U 99065D   26087.94713083  .00001038  00000-0  36531-3 0  9997
2 25983  45.0278  84.2474 0007115  41.7874 318.3518 14.40829030377129
0 ORBCOMM FM 33
1 25983U 99065D   26088.98718706  .00001275  00000-0  43868-3 0  9993
2 25983  45.0281  79.2959 0007067  47.5062 312.6384 14.40832962377276
0 ORBCOMM FM 33
1 25983U 99065D   26089.26453542  .00001267  00000-0  43618-3 0  9993
2 25983  45.0282  77.9755 0007053  49.0634 311.0826 14.40833532377316
0 ORBCOMM FM 33
1 25983U 99065D   26089.33387241  .00001273  00000-0  43787-3 0  9997
2 25983  45.0281  77.6454 0007055  49.4582 310.6881 14.40833728377320
0 ORBCOMM FM 33
1 25983U 99065D   26089.33387241  .00001273  00000-0  43787-3 0  9997
2 25983  45.0281  77.6454 0007055  49.4582 310.6881 14.40833728377320
0 ORBCOMM FM 33
1 25983U 99065D   26089.68055682  .00001318  00000-0  45194-3 0  9990
2 25983  45.0282  75.9949 0007029  51.3786 308.7692 14.40834989377373
0 ORBCOMM FM 36
1 25984U 99065E   26060.71417961  .00001292  00000-0  46095-3 0  9998
2 25984  45.0395 309.7067 0002093 143.0212 217.0781 14.38958093371507
0 ORBCOMM FM 36
1 25984U 99065E   26060.92246196  .00001255  00000-0  44922-3 0  9997
2 25984  45.0395 308.7184 0002116 144.2908 215.8083 14.38958456371534
0 ORBCOMM FM 36
1 25984U 99065E   26060.92246196  .00001255  00000-0  44922-3 0  9997
2 25984  45.0395 308.7184 0002116 144.2908 215.8083 14.38958456371534
0 ORBCOMM FM 36
1 25984U 99065E   26061.40845354  .00001383  00000-0  49018-3 0  9995
2 25984  45.0394 306.4122 0002144 147.2177 212.8806 14.38960468371606
0 ORBCOMM FM 36
1 25984U 99065E   26061.40845354  .00001383  00000-0  49018-3 0  9995
2 25984  45.0394 306.4122 0002144 147.2177 212.8806 14.38960468371606
0 ORBCOMM FM 36
1 25984U 99065E   26062.03329932  .00001313  00000-0  46755-3 0  9992
2 25984  45.0394 303.4471 0002205 150.9487 209.1485 14.38961792371695
0 ORBCOMM FM 36
1 25984U 99065E   26062.65814394  .00001467  00000-0  51698-3 0  9993
2 25984  45.0393 300.4817 0002254 154.7007 205.3953 14.38964421371789
0 ORBCOMM FM 36
1 25984U 99065E   26062.65814394  .00001467  00000-0  51698-3 0  9993
2 25984  45.0393 300.4817 0002254 154.7007 205.3953 14.38964421371789
0 ORBCOMM FM 36
1 25984U 99065E   26062.93585264  .00001508  00000-0  53015-3 0  9996
2 25984  45.0392 299.1639 0002286 156.2139 203.8816 14.38965389371822
0 ORBCOMM FM 36
1 25984U 99065E   26063.07470679  .00001518  00000-0  53337-3 0  9993
2 25984  45.0392 298.5050 0002298 156.9355 203.1597 14.38965862371849
0 ORBCOMM FM 36
1 25984U 99065E   26063.63012292  .00001502  00000-0  52825-3 0  9992
2 25984  45.0391 295.8691 0002346 160.1819 199.9122 14.38967482371920
0 ORBCOMM FM 36
1 25984U 99065E   26063.63012292  .00001502  00000-0  52825-3 0  9992
2 25984  45.0391 295.8691 0002346 160.1819 199.9122 14.38967482371920
0 ORBCOMM FM 36
1 25984U 99065E   26063.97725787  .00001380  00000-0  48926-3 0  9990
2 25984  45.0390 294.2219 0002380 162.0795 198.0139 14.38967858371970
0 ORBCOMM FM 36
1 25984U 99065E   26063.97725787  .00001380  00000-0  48926-3 0  9990
2 25984  45.0390 294.2219 0002380 162.0795 198.0139 14.38967858371970
0 ORBCOMM FM 36
1 25984U 99065E   26064.60209999  .00001488  00000-0  52376-3 0  9996
2 25984  45.0390 291.2566 0002444 165.3295 194.7625 14.38970306372060
0 ORBCOMM FM 36
1 25984U 99065E   26064.60209999  .00001488  00000-0  52376-3 0  9996
2 25984  45.0390 291.2566 0002444 165.3295 194.7625 14.38970306372060
0 ORBCOMM FM 36
1 25984U 99065E   26065.29636787  .00001499  00000-0  52728-3 0  9994
2 25984  45.0388 287.9620 0002514 168.8509 191.2397 14.38972517372169
0 ORBCOMM FM 36
1 25984U 99065E   26065.57407447  .00001519  00000-0  53370-3 0  9991
2 25984  45.0388 286.6440 0002533 170.5563 189.5334 14.38973539372207
0 ORBCOMM FM 36
1 25984U 99065E   26065.78235462  .00001499  00000-0  52725-3 0  9990
2 25984  45.0389 285.6557 0002576 171.3050 188.7844 14.38974069372232
0 ORBCOMM FM 36
1 25984U 99065E   26065.99063500  .00001284  00000-0  45843-3 0  9990
2 25984  45.0390 284.6673 0002602 172.2692 187.8198 14.38973450372262
0 ORBCOMM FM 36
1 25984U 99065E   26065.99063501  .00001284  00000-0  45843-3 0  9991
2 25984  45.0390 284.6673 0002602 172.2692 187.8198 14.38973450372262
0 ORBCOMM FM 36
1 25984U 99065E   26066.33776767  .00001561  00000-0  54726-3 0  9993
2 25984  45.0389 283.0200 0002622 174.2115 185.8765 14.38976086372315
0 ORBCOMM FM 36
1 25984U 99065E   26066.54604751  .00001512  00000-0  53139-3 0  9992
2 25984  45.0389 282.0315 0002641 175.3679 184.7195 14.38976415372343
0 ORBCOMM FM 36
1 25984U 99065E   26066.75432697  .00001528  00000-0  53664-3 0  9993
2 25984  45.0389 281.0431 0002655 176.5121 183.5748 14.38977192372378
0 ORBCOMM FM 36
1 25984U 99065E   26066.75432697  .00001528  00000-0  53664-3 0  9993
2 25984  45.0389 281.0431 0002655 176.5121 183.5747 14.38977192372377
0 ORBCOMM FM 36
1 25984U 99065E   26067.58744414  .00001507  00000-0  52990-3 0  9996
2 25984  45.0388 277.0893 0002742 180.9535 179.1310 14.38979703372498
0 ORBCOMM FM 36
1 25984U 99065E   26068.00400191  .00001447  00000-0  51057-3 0  9991
2 25984  45.0386 275.1124 0002793 182.7733 177.3101 14.38980803372556
0 ORBCOMM FM 36
1 25984U 99065E   26069.94793487  .00001303  00000-0  46412-3 0  9998
2 25984  45.0385 265.8870 0002972 191.7208 168.3572 14.38986126372832
0 ORBCOMM FM 36
1 25984U 99065E   26070.01736088  .00001298  00000-0  46248-3 0  9992
2 25984  45.0383 265.5574 0002981 192.1712 167.9066 14.38986294372843
0 ORBCOMM FM 36
1 25984U 99065E   26070.01736089  .00001298  00000-0  46248-3 0  9993
2 25984  45.0383 265.5574 0002981 192.1712 167.9066 14.38986294372843
0 ORBCOMM FM 36
1 25984U 99065E   26070.50334288  .00001314  00000-0  46788-3 0  9990
2 25984  45.0383 263.2509 0003009 194.3759 165.7004 14.38987848372915
0 ORBCOMM FM 36
1 25984U 99065E   26070.85047290  .00001188  00000-0  42747-3 0  9992
2 25984  45.0383 261.6034 0003067 195.9051 164.1702 14.38988120372963
0 ORBCOMM FM 36
1 25984U 99065E   26070.91989884  .00001182  00000-0  42531-3 0  9998
2 25984  45.0382 261.2739 0003065 196.4269 163.6482 14.38988273372974
0 ORBCOMM FM 36
1 25984U 99065E   26070.98932473  .00001179  00000-0  42427-3 0  9997
2 25984  45.0382 260.9444 0003071 196.7533 163.3215 14.38988462372989
0 ORBCOMM FM 36
1 25984U 99065E   26070.98932475  .00001179  00000-0  42427-3 0  9999
2 25984  45.0382 260.9444 0003071 196.7533 163.3215 14.38988462372989
0 ORBCOMM FM 36
1 25984U 99065E   26071.54473167  .00001314  00000-0  46785-3 0  9992
2 25984  45.0382 258.3085 0003120 199.3866 160.6865 14.38990788373069
0 ORBCOMM FM 36
1 25984U 99065E   26071.54473167  .00001314  00000-0  46785-3 0  9992
2 25984  45.0382 258.3085 0003120 199.3866 160.6865 14.38990788373069
0 ORBCOMM FM 36
1 25984U 99065E   26071.82243490  .00001257  00000-0  44933-3 0  9996
2 25984  45.0383 256.9906 0003150 200.5655 159.5067 14.38991301373108
0 ORBCOMM FM 36
1 25984U 99065E   26071.82243491  .00001257  00000-0  44933-3 0  9997
2 25984  45.0383 256.9906 0003150 200.5655 159.5067 14.38991301373108
0 ORBCOMM FM 36
1 25984U 99065E   26072.51669248  .00001289  00000-0  45980-3 0  9994
2 25984  45.0382 253.6957 0003208 203.8155 156.2546 14.38993405373206
0 ORBCOMM FM 36
1 25984U 99065E   26072.65554387  .00001285  00000-0  45851-3 0  9999
2 25984  45.0383 253.0367 0003224 204.3849 155.6849 14.38993783373220
0 ORBCOMM FM 36
1 25984U 99065E   26073.48865157  .00001199  00000-0  43071-3 0  9997
2 25984  45.0382 249.0828 0003297 208.0939 151.9733 14.38995580373348
0 ORBCOMM FM 36
1 25984U 99065E   26073.76635331  .00001279  00000-0  45640-3 0  9990
2 25984  45.0383 247.7649 0003323 209.2522 150.8142 14.38996934373386
0 ORBCOMM FM 36
1 25984U 99065E   26074.18290673  .00001101  00000-0  39936-3 0  9998
2 25984  45.0383 245.7880 0003358 211.0753 148.9898 14.38997042373440
0 ORBCOMM FM 36
1 25984U 99065E   26074.46060868  .00001087  00000-0  39472-3 0  9998
2 25984  45.0383 244.4700 0003386 212.3254 147.7388 14.38997674373484
0 ORBCOMM FM 36
1 25984U 99065E   26074.73831060  .00000985  00000-0  36221-3 0  9993
2 25984  45.0382 243.1521 0003413 213.3898 146.6737 14.38997848373520
0 ORBCOMM FM 36
1 25984U 99065E   26075.15486291  .00001081  00000-0  39284-3 0  9992
2 25984  45.0382 241.1752 0003444 215.2125 144.8497 14.38999513373582
0 ORBCOMM FM 36
1 25984U 99065E   26075.84911660  .00000966  00000-0  35583-3 0  9990
2 25984  45.0382 237.8804 0003510 218.1294 141.9307 14.39000645373684
0 ORBCOMM FM 36
1 25984U 99065E   26076.12681782  .00000943  00000-0  34847-3 0  9998
2 25984  45.0382 236.5625 0003533 219.4071 140.6521 14.39001228373720
0 ORBCOMM FM 36
1 25984U 99065E   26076.12681782  .00000943  00000-0  34847-3 0  9998
2 25984  45.0382 236.5625 0003533 219.4071 140.6521 14.39001228373720
0 ORBCOMM FM 36
1 25984U 99065E   26076.47394449  .00000956  00000-0  35276-3 0  9998
2 25984  45.0382 234.9150 0003565 220.8726 139.1856 14.39002038373772
0 ORBCOMM FM 36
1 25984U 99065E   26077.44589756  .00001010  00000-0  37016-3 0  9999
2 25984  45.0382 230.3023 0003643 225.0157 135.0397 14.39004591373910
0 ORBCOMM FM 36
1 25984U 99065E   26077.44589756  .00001010  00000-0  37016-3 0  9999
2 25984  45.0382 230.3023 0003643 225.0157 135.0397 14.39004591373910
0 ORBCOMM FM 36
1 25984U 99065E   26077.72359833  .00000967  00000-0  35637-3 0  9998
2 25984  45.0382 228.9844 0003660 226.1121 133.9426 14.39004952373951
0 ORBCOMM FM 36
1 25984U 99065E   26077.72359834  .00000967  00000-0  35637-3 0  9999
2 25984  45.0382 228.9844 0003660 226.1121 133.9426 14.39004952373951
0 ORBCOMM FM 36
1 25984U 99065E   26078.14014920  .00000917  00000-0  34034-3 0  9995
2 25984  45.0381 227.0075 0003693 228.0275 132.0259 14.39005585374018
0 ORBCOMM FM 36
1 25984U 99065E   26078.69555034  .00000868  00000-0  32450-3 0  9996
2 25984  45.0381 224.3716 0003733 230.2730 129.7790 14.39006359374097
0 ORBCOMM FM 36
1 25984U 99065E   26078.69555035  .00000868  00000-0  32450-3 0  9997
2 25984  45.0381 224.3716 0003733 230.2730 129.7790 14.39006359374097
0 ORBCOMM FM 36
1 25984U 99065E   26079.38980130  .00000891  00000-0  33167-3 0  9994
2 25984  45.0381 221.0767 0003785 233.1797 126.8705 14.39007702374197
0 ORBCOMM FM 36
1 25984U 99065E   26079.66750123  .00000945  00000-0  34902-3 0  9990
2 25984  45.0381 219.7588 0003787 234.2926 125.7571 14.39008587374236
0 ORBCOMM FM 36
1 25984U 99065E   26079.66750123  .00000945  00000-0  34902-3 0  9990
2 25984  45.0381 219.7588 0003787 234.2926 125.7571 14.39008587374236
0 ORBCOMM FM 36
1 25984U 99065E   26080.08405135  .00000863  00000-0  32294-3 0  9999
2 25984  45.0381 217.7819 0003826 235.9300 124.1187 14.39008884374291
0 ORBCOMM FM 36
1 25984U 99065E   26080.63945008  .00001002  00000-0  36754-3 0  9999
2 25984  45.0382 215.1460 0003868 238.2491 121.7982 14.39010912374379
0 ORBCOMM FM 36
1 25984U 99065E   26081.75024667  .00001056  00000-0  38482-3 0  9991
2 25984  45.0383 209.8743 0003919 242.7425 117.3025 14.39013681374531
0 ORBCOMM FM 36
1 25984U 99065E   26082.02794496  .00001165  00000-0  41977-3 0  9990
2 25984  45.0383 208.5563 0003920 243.8657 116.1789 14.39015079374579
0 ORBCOMM FM 36
1 25984U 99065E   26082.72219141  .00001083  00000-0  39321-3 0  9995
2 25984  45.0384 205.2615 0003973 246.7001 113.3430 14.39016274374676
0 ORBCOMM FM 36
1 25984U 99065E   26083.06931404  .00001104  00000-0  39996-3 0  9998
2 25984  45.0384 203.6140 0003995 248.1627 111.8798 14.39017312374725
0 ORBCOMM FM 36
1 25984U 99065E   26083.76355887  .00001065  00000-0  38771-3 0  9996
2 25984  45.0382 200.3190 0004029 250.8893 109.1520 14.39018931374828
0 ORBCOMM FM 36
1 25984U 99065E   26084.04125661  .00001084  00000-0  39357-3 0  9995
2 25984  45.0383 199.0010 0004043 252.0447 107.9961 14.39019769374868
0 ORBCOMM FM 36
1 25984U 99065E   26084.66607557  .00001090  00000-0  39569-3 0  9994
2 25984  45.0382 196.0356 0004066 254.5025 105.5376 14.39021627374951
0 ORBCOMM FM 36
1 25984U 99065E   26084.66607557  .00001090  00000-0  39569-3 0  9994
2 25984  45.0382 196.0356 0004066 254.5025 105.5375 14.39021627374950
0 ORBCOMM FM 36
1 25984U 99065E   26085.29089414  .00001083  00000-0  39325-3 0  9992
2 25984  45.0382 193.0702 0004098 257.0760 102.9632 14.39023328375049
0 ORBCOMM FM 36
1 25984U 99065E   26085.36031830  .00001082  00000-0  39286-3 0  9994
2 25984  45.0382 192.7407 0004098 257.3156 102.7235 14.39023547375050
0 ORBCOMM FM 36
1 25984U 99065E   26085.63801486  .00001057  00000-0  38496-3 0  9990
2 25984  45.0382 191.4229 0004104 258.4190 101.6199 14.39024323375090
0 ORBCOMM FM 36
1 25984U 99065E   26085.63801487  .00001057  00000-0  38496-3 0  9991
2 25984  45.0382 191.4229 0004104 258.4190 101.6199 14.39024323375090
0 ORBCOMM FM 36
1 25984U 99065E   26086.26283191  .00001087  00000-0  39442-3 0  9992
2 25984  45.0382 188.4575 0004137 261.0047  99.0334 14.39026340375189
0 ORBCOMM FM 36
1 25984U 99065E   26086.54052772  .00001071  00000-0  38957-3 0  9995
2 25984  45.0382 187.1396 0004140 262.0918  97.9462 14.39027238375229
0 ORBCOMM FM 36
1 25984U 99065E   26086.54052773  .00001071  00000-0  38957-3 0  9996
2 25984  45.0382 187.1396 0004140 262.0918  97.9462 14.39027239375220
0 ORBCOMM FM 36
1 25984U 99065E   26087.23476743  .00001211  00000-0  43428-3 0  9995
2 25984  45.0380 183.8447 0004180 264.8920  95.1452 14.39030031375329
0 ORBCOMM FM 36
1 25984U 99065E   26087.30419133  .00001229  00000-0  44009-3 0  9998
2 25984  45.0382 183.5152 0004182 265.1223  94.9149 14.39030359375337
0 ORBCOMM FM 36
1 25984U 99065E   26087.51246310  .00001185  00000-0  42585-3 0  9994
2 25984  45.0382 182.5267 0004183 265.9299  94.1072 14.39030721375368
0 ORBCOMM FM 36
1 25984U 99065E   26087.51246311  .00001185  00000-0  42585-3 0  9995
2 25984  45.0382 182.5267 0004183 265.9299  94.1072 14.39030721375368
0 ORBCOMM FM 36
1 25984U 99065E   26087.65131093  .00001180  00000-0  42425-3 0  9998
2 25984  45.0383 181.8679 0004188 266.5153  93.5217 14.39031092375387
0 ORBCOMM FM 36
1 25984U 99065E   26087.65131093  .00001180  00000-0  42425-3 0  9998
2 25984  45.0383 181.8679 0004188 266.5153  93.5217 14.39031092375387
0 ORBCOMM FM 36
1 25984U 99065E   26088.20670109  .00001451  00000-0  51110-3 0  9998
2 25984  45.0382 179.2319 0004204 268.9357  91.1010 14.39034277375461
0 ORBCOMM FM 36
1 25984U 99065E   26088.97036242  .00001416  00000-0  50006-3 0  9990
2 25984  45.0384 175.6077 0004230 272.0082  88.0282 14.39036254375579
0 ORBCOMM FM 36
1 25984U 99065E   26089.24805730  .00001410  00000-0  49820-3 0  9993
2 25984  45.0383 174.2896 0004238 273.1094  86.9270 14.39036945375611
0 ORBCOMM FM 36
1 25984U 99065E   26089.52575155  .00001442  00000-0  50816-3 0  9991
2 25984  45.0383 172.9717 0004240 274.2346  85.8019 14.39038008375658
0 ORBCOMM FM 36
1 25984U 99065E   26089.59517510  .00001450  00000-0  51071-3 0  9992
2 25984  45.0382 172.6422 0004237 274.4939  85.5426 14.39038266375669
0 ORBCOMM FM 36
1 25984U 99065E   26089.94229266  .00001473  00000-0  51829-3 0  9995
2 25984  45.0382 170.9948 0004248 275.9180  84.1185 14.39039518375713
0 ORBCOMM FM 35
1 25985U 99065F   26060.12117554  .00001037  00000-0  38762-3 0  9998
2 25985  45.0403 319.6707 0003466 260.9056  99.1401 14.37849564371755
0 ORBCOMM FM 35
1 25985U 99065F   26060.12117554  .00001037  00000-0  38762-3 0  9998
2 25985  45.0403 319.6707 0003466 260.9056  99.1401 14.37849564371755
0 ORBCOMM FM 35
1 25985U 99065F   26060.74650426  .00001101  00000-0  40853-3 0  9992
2 25985  45.0402 316.7085 0003472 263.1247  96.9206 14.37851460371841
0 ORBCOMM FM 35
1 25985U 99065F   26060.74650426  .00001101  00000-0  40853-3 0  9992
2 25985  45.0402 316.7085 0003472 263.1247  96.9206 14.37851460371841
0 ORBCOMM FM 35
1 25985U 99065F   26061.02442793  .00001087  00000-0  40388-3 0  9996
2 25985  45.0402 315.3921 0003461 263.9777  96.0678 14.37852080371886
0 ORBCOMM FM 35
1 25985U 99065F   26061.37183219  .00001219  00000-0  44719-3 0  9998
2 25985  45.0402 313.7465 0003457 265.2643  94.7810 14.37853691371931
0 ORBCOMM FM 35
1 25985U 99065F   26061.37183220  .00001219  00000-0  44719-3 0  9990
2 25985  45.0402 313.7465 0003457 265.2644  94.7810 14.37853691371932
0 ORBCOMM FM 35
1 25985U 99065F   26061.71923656  .00001187  00000-0  43676-3 0  9998
2 25985  45.0401 312.1009 0003443 266.3265  93.7190 14.37854332371982
0 ORBCOMM FM 35
1 25985U 99065F   26061.71923657  .00001187  00000-0  43676-3 0  9999
2 25985  45.0401 312.1009 0003443 266.3266  93.7190 14.37854332371983
0 ORBCOMM FM 35
1 25985U 99065F   26061.99715977  .00001163  00000-0  42873-3 0  9995
2 25985  45.0401 310.7845 0003436 267.2899  92.7557 14.37854906372028
0 ORBCOMM FM 35
1 25985U 99065F   26062.62248638  .00001293  00000-0  47139-3 0  9995
2 25985  45.0400 307.8224 0003439 269.6007  90.4447 14.37857198372114
0 ORBCOMM FM 35
1 25985U 99065F   26062.62248638  .00001293  00000-0  47139-3 0  9995
2 25985  45.0400 307.8224 0003439 269.6007  90.4447 14.37857198372114
0 ORBCOMM FM 35
1 25985U 99065F   26063.03937027  .00001372  00000-0  49732-3 0  9997
2 25985  45.0399 305.8477 0003430 271.0739  88.9717 14.37858752372174
0 ORBCOMM FM 35
1 25985U 99065F   26063.03937027  .00001372  00000-0  49732-3 0  9997
2 25985  45.0399 305.8477 0003430 271.0739  88.9717 14.37858752372174
0 ORBCOMM FM 35
1 25985U 99065F   26064.01209734  .00001304  00000-0  47510-3 0  9990
2 25985  45.0398 301.2400 0003412 274.3284  85.7175 14.37861332372317
0 ORBCOMM FM 35
1 25985U 99065F   26064.01209735  .00001304  00000-0  47510-3 0  9991
2 25985  45.0398 301.2400 0003412 274.3284  85.7175 14.37861332372317
0 ORBCOMM FM 35
1 25985U 99065F   26064.35949948  .00001417  00000-0  51214-3 0  9996
2 25985  45.0398 299.5944 0003405 275.6516  84.3944 14.37862988372365
0 ORBCOMM FM 35
1 25985U 99065F   26064.35949949  .00001417  00000-0  51214-3 0  9997
2 25985  45.0398 299.5944 0003405 275.6516  84.3944 14.37862988372365
0 ORBCOMM FM 35
1 25985U 99065F   26064.91534262  .00001215  00000-0  44582-3 0  9993
2 25985  45.0397 296.9614 0003392 277.5099  82.5365 14.37863536372447
0 ORBCOMM FM 35
1 25985U 99065F   26064.98482294  .00001213  00000-0  44523-3 0  9990
2 25985  45.0396 296.6323 0003397 277.7841  82.2622 14.37863726372457
0 ORBCOMM FM 35
1 25985U 99065F   26065.33222425  .00001402  00000-0  50724-3 0  9998
2 25985  45.0396 294.9866 0003392 279.0511  80.9954 14.37865835372506
0 ORBCOMM FM 35
1 25985U 99065F   26066.02702659  .00001200  00000-0  44088-3 0  9999
2 25985  45.0395 291.6953 0003366 281.3634  78.6837 14.37866838372608
0 ORBCOMM FM 35
1 25985U 99065F   26066.30494706  .00001425  00000-0  51475-3 0  9998
2 25985  45.0394 290.3788 0003375 282.5289  77.5182 14.37868904372649
0 ORBCOMM FM 35
1 25985U 99065F   26066.30494706  .00001425  00000-0  51475-3 0  9998
2 25985  45.0394 290.3788 0003375 282.5289  77.5182 14.37868904372649
0 ORBCOMM FM 35
1 25985U 99065F   26066.93026791  .00001391  00000-0  50363-3 0  9999
2 25985  45.0393 287.4167 0003349 284.6093  75.4384 14.37870598372736
0 ORBCOMM FM 35
1 25985U 99065F   26066.93026791  .00001391  00000-0  50363-3 0  9999
2 25985  45.0393 287.4167 0003349 284.6093  75.4384 14.37870599372737
0 ORBCOMM FM 35
1 25985U 99065F   26067.55558923  .00001248  00000-0  45674-3 0  9995
2 25985  45.0392 284.4544 0003328 286.7357  73.3126 14.37871294372829
0 ORBCOMM FM 35
1 25985U 99065F   26067.55558923  .00001248  00000-0  45674-3 0  9995
2 25985  45.0392 284.4545 0003328 286.7357  73.3126 14.37871294372820
0 ORBCOMM FM 35
1 25985U 99065F   26067.97246940  .00001142  00000-0  42188-3 0  9994
2 25985  45.0392 282.4798 0003294 287.9893  72.0596 14.37871819372884
0 ORBCOMM FM 35
1 25985U 99065F   26069.57050737  .00001076  00000-0  40023-3 0  9991
2 25985  45.0388 274.9096 0003220 293.1537  66.8972 14.37875345373113
0 ORBCOMM FM 35
1 25985U 99065F   26069.91790638  .00001025  00000-0  38335-3 0  9997
2 25985  45.0388 273.2639 0003205 294.4211  65.6303 14.37875915373167
0 ORBCOMM FM 35
1 25985U 99065F   26069.98738641  .00001004  00000-0  37651-3 0  9997
2 25985  45.0388 272.9347 0003208 294.7845  65.2669 14.37875890373172
0 ORBCOMM FM 35
1 25985U 99065F   26070.26530545  .00001008  00000-0  37779-3 0  9998
2 25985  45.0388 271.6182 0003212 295.9250  64.1268 14.37876569373215
0 ORBCOMM FM 35
1 25985U 99065F   26070.54322439  .00001021  00000-0  38224-3 0  9991
2 25985  45.0388 270.3015 0003202 296.8522  63.1999 14.37877271373252
0 ORBCOMM FM 35
1 25985U 99065F   26070.82114312  .00000953  00000-0  35986-3 0  9996
2 25985  45.0389 268.9850 0003185 297.6771  62.3754 14.37877602373290
0 ORBCOMM FM 35
1 25985U 99065F   26070.89062280  .00000952  00000-0  35930-3 0  9997
2 25985  45.0389 268.6559 0003180 297.9699  62.0828 14.37877756373301
0 ORBCOMM FM 35
1 25985U 99065F   26070.96010244  .00000956  00000-0  36089-3 0  9998
2 25985  45.0389 268.3267 0003175 298.2875  61.7653 14.37877959373316
0 ORBCOMM FM 35
1 25985U 99065F   26070.96010244  .00000956  00000-0  36089-3 0  9998
2 25985  45.0389 268.3267 0003175 298.2875  61.7653 14.37877959373316
0 ORBCOMM FM 35
1 25985U 99065F   26071.58541898  .00001086  00000-0  40335-3 0  9995
2 25985  45.0389 265.3642 0003150 300.2900  59.7637 14.37880138373408
0 ORBCOMM FM 35
1 25985U 99065F   26071.58541898  .00001086  00000-0  40335-3 0  9995
2 25985  45.0389 265.3642 0003150 300.2900  59.7637 14.37880138373408
0 ORBCOMM FM 35
1 25985U 99065F   26071.86333710  .00001061  00000-0  39524-3 0  9999
2 25985  45.0389 264.0478 0003127 301.2382  58.8160 14.37880736373449
0 ORBCOMM FM 35
1 25985U 99065F   26071.86333710  .00001061  00000-0  39524-3 0  9999
2 25985  45.0389 264.0478 0003127 301.2382  58.8160 14.37880736373449
0 ORBCOMM FM 35
1 25985U 99065F   26072.55813161  .00001146  00000-0  42312-3 0  9992
2 25985  45.0389 260.7562 0003100 303.6049  56.4504 14.37883030373540
0 ORBCOMM FM 35
1 25985U 99065F   26073.87823885  .00001119  00000-0  41423-3 0  9994
2 25985  45.0387 254.5022 0003026 308.2193  51.8383 14.37886413373731
0 ORBCOMM FM 35
1 25985U 99065F   26074.22563511  .00001033  00000-0  38604-3 0  9993
2 25985  45.0388 252.8565 0003007 309.3083  50.7499 14.37886859373789
0 ORBCOMM FM 35
1 25985U 99065F   26074.50355212  .00000949  00000-0  35839-3 0  9993
2 25985  45.0387 251.5398 0002994 310.4076  49.6512 14.37887068373828
0 ORBCOMM FM 35
1 25985U 99065F   26074.78146879  .00000951  00000-0  35901-3 0  9993
2 25985  45.0388 250.2233 0002998 311.9260  48.1333 14.37887823373866
0 ORBCOMM FM 35
1 25985U 99065F   26075.75417593  .00000988  00000-0  37126-3 0  9996
2 25985  45.0387 245.6152 0002931 314.7566  45.3044 14.37890630374005
0 ORBCOMM FM 35
1 25985U 99065F   26076.17105032  .00000966  00000-0  36402-3 0  9997
2 25985  45.0387 243.6404 0002910 316.2780  43.7838 14.37891516374068
0 ORBCOMM FM 35
1 25985U 99065F   26076.17105033  .00000966  00000-0  36402-3 0  9998
2 25985  45.0387 243.6404 0002910 316.2780  43.7838 14.37891516374068
0 ORBCOMM FM 35
1 25985U 99065F   26076.44896629  .00000954  00000-0  35999-3 0  9993
2 25985  45.0386 242.3236 0002893 317.1736  42.8887 14.37892131374100
0 ORBCOMM FM 35
1 25985U 99065F   26076.72688211  .00000953  00000-0  35978-3 0  9996
2 25985  45.0386 241.0071 0002873 318.1525  41.9104 14.37892836374146
0 ORBCOMM FM 35
1 25985U 99065F   26077.14375574  .00000981  00000-0  36897-3 0  9990
2 25985  45.0386 239.0323 0002851 319.7140  40.3497 14.37893995374201
0 ORBCOMM FM 35
1 25985U 99065F   26077.42167129  .00000978  00000-0  36779-3 0  9991
2 25985  45.0386 237.7156 0002834 320.6715  39.3928 14.37894629374246
0 ORBCOMM FM 35
1 25985U 99065F   26077.42167129  .00000978  00000-0  36779-3 0  9991
2 25985  45.0386 237.7156 0002834 320.6715  39.3928 14.37894629374246
0 ORBCOMM FM 35
1 25985U 99065F   26077.69958677  .00000939  00000-0  35518-3 0  9993
2 25985  45.0387 236.3990 0002813 321.6199  38.4449 14.37895086374282
0 ORBCOMM FM 35
1 25985U 99065F   26077.69958677  .00000939  00000-0  35518-3 0  9993
2 25985  45.0387 236.3990 0002813 321.6199  38.4449 14.37895086374282
0 ORBCOMM FM 35
1 25985U 99065F   26078.46385414  .00000907  00000-0  34443-3 0  9993
2 25985  45.0386 232.7783 0002764 324.3862  35.6802 14.37896521374392
0 ORBCOMM FM 35
1 25985U 99065F   26079.36707846  .00000865  00000-0  33088-3 0  9997
2 25985  45.0386 228.4994 0002707 327.7069  32.3614 14.37898000374525
0 ORBCOMM FM 35
1 25985U 99065F   26079.36707847  .00000865  00000-0  33088-3 0  9998
2 25985  45.0386 228.4994 0002707 327.7069  32.3614 14.37898000374525
0 ORBCOMM FM 35
1 25985U 99065F   26079.71447141  .00000960  00000-0  36192-3 0  9990
2 25985  45.0387 226.8537 0002683 329.0880  30.9810 14.37899383374572
0 ORBCOMM FM 35
1 25985U 99065F   26079.71447142  .00000960  00000-0  36192-3 0  9991
2 25985  45.0387 226.8537 0002683 329.0880  30.9810 14.37899383374572
0 ORBCOMM FM 35
1 25985U 99065F   26080.13134359  .00000895  00000-0  34065-3 0  9996
2 25985  45.0387 224.8789 0002652 330.6091  29.4608 14.37899798374632
0 ORBCOMM FM 35
1 25985U 99065F   26080.47873593  .00001037  00000-0  38719-3 0  9992
2 25985  45.0387 223.2331 0002635 331.8048  28.2657 14.37901459374688
0 ORBCOMM FM 35
1 25985U 99065F   26080.68717170  .00001025  00000-0  38320-3 0  9998
2 25985  45.0386 222.2456 0002621 332.6946  27.3765 14.37901802374711
0 ORBCOMM FM 35
1 25985U 99065F   26081.45143547  .00001043  00000-0  38912-3 0  9992
2 25985  45.0387 218.6250 0002568 335.3798  24.6928 14.37903483374828
0 ORBCOMM FM 35
1 25985U 99065F   26082.07674066  .00001131  00000-0  41787-3 0  9998
2 25985  45.0387 215.6627 0002526 337.9340  22.1399 14.37905559374919
0 ORBCOMM FM 35
1 25985U 99065F   26082.42413262  .00001077  00000-0  40024-3 0  9998
2 25985  45.0388 214.0169 0002498 339.2116  20.8630 14.37906035374966
0 ORBCOMM FM 35
1 25985U 99065F   26082.77152409  .00001015  00000-0  37991-3 0  9990
2 25985  45.0386 212.3712 0002465 340.3797  19.6957 14.37906556375014
0 ORBCOMM FM 35
1 25985U 99065F   26083.04943689  .00001035  00000-0  38661-3 0  9996
2 25985  45.0387 211.0546 0002449 341.5687  18.5073 14.37907451375055
0 ORBCOMM FM 35
1 25985U 99065F   26083.74421882  .00000980  00000-0  36831-3 0  9994
2 25985  45.0387 207.7631 0002390 344.2253  15.8521 14.37908939375157
0 ORBCOMM FM 35
1 25985U 99065F   26084.71691200  .00000976  00000-0  36693-3 0  9996
2 25985  45.0388 203.1550 0002318 348.2022  11.8772 14.37911485375295
0 ORBCOMM FM 35
1 25985U 99065F   26084.71691201  .00000976  00000-0  36693-3 0  9997
2 25985  45.0388 203.1550 0002318 348.2022  11.8772 14.37911485375295
0 ORBCOMM FM 35
1 25985U 99065F   26085.27273606  .00000984  00000-0  36982-3 0  9994
2 25985  45.0388 200.5218 0002280 350.3098   9.7706 14.37912938375378
0 ORBCOMM FM 35
1 25985U 99065F   26085.27273606  .00000984  00000-0  36982-3 0  9994
2 25985  45.0388 200.5218 0002280 350.3098   9.7706 14.37912938375378
0 ORBCOMM FM 35
1 25985U 99065F   26085.68960350  .00000943  00000-0  35629-3 0  9990
2 25985  45.0389 198.5471 0002247 352.1656   7.9158 14.37913892375437
0 ORBCOMM FM 35
1 25985U 99065F   26085.68960350  .00000943  00000-0  35629-3 0  9990
2 25985  45.0389 198.5471 0002247 352.1656   7.9158 14.37913892375437
0 ORBCOMM FM 35
1 25985U 99065F   26086.31490440  .00000965  00000-0  36330-3 0  9993
2 25985  45.0390 195.5847 0002201 354.6862   5.3963 14.37915600375524
0 ORBCOMM FM 35
1 25985U 99065F   26086.59281554  .00000925  00000-0  35017-3 0  9994
2 25985  45.0390 194.2683 0002181 355.8890   4.1940 14.37916159375565
0 ORBCOMM FM 35
1 25985U 99065F   26086.73177112  .00000914  00000-0  34675-3 0  9991
2 25985  45.0390 193.6101 0002171 356.5231   3.5603 14.37916465375580
0 ORBCOMM FM 35
1 25985U 99065F   26086.73177113  .00000914  00000-0  34675-3 0  9992
2 25985  45.0390 193.6101 0002171 356.5231   3.5603 14.37916465375580
0 ORBCOMM FM 35
1 25985U 99065F   26087.00968213  .00000965  00000-0  36358-3 0  9998
2 25985  45.0390 192.2935 0002152 357.5501   2.5336 14.37917460375623
0 ORBCOMM FM 35
1 25985U 99065F   26087.00968214  .00000965  00000-0  36358-3 0  9999
2 25985  45.0390 192.2935 0002152 357.5502   2.5336 14.37917460375624
0 ORBCOMM FM 35
1 25985U 99065F   26087.35707061  .00001040  00000-0  38813-3 0  9991
2 25985  45.0389 190.6477 0002124 358.9596   1.1248 14.37918757375674
0 ORBCOMM FM 35
1 25985U 99065F   26087.56550361  .00001009  00000-0  37774-3 0  9993
2 25985  45.0388 189.6603 0002104 359.5947   0.4900 14.37919131375705
0 ORBCOMM FM 35
1 25985U 99065F   26087.70445896  .00001005  00000-0  37647-3 0  9990
2 25985  45.0388 189.0020 0002098   0.5616 359.5235 14.37919473375720
0 ORBCOMM FM 35
1 25985U 99065F   26087.70445896  .00001005  00000-0  37647-3 0  9990
2 25985  45.0388 189.0020 0002098   0.5616 359.5235 14.37919473375720
0 ORBCOMM FM 35
1 25985U 99065F   26088.95505418  .00001214  00000-0  44501-3 0  9994
2 25985  45.0389 183.0775 0002012   6.4444 353.6430 14.37924114375902
0 ORBCOMM FM 35
1 25985U 99065F   26089.23296413  .00001207  00000-0  44266-3 0  9998
2 25985  45.0389 181.7608 0001990   7.6673 352.4206 14.37924743375943
0 ORBCOMM FM 35
1 25985U 99065F   26089.51087336  .00001240  00000-0  45363-3 0  9997
2 25985  45.0387 180.4442 0001965   8.8472 351.2411 14.37925784375980
0 ORBCOMM FM 35
1 25985U 99065F   26089.51087336  .00001240  00000-0  45363-3 0  9997
2 25985  45.0387 180.4442 0001965   8.8472 351.2411 14.37925784375980
0 ORBCOMM FM 35
1 25985U 99065F   26089.64982809  .00001239  00000-0  45326-3 0  9997
2 25985  45.0387 179.7860 0001954   9.6385 350.4500 14.37926161376009
0 ORBCOMM FM 34
1 25986U 99065G   26060.09147785  .00000952  00000-0  36013-3 0  9996
2 25986  45.0399 320.3172 0002765 201.5651 158.5081 14.37764232371862
0 ORBCOMM FM 34
1 25986U 99065G   26060.09147785  .00000952  00000-0  36013-3 0  9996
2 25986  45.0399 320.3172 0002765 201.5651 158.5081 14.37764232371862
0 ORBCOMM FM 34
1 25986U 99065G   26061.06426883  .00000993  00000-0  37379-3 0  9994
2 25986  45.0397 315.7098 0002838 205.4222 154.6488 14.37766617372007
0 ORBCOMM FM 34
1 25986U 99065G   26061.06426884  .00000993  00000-0  37379-3 0  9995
2 25986  45.0397 315.7098 0002838 205.4222 154.6488 14.37766617372007
0 ORBCOMM FM 34
1 25986U 99065G   26062.10654293  .00001051  00000-0  39271-3 0  9997
2 25986  45.0397 310.7734 0002921 209.8892 150.1790 14.37769389372155
0 ORBCOMM FM 34
1 25986U 99065G   26062.17602791  .00001136  00000-0  42059-3 0  9992
2 25986  45.0397 310.4443 0002925 210.1900 149.8780 14.37769967372165
0 ORBCOMM FM 34
1 25986U 99065G   26062.66242161  .00001165  00000-0  43031-3 0  9990
2 25986  45.0396 308.1405 0002960 212.1928 147.8741 14.37771357372236
0 ORBCOMM FM 34
1 25986U 99065G   26062.80139135  .00001146  00000-0  42413-3 0  9994
2 25986  45.0395 307.4823 0002968 212.4678 147.5988 14.37771564372256
0 ORBCOMM FM 34
1 25986U 99065G   26062.94036100  .00001182  00000-0  43589-3 0  9992
2 25986  45.0395 306.8241 0002984 213.2241 146.8421 14.37772058372271
0 ORBCOMM FM 34
1 25986U 99065G   26063.00984580  .00001182  00000-0  43577-3 0  9991
2 25986  45.0395 306.4951 0002989 213.4571 146.6089 14.37772219372286
0 ORBCOMM FM 34
1 25986U 99065G   26063.00984580  .00001182  00000-0  43577-3 0  9991
2 25986  45.0395 306.4951 0002989 213.4571 146.6089 14.37772219372286
0 ORBCOMM FM 34
1 25986U 99065G   26063.98263178  .00001064  00000-0  39715-3 0  9999
2 25986  45.0394 301.8876 0003059 217.1151 142.9487 14.37773990372428
0 ORBCOMM FM 34
1 25986U 99065G   26063.98263178  .00001064  00000-0  39715-3 0  9999
2 25986  45.0394 301.8876 0003059 217.1151 142.9487 14.37773990372428
0 ORBCOMM FM 34
1 25986U 99065G   26064.60799334  .00001167  00000-0  43083-3 0  9994
2 25986  45.0393 298.9256 0003100 219.6786 140.3836 14.37776057372510
0 ORBCOMM FM 34
1 25986U 99065G   26064.67747795  .00001163  00000-0  42946-3 0  9998
2 25986  45.0393 298.5965 0003105 219.8981 140.1639 14.37776198372523
0 ORBCOMM FM 34
1 25986U 99065G   26064.67747795  .00001163  00000-0  42946-3 0  9998
2 25986  45.0393 298.5965 0003105 219.8981 140.1639 14.37776198372523
0 ORBCOMM FM 34
1 25986U 99065G   26065.16386994  .00001168  00000-0  43128-3 0  9991
2 25986  45.0392 296.2929 0003134 221.7347 138.3263 14.37777362372590
0 ORBCOMM FM 34
1 25986U 99065G   26065.58077672  .00001186  00000-0  43716-3 0  9990
2 25986  45.0392 294.3181 0003163 223.4318 136.6282 14.37778518372651
0 ORBCOMM FM 34
1 25986U 99065G   26065.78923027  .00001161  00000-0  42885-3 0  9995
2 25986  45.0391 293.3308 0003174 223.9821 136.0775 14.37778861372681
0 ORBCOMM FM 34
1 25986U 99065G   26065.99768387  .00000997  00000-0  37503-3 0  9991
2 25986  45.0391 292.3437 0003191 224.6763 135.3828 14.37778413372713
0 ORBCOMM FM 34
1 25986U 99065G   26065.99768387  .00000997  00000-0  37503-3 0  9991
2 25986  45.0391 292.3436 0003191 224.6763 135.3828 14.37778413372712
0 ORBCOMM FM 34
1 25986U 99065G   26066.62304317  .00001183  00000-0  43610-3 0  9995
2 25986  45.0390 289.3816 0003228 227.1573 132.9005 14.37780972372800
0 ORBCOMM FM 34
1 25986U 99065G   26066.97046459  .00001196  00000-0  44046-3 0  9991
2 25986  45.0389 287.7362 0003257 228.1268 131.9303 14.37781967372850
0 ORBCOMM FM 34
1 25986U 99065G   26066.97046460  .00001196  00000-0  44046-3 0  9993
2 25986  45.0389 287.7362 0003257 228.1268 131.9303 14.37781968372851
0 ORBCOMM FM 34
1 25986U 99065G   26067.03994885  .00001195  00000-0  43989-3 0  9998
2 25986  45.0389 287.4070 0003261 228.4425 131.6144 14.37782141372862
0 ORBCOMM FM 34
1 25986U 99065G   26067.31788580  .00001208  00000-0  44432-3 0  9991
2 25986  45.0389 286.0906 0003282 229.4950 130.5613 14.37782966372901
0 ORBCOMM FM 34
1 25986U 99065G   26067.31788580  .00001208  00000-0  44432-3 0  9991
2 25986  45.0389 286.0906 0003282 229.4950 130.5613 14.37782966372901
0 ORBCOMM FM 34
1 25986U 99065G   26068.56860142  .00001070  00000-0  39884-3 0  9996
2 25986  45.0386 280.1665 0003353 234.0499 126.0039 14.37785288373086
0 ORBCOMM FM 34
1 25986U 99065G   26068.56860143  .00001070  00000-0  39884-3 0  9997
2 25986  45.0386 280.1665 0003353 234.0499 126.0039 14.37785288373086
0 ORBCOMM FM 34
1 25986U 99065G   26068.91602185  .00001038  00000-0  38842-3 0  9993
2 25986  45.0386 278.5210 0003370 235.1804 124.8728 14.37786023373139
0 ORBCOMM FM 34
1 25986U 99065G   26068.98550592  .00001036  00000-0  38768-3 0  9999
2 25986  45.0385 278.1919 0003372 235.4336 124.6194 14.37786189373144
0 ORBCOMM FM 34
1 25986U 99065G   26068.98550592  .00001036  00000-0  38768-3 0  9999
2 25986  45.0385 278.1919 0003372 235.4336 124.6194 14.37786189373144
0 ORBCOMM FM 34
1 25986U 99065G   26069.61086225  .00001023  00000-0  38342-3 0  9991
2 25986  45.0385 275.2298 0003409 237.7672 122.2846 14.37787636373237
0 ORBCOMM FM 34
1 25986U 99065G   26069.61086225  .00001023  00000-0  38342-3 0  9991
2 25986  45.0385 275.2298 0003409 237.7672 122.2846 14.37787635373236
0 ORBCOMM FM 34
1 25986U 99065G   26070.23621797  .00000964  00000-0  36406-3 0  9992
2 25986  45.0384 272.2677 0003440 239.9485 120.1022 14.37788829373323
0 ORBCOMM FM 34
1 25986U 99065G   26070.51415373  .00000976  00000-0  36804-3 0  9999
2 25986  45.0383 270.9512 0003455 240.9829 119.0674 14.37789501373367
0 ORBCOMM FM 34
1 25986U 99065G   26070.72260549  .00000962  00000-0  36319-3 0  9991
2 25986  45.0383 269.9639 0003465 241.5991 118.4509 14.37789904373393
0 ORBCOMM FM 34
1 25986U 99065G   26070.72260549  .00000962  00000-0  36319-3 0  9991
2 25986  45.0383 269.9638 0003465 241.5991 118.4509 14.37789904373392
0 ORBCOMM FM 34
1 25986U 99065G   26071.27847660  .00000998  00000-0  37509-3 0  9998
2 25986  45.0384 267.3309 0003483 243.8844 116.1646 14.37791305373476
0 ORBCOMM FM 34
1 25986U 99065G   26071.55641197  .00001002  00000-0  37660-3 0  9991
2 25986  45.0383 266.0143 0003497 244.8004 115.2482 14.37791924373511
0 ORBCOMM FM 34
1 25986U 99065G   26071.55641197  .00001002  00000-0  37660-3 0  9991
2 25986  45.0383 266.0143 0003497 244.8004 115.2482 14.37791924373511
0 ORBCOMM FM 34
1 25986U 99065G   26071.97331447  .00000983  00000-0  37024-3 0  9992
2 25986  45.0382 264.0396 0003507 246.3361 113.7120 14.37792834373572
0 ORBCOMM FM 34
1 25986U 99065G   26072.52918440  .00001015  00000-0  38079-3 0  9996
2 25986  45.0381 261.4065 0003534 248.4533 111.5939 14.37794220373653
0 ORBCOMM FM 34
1 25986U 99065G   26072.87660317  .00000911  00000-0  34651-3 0  9997
2 25986  45.0382 259.7609 0003540 249.5170 110.5299 14.37794364373707
0 ORBCOMM FM 34
1 25986U 99065G   26073.22402131  .00000927  00000-0  35177-3 0  9996
2 25986  45.0382 258.1153 0003554 250.8091 109.2374 14.37795269373755
0 ORBCOMM FM 34
1 25986U 99065G   26073.84937344  .00000931  00000-0  35294-3 0  9998
2 25986  45.0381 255.1532 0003573 253.0418 107.0039 14.37796762373844
0 ORBCOMM FM 34
1 25986U 99065G   26074.19679124  .00000843  00000-0  32417-3 0  9992
2 25986  45.0381 253.5075 0003587 254.2523 105.7930 14.37797063373898
0 ORBCOMM FM 34
1 25986U 99065G   26074.54420904  .00000752  00000-0  29425-3 0  9995
2 25986  45.0381 251.8618 0003603 255.3899 104.6551 14.37797271373943
0 ORBCOMM FM 34
1 25986U 99065G   26074.75265957  .00000741  00000-0  29064-3 0  9990
2 25986  45.0381 250.8745 0003609 256.0808 103.9640 14.37797652373974
0 ORBCOMM FM 34
1 25986U 99065G   26075.16956031  .00000820  00000-0  31652-3 0  9990
2 25986  45.0380 248.8999 0003621 257.7336 102.3107 14.37798993374037
0 ORBCOMM FM 34
1 25986U 99065G   26075.86439471  .00000738  00000-0  28946-3 0  9991
2 25986  45.0380 245.6085 0003633 259.9563 100.0876 14.37799946374135
0 ORBCOMM FM 34
1 25986U 99065G   26076.14232848  .00000739  00000-0  28991-3 0  9993
2 25986  45.0379 244.2919 0003641 260.9537  99.0899 14.37800425374177
0 ORBCOMM FM 34
1 25986U 99065G   26076.14232849  .00000739  00000-0  28991-3 0  9994
2 25986  45.0379 244.2919 0003641 260.9537  99.0899 14.37800425374177
0 ORBCOMM FM 34
1 25986U 99065G   26076.42026201  .00000737  00000-0  28919-3 0  9996
2 25986  45.0378 242.9753 0003650 261.9542  98.0893 14.37800920374212
0 ORBCOMM FM 34
1 25986U 99065G   26076.76767872  .00000752  00000-0  29406-3 0  9998
2 25986  45.0378 241.3298 0003659 263.3121  96.7311 14.37801676374261
0 ORBCOMM FM 34
1 25986U 99065G   26076.76767872  .00000752  00000-0  29406-3 0  9998
2 25986  45.0378 241.3298 0003659 263.3121  96.7311 14.37801676374261
0 ORBCOMM FM 34
1 25986U 99065G   26077.46251188  .00000791  00000-0  30684-3 0  9997
2 25986  45.0376 238.0385 0003676 265.8891  94.1538 14.37803130374360
0 ORBCOMM FM 34
1 25986U 99065G   26077.46251188  .00000791  00000-0  30684-3 0  9997
2 25986  45.0376 238.0385 0003676 265.8891  94.1538 14.37803130374360
0 ORBCOMM FM 34
1 25986U 99065G   26077.74044491  .00000776  00000-0  30211-3 0  9994
2 25986  45.0376 236.7220 0003675 266.9075  93.1353 14.37803584374400
0 ORBCOMM FM 34
1 25986U 99065G   26077.74044491  .00000776  00000-0  30211-3 0  9994
2 25986  45.0376 236.7220 0003675 266.9075  93.1353 14.37803584374400
0 ORBCOMM FM 34
1 25986U 99065G   26078.15734468  .00000758  00000-0  29619-3 0  9990
2 25986  45.0376 234.7473 0003687 268.3614  91.6812 14.37804148374462
0 ORBCOMM FM 34
1 25986U 99065G   26078.43527756  .00000767  00000-0  29903-3 0  9997
2 25986  45.0376 233.4307 0003689 269.4310  90.6116 14.37804676374508
0 ORBCOMM FM 34
1 25986U 99065G   26079.40804244  .00000732  00000-0  28768-3 0  9995
2 25986  45.0375 228.8230 0003700 272.8857  87.1568 14.37806045374647
0 ORBCOMM FM 34
1 25986U 99065G   26079.40804245  .00000732  00000-0  28768-3 0  9996
2 25986  45.0375 228.8230 0003700 272.8857  87.1568 14.37806045374647
0 ORBCOMM FM 34
1 25986U 99065G   26079.68597465  .00000796  00000-0  30876-3 0  9992
2 25986  45.0376 227.5065 0003704 273.8210  86.2216 14.37806965374683
0 ORBCOMM FM 34
1 25986U 99065G   26079.68597466  .00000796  00000-0  30876-3 0  9993
2 25986  45.0376 227.5065 0003704 273.8210  86.2216 14.37806965374683
0 ORBCOMM FM 34
1 25986U 99065G   26080.45028820  .00000839  00000-0  32268-3 0  9998
2 25986  45.0375 223.8860 0003720 276.3131  83.7294 14.37808593374791
0 ORBCOMM FM 34
1 25986U 99065G   26080.79770353  .00000815  00000-0  31492-3 0  9992
2 25986  45.0377 222.2406 0003723 277.4932  82.5494 14.37809029374846
0 ORBCOMM FM 34
1 25986U 99065G   26081.77046516  .00000821  00000-0  31691-3 0  9996
2 25986  45.0378 217.6329 0003731 280.9669  79.0760 14.37810765374985
0 ORBCOMM FM 34
1 25986U 99065G   26082.81270785  .00000839  00000-0  32265-3 0  9996
2 25986  45.0378 212.6959 0003746 284.6268  75.4166 14.37812879375137
0 ORBCOMM FM 34
1 25986U 99065G   26083.09063902  .00000839  00000-0  32268-3 0  9991
2 25986  45.0380 211.3795 0003745 285.7367  74.3069 14.37813440375174
0 ORBCOMM FM 34
1 25986U 99065G   26083.71598401  .00000792  00000-0  30729-3 0  9995
2 25986  45.0381 208.4175 0003734 288.0532  71.9909 14.37814392375265
0 ORBCOMM FM 34
1 25986U 99065G   26084.61925881  .00000811  00000-0  31351-3 0  9995
2 25986  45.0382 204.1389 0003726 291.4666  68.5785 14.37816382375392
0 ORBCOMM FM 34
1 25986U 99065G   26084.68874146  .00000808  00000-0  31245-3 0  9997
2 25986  45.0383 203.8100 0003730 291.7309  68.3142 14.37816529375402
0 ORBCOMM FM 34
1 25986U 99065G   26084.68874146  .00000808  00000-0  31245-3 0  9997
2 25986  45.0383 203.8100 0003730 291.7309  68.3142 14.37816529375402
0 ORBCOMM FM 34
1 25986U 99065G   26085.31408492  .00000808  00000-0  31241-3 0  9991
2 25986  45.0383 200.8479 0003727 294.0395  66.0063 14.37817831375498
0 ORBCOMM FM 34
1 25986U 99065G   26085.31408493  .00000808  00000-0  31241-3 0  9992
2 25986  45.0383 200.8479 0003727 294.0395  66.0063 14.37817831375498
0 ORBCOMM FM 34
1 25986U 99065G   26086.28684013  .00000781  00000-0  30364-3 0  9998
2 25986  45.0384 196.2403 0003711 297.7006  62.3466 14.37819822375630
0 ORBCOMM FM 34
1 25986U 99065G   26086.56477004  .00000729  00000-0  28667-3 0  9994
2 25986  45.0384 194.9239 0003700 298.7477  61.3000 14.37820132375676
0 ORBCOMM FM 34
1 25986U 99065G   26086.56477004  .00000729  00000-0  28667-3 0  9994
2 25986  45.0384 194.9239 0003700 298.7477  61.3000 14.37820132375676
0 ORBCOMM FM 34
1 25986U 99065G   26086.98166452  .00000771  00000-0  30022-3 0  9997
2 25986  45.0384 192.9492 0003679 300.5674  59.4811 14.37821280375731
0 ORBCOMM FM 34
1 25986U 99065G   26087.25959399  .00000838  00000-0  32248-3 0  9994
2 25986  45.0383 191.6326 0003675 301.5836  58.4654 14.37822212375773
0 ORBCOMM FM 34
1 25986U 99065G   26087.53752344  .00000806  00000-0  31169-3 0  9992
2 25986  45.0384 190.3162 0003660 302.6582  57.3913 14.37822625375811
0 ORBCOMM FM 34
1 25986U 99065G   26087.53752344  .00000806  00000-0  31169-3 0  9992
2 25986  45.0384 190.3162 0003660 302.6582  57.3913 14.37822625375811
0 ORBCOMM FM 34
1 25986U 99065G   26088.23234618  .00000993  00000-0  37332-3 0  9994
2 25986  45.0383 187.0250 0003647 305.4305  54.6203 14.37825140375918
0 ORBCOMM FM 34
1 25986U 99065G   26089.20509739  .00000990  00000-0  37226-3 0  9990
2 25986  45.0383 182.4174 0003625 309.1569  50.8957 14.37827083376059
0 ORBCOMM FM 34
1 25986U 99065G   26089.20509739  .00000990  00000-0  37226-3 0  9990
2 25986  45.0383 182.4174 0003625 309.1569  50.8957 14.37827083376059
0 ORBCOMM FM 34
1 25986U 99065G   26089.55250782  .00001027  00000-0  38457-3 0  9998
2 25986  45.0384 180.7719 0003615 310.5234  49.5299 14.37828116376108
0 ORBCOMM FM 34
1 25986U 99065G   26089.55250782  .00001027  00000-0  38457-3 0  9998
2 25986  45.0384 180.7719 0003615 310.5234  49.5299 14.37828116376108
0 ORBCOMM FM 34
1 25986U 99065G   26089.96940028  .00001036  00000-0  38750-3 0  9998
2 25986  45.0384 178.7973 0003602 312.1561  47.8981 14.37829119376163
0 ORBCOMM FM 38
1 33060U 08031A   26060.09917012  .00002249  00000-0  30245-3 0  9991
2 33060  48.4384 169.6896 0003878  67.4401 292.6926 14.82685647952854
0 ORBCOMM FM 38
1 33060U 08031A   26060.30134229  .00002410  00000-0  32208-3 0  9997
2 33060  48.4383 168.7240 0003878  68.4629 291.6700 14.82687073952886
0 ORBCOMM FM 38
1 33060U 08031A   26060.50351413  .00002425  00000-0  32396-3 0  9999
2 33060  48.4384 167.7585 0003867  69.4167 290.7164 14.82688165952915
0 ORBCOMM FM 38
1 33060U 08031A   26060.70568571  .00002426  00000-0  32408-3 0  9991
2 33060  48.4384 166.7931 0003874  70.3855 289.7479 14.82689319952944
0 ORBCOMM FM 38
1 33060U 08031A   26060.70568571  .00002426  00000-0  32408-3 0  9991
2 33060  48.4384 166.7931 0003874  70.3855 289.7479 14.82689319952944
0 ORBCOMM FM 38
1 33060U 08031A   26061.58176127  .00002489  00000-0  33172-3 0  9998
2 33060  48.4385 162.6089 0003859  74.6050 285.5292 14.82694127953076
0 ORBCOMM FM 38
1 33060U 08031A   26061.64915159  .00002504  00000-0  33364-3 0  9992
2 33060  48.4385 162.2872 0003863  74.9274 285.2070 14.82694536953084
0 ORBCOMM FM 38
1 33060U 08031A   26061.64915159  .00002504  00000-0  33364-3 0  9992
2 33060  48.4385 162.2872 0003863  74.9274 285.2070 14.82694536953084
0 ORBCOMM FM 38
1 33060U 08031A   26062.45783405  .00002615  00000-0  34718-3 0  9996
2 33060  48.4387 158.4250 0003831  78.7271 281.4076 14.82699136953206
0 ORBCOMM FM 38
1 33060U 08031A   26062.59261406  .00002739  00000-0  36237-3 0  9998
2 33060  48.4388 157.7814 0003832  79.1391 280.9956 14.82700349953226
0 ORBCOMM FM 38
1 33060U 08031A   26062.66000409  .00002751  00000-0  36374-3 0  9996
2 33060  48.4387 157.4595 0003834  79.4477 280.6871 14.82700765953234
0 ORBCOMM FM 38
1 33060U 08031A   26062.66000409  .00002751  00000-0  36374-3 0  9996
2 33060  48.4387 157.4595 0003834  79.4477 280.6871 14.82700765953234
0 ORBCOMM FM 38
1 33060U 08031A   26063.19912347  .00002953  00000-0  38852-3 0  9995
2 33060  48.4387 154.8846 0003813  81.9681 278.1668 14.82704565953313
0 ORBCOMM FM 38
1 33060U 08031A   26063.46868243  .00003094  00000-0  40566-3 0  9992
2 33060  48.4388 153.5971 0003813  83.8574 276.2777 14.82706748953350
0 ORBCOMM FM 38
1 33060U 08031A   26063.46868244  .00003094  00000-0  40566-3 0  9993
2 33060  48.4388 153.5971 0003813  83.8574 276.2777 14.82706748953350
0 ORBCOMM FM 38
1 33060U 08031A   26063.53607234  .00002864  00000-0  37761-3 0  9998
2 33060  48.4388 153.2752 0003797  84.3271 275.8078 14.82706355953369
0 ORBCOMM FM 38
1 33060U 08031A   26064.27735875  .00002802  00000-0  36998-3 0  9996
2 33060  48.4388 149.7347 0003767  88.0475 272.0873 14.82710488953479
0 ORBCOMM FM 38
1 33060U 08031A   26064.61430631  .00002940  00000-0  38681-3 0  9990
2 33060  48.4388 148.1255 0003799  89.9606 270.1746 14.82712936953525
0 ORBCOMM FM 38
1 33060U 08031A   26064.61430631  .00002940  00000-0  38681-3 0  9990
2 33060  48.4388 148.1255 0003799  89.9606 270.1746 14.82712936953525
0 ORBCOMM FM 38
1 33060U 08031A   26065.22081083  .00002279  00000-0  30589-3 0  9995
2 33060  48.4387 145.2286 0003789  92.8814 267.2536 14.82714583953613
0 ORBCOMM FM 38
1 33060U 08031A   26065.49036829  .00002719  00000-0  35968-3 0  9997
2 33060  48.4386 143.9413 0003804  93.5660 266.5691 14.82717368953656
0 ORBCOMM FM 38
1 33060U 08031A   26066.23164877  .00002276  00000-0  30548-3 0  9992
2 33060  48.4385 140.4007 0003813  97.1034 263.0316 14.82720525953768
0 ORBCOMM FM 38
1 33060U 08031A   26066.23164877  .00002276  00000-0  30548-3 0  9992
2 33060  48.4385 140.4007 0003813  97.1034 263.0316 14.82720525953768
0 ORBCOMM FM 38
1 33060U 08031A   26066.50120454  .00002869  00000-0  37800-3 0  9991
2 33060  48.4384 139.1134 0003825  98.2937 261.8413 14.82724025953808
0 ORBCOMM FM 38
1 33060U 08031A   26066.56859363  .00002789  00000-0  36822-3 0  9999
2 33060  48.4384 138.7916 0003819  98.4938 261.6411 14.82724108953816
0 ORBCOMM FM 38
1 33060U 08031A   26066.90553804  .00002843  00000-0  37479-3 0  9998
2 33060  48.4384 137.1823 0003823 100.1872 259.9475 14.82726284953861
0 ORBCOMM FM 38
1 33060U 08031A   26066.90553805  .00002843  00000-0  37479-3 0  9999
2 33060  48.4384 137.1823 0003823 100.1872 259.9475 14.82726284953861
0 ORBCOMM FM 38
1 33060U 08031A   26067.17509333  .00002853  00000-0  37601-3 0  9994
2 33060  48.4383 135.8948 0003824 101.5433 258.5913 14.82727840953908
0 ORBCOMM FM 38
1 33060U 08031A   26067.44464818  .00002913  00000-0  38341-3 0  9991
2 33060  48.4383 134.6073 0003835 102.8749 257.2596 14.82729668953947
0 ORBCOMM FM 38
1 33060U 08031A   26067.44464819  .00002913  00000-0  38341-3 0  9992
2 33060  48.4383 134.6073 0003835 102.8749 257.2596 14.82729668953947
0 ORBCOMM FM 38
1 33060U 08031A   26068.52286597  .00002312  00000-0  30976-3 0  9996
2 33060  48.4382 129.4576 0003838 107.9703 252.1631 14.82733791954100
0 ORBCOMM FM 38
1 33060U 08031A   26068.52286598  .00002312  00000-0  30976-3 0  9997
2 33060  48.4382 129.4576 0003838 107.9703 252.1631 14.82733791954100
0 ORBCOMM FM 38
1 33060U 08031A   26069.12936151  .00002193  00000-0  29525-3 0  9996
2 33060  48.4383 126.5607 0003834 110.8988 249.2339 14.82736765954193
0 ORBCOMM FM 38
1 33060U 08031A   26069.12936151  .00002193  00000-0  29525-3 0  9996
2 33060  48.4383 126.5607 0003834 110.8988 249.2339 14.82736765954193
0 ORBCOMM FM 38
1 33060U 08031A   26069.53369101  .00002133  00000-0  28781-3 0  9993
2 33060  48.4383 124.6296 0003837 112.7681 247.3640 14.82738838954254
0 ORBCOMM FM 38
1 33060U 08031A   26069.87063183  .00002035  00000-0  27584-3 0  9992
2 33060  48.4383 123.0202 0003835 114.3997 245.7320 14.82740401954302
0 ORBCOMM FM 38
1 33060U 08031A   26069.87063184  .00002035  00000-0  27584-3 0  9993
2 33060  48.4383 123.0203 0003835 114.3997 245.7320 14.82740401954303
0 ORBCOMM FM 38
1 33060U 08031A   26070.14018450  .00001965  00000-0  26725-3 0  9998
2 33060  48.4382 121.7327 0003859 115.8080 244.3234 14.82741474954343
0 ORBCOMM FM 38
1 33060U 08031A   26070.27496072  .00001945  00000-0  26481-3 0  9999
2 33060  48.4383 121.0889 0003865 116.5183 243.6130 14.82742088954360
0 ORBCOMM FM 38
1 33060U 08031A   26070.54451299  .00001940  00000-0  26426-3 0  9995
2 33060  48.4382 119.8016 0003866 117.6882 242.4427 14.82743359954408
0 ORBCOMM FM 38
1 33060U 08031A   26070.81406490  .00001904  00000-0  25980-3 0  9992
2 33060  48.4383 118.5142 0003867 118.9296 241.2008 14.82744631954449
0 ORBCOMM FM 38
1 33060U 08031A   26071.48794432  .00001976  00000-0  26861-3 0  9990
2 33060  48.4384 115.2955 0003887 122.1432 237.9862 14.82747702954540
0 ORBCOMM FM 38
1 33060U 08031A   26071.62272001  .00002000  00000-0  27147-3 0  9996
2 33060  48.4383 114.6517 0003890 122.7912 237.3379 14.82748348954565
0 ORBCOMM FM 38
1 33060U 08031A   26071.62272002  .00002000  00000-0  27147-3 0  9997
2 33060  48.4383 114.6517 0003890 122.7912 237.3379 14.82748348954565
0 ORBCOMM FM 38
1 33060U 08031A   26072.56614848  .00002018  00000-0  27370-3 0  9996
2 33060  48.4384 110.1454 0003912 127.3252 232.8021 14.82752324954709
0 ORBCOMM FM 38
1 33060U 08031A   26072.83569892  .00002028  00000-0  27495-3 0  9993
2 33060  48.4384 108.8579 0003912 128.6463 231.4804 14.82753517954742
0 ORBCOMM FM 38
1 33060U 08031A   26073.30741183  .00001853  00000-0  25343-3 0  9996
2 33060  48.4384 106.6047 0003928 130.9136 229.2121 14.82754941954815
0 ORBCOMM FM 38
1 33060U 08031A   26073.57696144  .00002138  00000-0  28834-3 0  9996
2 33060  48.4383 105.3172 0003929 132.0123 228.1128 14.82757121954851
0 ORBCOMM FM 38
1 33060U 08031A   26073.77912366  .00002117  00000-0  28582-3 0  9992
2 33060  48.4384 104.3516 0003929 132.9972 227.1274 14.82757950954888
0 ORBCOMM FM 38
1 33060U 08031A   26074.52038464  .00001518  00000-0  21247-3 0  9999
2 33060  48.4383 100.8108 0003947 136.4314 223.6914 14.82759078954991
0 ORBCOMM FM 38
1 33060U 08031A   26074.78993365  .00001460  00000-0  20538-3 0  9995
2 33060  48.4383  99.5233 0003956 137.7842 222.3379 14.82760016955035
0 ORBCOMM FM 38
1 33060U 08031A   26076.33983750  .00001346  00000-0  19141-3 0  9996
2 33060  48.4382  92.1197 0003999 144.9412 215.1768 14.82765541955267
0 ORBCOMM FM 38
1 33060U 08031A   26076.40722512  .00001520  00000-0  21273-3 0  9994
2 33060  48.4395  91.7977 0004002 144.9032 215.2148 14.82765659955270
0 ORBCOMM FM 38
1 33060U 08031A   26076.74415995  .00001528  00000-0  21374-3 0  9995
2 33060  48.4396  90.1882 0004015 146.4996 213.6174 14.82766981955325
0 ORBCOMM FM 38
1 33060U 08031A   26076.74415996  .00001528  00000-0  21374-3 0  9996
2 33060  48.4396  90.1882 0004015 146.4996 213.6174 14.82766981955325
0 ORBCOMM FM 38
1 33060U 08031A   26077.28325506  .00001639  00000-0  22723-3 0  9995
2 33060  48.4396  87.6130 0004050 149.1273 210.9882 14.82769558955407
0 ORBCOMM FM 38
1 33060U 08031A   26077.28325507  .00001639  00000-0  22723-3 0  9996
2 33060  48.4396  87.6130 0004050 149.1273 210.9882 14.82769558955407
0 ORBCOMM FM 38
1 33060U 08031A   26077.82234955  .00001599  00000-0  22232-3 0  9992
2 33060  48.4397  85.0380 0004064 151.5748 208.5390 14.82771325955486
0 ORBCOMM FM 38
1 33060U 08031A   26077.82234955  .00001599  00000-0  22232-3 0  9992
2 33060  48.4397  85.0380 0004064 151.5748 208.5391 14.82771325955487
0 ORBCOMM FM 38
1 33060U 08031A   26078.29405739  .00001551  00000-0  21650-3 0  9995
2 33060  48.4397  82.7848 0004084 153.7086 206.4038 14.82772535955558
0 ORBCOMM FM 38
1 33060U 08031A   26078.42883080  .00001557  00000-0  21721-3 0  9994
2 33060  48.4397  82.1411 0004086 154.2564 205.8557 14.82773043955573
0 ORBCOMM FM 38
1 33060U 08031A   26079.03531051  .00001563  00000-0  21787-3 0  9999
2 33060  48.4398  79.2440 0004106 157.0604 203.0496 14.82775218955660
0 ORBCOMM FM 38
1 33060U 08031A   26079.03531051  .00001563  00000-0  21787-3 0  9999
2 33060  48.4398  79.2440 0004106 157.0604 203.0496 14.82775218955660
0 ORBCOMM FM 38
1 33060U 08031A   26079.70917638  .00001679  00000-0  23205-3 0  9997
2 33060  48.4399  76.0253 0004134 160.0721 200.0358 14.82777996955763
0 ORBCOMM FM 38
1 33060U 08031A   26079.70917639  .00001679  00000-0  23205-3 0  9998
2 33060  48.4399  76.0253 0004134 160.0721 200.0358 14.82777996955763
0 ORBCOMM FM 38
1 33060U 08031A   26080.24826821  .00001627  00000-0  22567-3 0  9994
2 33060  48.4399  73.4501 0004160 162.5344 197.5716 14.82779451955842
0 ORBCOMM FM 38
1 33060U 08031A   26080.92213070  .00001815  00000-0  24865-3 0  9997
2 33060  48.4400  70.2311 0004179 165.4981 194.6056 14.82783062955947
0 ORBCOMM FM 38
1 33060U 08031A   26081.25906204  .00001873  00000-0  25579-3 0  9999
2 33060  48.4401  68.6217 0004193 166.9407 193.1619 14.82784526955999
0 ORBCOMM FM 38
1 33060U 08031A   26081.93292290  .00001895  00000-0  25838-3 0  9999
2 33060  48.4402  65.4027 0004222 169.9737 190.1264 14.82787288956099
0 ORBCOMM FM 38
1 33060U 08031A   26082.20246643  .00002081  00000-0  28120-3 0  9996
2 33060  48.4403  64.1152 0004237 171.1389 188.9602 14.82789510956135
0 ORBCOMM FM 38
1 33060U 08031A   26082.67416865  .00001888  00000-0  25755-3 0  9997
2 33060  48.4403  61.8620 0004245 173.1026 186.9949 14.82790187956200
0 ORBCOMM FM 38
1 33060U 08031A   26083.14586925  .00001944  00000-0  26441-3 0  9991
2 33060  48.4405  59.6088 0004275 175.1713 184.9245 14.82792545956277
0 ORBCOMM FM 38
1 33060U 08031A   26083.95449784  .00001929  00000-0  26253-3 0  9995
2 33060  48.4406  55.7461 0004311 178.6819 181.4109 14.82795939956390
0 ORBCOMM FM 38
1 33060U 08031A   26084.22404029  .00001955  00000-0  26569-3 0  9998
2 33060  48.4407  54.4586 0004315 179.6917 180.4002 14.82797251956434
0 ORBCOMM FM 38
1 33060U 08031A   26085.30220695  .00001863  00000-0  25441-3 0  9999
2 33060  48.4398  49.3084 0004382 184.4643 175.6235 14.82802415956593
0 ORBCOMM FM 38
1 33060U 08031A   26085.30220695  .00001863  00000-0  25441-3 0  9999
2 33060  48.4398  49.3084 0004382 184.4643 175.6235 14.82802415956593
0 ORBCOMM FM 38
1 33060U 08031A   26086.17821488  .00002052  00000-0  27754-3 0  9992
2 33060  48.4401  45.1238 0004440 188.3668 171.7175 14.82806847956726
0 ORBCOMM FM 38
1 33060U 08031A   26086.24560024  .00001908  00000-0  25991-3 0  9996
2 33060  48.4403  44.8021 0004443 188.6805 171.4035 14.82806608956731
0 ORBCOMM FM 38
1 33060U 08031A   26086.31298538  .00001908  00000-0  25987-3 0  9997
2 33060  48.4402  44.4802 0004446 188.9472 171.1365 14.82806882956747
0 ORBCOMM FM 38
1 33060U 08031A   26086.31298538  .00001908  00000-0  25987-3 0  9997
2 33060  48.4402  44.4802 0004446 188.9472 171.1365 14.82806882956747
0 ORBCOMM FM 38
1 33060U 08031A   26086.91945096  .00002021  00000-0  27374-3 0  9990
2 33060  48.4403  41.5831 0004475 191.4530 168.6285 14.82809849956832
0 ORBCOMM FM 38
1 33060U 08031A   26087.12160595  .00002034  00000-0  27527-3 0  9991
2 33060  48.4403  40.6175 0004489 192.2016 167.8792 14.82810727956860
0 ORBCOMM FM 38
1 33060U 08031A   26087.25637570  .00002241  00000-0  30059-3 0  9991
2 33060  48.4403  39.9737 0004492 192.7021 167.3782 14.82812023956887
0 ORBCOMM FM 38
1 33060U 08031A   26087.25637570  .00002241  00000-0  30059-3 0  9991
2 33060  48.4403  39.9737 0004492 192.7021 167.3782 14.82812023956887
0 ORBCOMM FM 38
1 33060U 08031A   26087.59330006  .00002218  00000-0  29777-3 0  9991
2 33060  48.4404  38.3643 0004498 194.1462 165.9329 14.82813557956938
0 ORBCOMM FM 38
1 33060U 08031A   26087.86283928  .00002233  00000-0  29955-3 0  9996
2 33060  48.4404  37.0766 0004513 195.2586 164.8195 14.82814871956970
0 ORBCOMM FM 38
1 33060U 08031A   26087.86283929  .00002233  00000-0  29955-3 0  9997
2 33060  48.4404  37.0766 0004513 195.2586 164.8195 14.82814871956970
0 ORBCOMM FM 38
1 33060U 08031A   26088.19976263  .00002824  00000-0  37164-3 0  9991
2 33060  48.4404  35.4672 0004532 196.6151 163.4617 14.82818461957022
0 ORBCOMM FM 38
1 33060U 08031A   26089.21053030  .00002836  00000-0  37306-3 0  9994
2 33060  48.4403  30.6389 0004570 200.4271 159.6463 14.82824084957172
0 ORBCOMM FM 38
1 33060U 08031A   26089.21053031  .00002836  00000-0  37306-3 0  9995
2 33060  48.4403  30.6389 0004570 200.4271 159.6463 14.82824084957172
0 ORBCOMM FM 38
1 33060U 08031A   26089.88437269  .00002944  00000-0  38628-3 0  9995
2 33060  48.4405  27.4199 0004605 203.2085 156.8624 14.82828584957278
0 ORBCOMM FM 41
1 33061U 08031B   26060.32166463  .00002306  00000-0  31273-3 0  9990
2 33061  48.4420 177.3335 0003193  48.2259 358.2607 14.82223004952364
0 ORBCOMM FM 41
1 33061U 08031B   26060.67622933  .00002351  00000-0  31828-3 0  9993
2 33061  48.4421 175.6415 0003198  50.1228  89.8530 14.82225020952416
0 ORBCOMM FM 41
1 33061U 08031B   26060.67622934  .00002351  00000-0  31828-3 0  9994
2 33061  48.4421 175.6415 0003198  50.1228  89.8530 14.82225020952416
0 ORBCOMM FM 41
1 33061U 08031B   26061.54415090  .00002435  00000-0  32864-3 0  9998
2 33061  48.4422 171.4998 0003179  54.2304  40.7309 14.82229557952549
0 ORBCOMM FM 41
1 33061U 08031B   26061.59633697  .00002378  00000-0  32158-3 0  9990
2 33061  48.4422 171.2508 0003176  54.2245 319.4278 14.82229629952557
0 ORBCOMM FM 41
1 33061U 08031B   26061.68922609  .00002386  00000-0  32254-3 0  9990
2 33061  48.4422 170.8074 0003191  54.8287  94.8832 14.82230136952565
0 ORBCOMM FM 41
1 33061U 08031B   26061.68922609  .00002386  00000-0  32254-3 0  9990
2 33061  48.4422 170.8074 0003191  54.8287  94.8832 14.82230136952565
0 ORBCOMM FM 41
1 33061U 08031B   26062.48894487  .00002492  00000-0  33565-3 0  9995
2 33061  48.4424 166.9910 0003150  58.5608  41.9268 14.82234519952683
0 ORBCOMM FM 41
1 33061U 08031B   26062.63030371  .00002622  00000-0  35177-3 0  9992
2 33061  48.4424 166.3165 0003141  59.0307  76.3643 14.82235738952707
0 ORBCOMM FM 41
1 33061U 08031B   26062.70099039  .00002658  00000-0  35618-3 0  9995
2 33061  48.4424 165.9792 0003146  59.3823  93.5054 14.82236253952710
0 ORBCOMM FM 41
1 33061U 08031B   26062.70099040  .00002658  00000-0  35618-3 0  9997
2 33061  48.4424 165.9792 0003146  59.3823  93.5054 14.82236253952710
0 ORBCOMM FM 41
1 33061U 08031B   26063.49843270  .00003029  00000-0  40211-3 0  9994
2 33061  48.4424 162.1736 0003118  63.2076  28.3195 14.82242112952836
0 ORBCOMM FM 41
1 33061U 08031B   26063.49843271  .00003029  00000-0  40211-3 0  9995
2 33061  48.4424 162.1736 0003118  63.2076  28.3195 14.82242112952836
0 ORBCOMM FM 41
1 33061U 08031B   26063.64316598  .00002832  00000-0  37776-3 0  9992
2 33061  48.4423 161.4829 0003123  64.0606  80.3966 14.82242273952858
0 ORBCOMM FM 41
1 33061U 08031B   26064.29786488  .00002700  00000-0  36131-3 0  9991
2 33061  48.4423 158.3586 0003106  67.1880 333.6145 14.82245558952955
0 ORBCOMM FM 41
1 33061U 08031B   26064.44311620  .00002732  00000-0  36525-3 0  9992
2 33061  48.4424 157.6654 0003091  67.7475  28.7544 14.82246459952971
0 ORBCOMM FM 41
1 33061U 08031B   26064.44311620  .00002732  00000-0  36525-3 0  9992
2 33061  48.4424 157.6654 0003091  67.7475  28.7544 14.82246459952971
0 ORBCOMM FM 41
1 33061U 08031B   26065.23920471  .00002575  00000-0  34585-3 0  9999
2 33061  48.4423 153.8663 0003069  71.4246 316.5119 14.82250393953093
0 ORBCOMM FM 41
1 33061U 08031B   26065.45572767  .00002546  00000-0  34224-3 0  9992
2 33061  48.4423 152.8330 0003074  72.6188  31.6399 14.82251487953121
0 ORBCOMM FM 41
1 33061U 08031B   26066.25167767  .00002667  00000-0  35714-3 0  9990
2 33061  48.4421 149.0344 0003086  77.1082 317.8641 14.82256531953245
0 ORBCOMM FM 41
1 33061U 08031B   26066.46510550  .00002645  00000-0  35448-3 0  9995
2 33061  48.4422 148.0157 0003060  79.9212  14.8491 14.82257580953279
0 ORBCOMM FM 41
1 33061U 08031B   26066.46510550  .00002645  00000-0  35448-3 0  9995
2 33061  48.4422 148.0157 0003060  79.9212  14.8491 14.82257580953279
0 ORBCOMM FM 41
1 33061U 08031B   26067.48094155  .00002515  00000-0  33831-3 0  9996
2 33061  48.4421 143.1679 0003075  84.2392  35.5487 14.82262606953424
0 ORBCOMM FM 41
1 33061U 08031B   26067.48094155  .00002515  00000-0  33831-3 0  9996
2 33061  48.4421 143.1679 0003075  84.2392  35.5487 14.82262606953424
0 ORBCOMM FM 41
1 33061U 08031B   26068.41938159  .00002091  00000-0  28578-3 0  9992
2 33061  48.4420 138.6893 0003067  88.9857   2.5071 14.82266180953567
0 ORBCOMM FM 41
1 33061U 08031B   26068.41938160  .00002091  00000-0  28578-3 0  9994
2 33061  48.4420 138.6893 0003067  88.9857   2.5071 14.82266180953567
0 ORBCOMM FM 41
1 33061U 08031B   26068.69860218  .00002135  00000-0  29125-3 0  9990
2 33061  48.4419 137.3567 0003085  90.3641  52.3000 14.82267839953609
0 ORBCOMM FM 41
1 33061U 08031B   26068.69860218  .00002135  00000-0  29125-3 0  9990
2 33061  48.4419 137.3567 0003085  90.3641  52.3000 14.82267839953609
0 ORBCOMM FM 41
1 33061U 08031B   26069.21838102  .00002076  00000-0  28389-3 0  9991
2 33061  48.4419 134.8760 0003086  92.8973 305.6379 14.82270526953680
0 ORBCOMM FM 41
1 33061U 08031B   26069.21838102  .00002076  00000-0  28389-3 0  9991
2 33061  48.4419 134.8760 0003086  92.8973 305.6379 14.82270526953680
0 ORBCOMM FM 41
1 33061U 08031B   26069.48338289  .00002037  00000-0  27905-3 0  9991
2 33061  48.4419 133.6114 0003091  94.1882 279.5870 14.82271770953722
0 ORBCOMM FM 41
1 33061U 08031B   26069.64668879  .00001989  00000-0  27319-3 0  9994
2 33061  48.4418 132.8319 0003102  94.6874  71.2215 14.82272428953741
0 ORBCOMM FM 41
1 33061U 08031B   26069.91715857  .00001892  00000-0  26112-3 0  9996
2 33061  48.4418 131.5411 0003079  95.3154  75.0365 14.82273536953785
0 ORBCOMM FM 41
1 33061U 08031B   26069.91715857  .00001892  00000-0  26112-3 0  9996
2 33061  48.4418 131.5411 0003079  95.3154  75.0365 14.82273536953785
0 ORBCOMM FM 41
1 33061U 08031B   26070.29761370  .00001859  00000-0  25703-3 0  9998
2 33061  48.4417 129.7253 0003075  97.4419 304.7314 14.82275260953849
0 ORBCOMM FM 41
1 33061U 08031B   26070.50976338  .00001890  00000-0  26087-3 0  9995
2 33061  48.4419 128.7129 0003070  98.3539 356.8063 14.82276367953871
0 ORBCOMM FM 41
1 33061U 08031B   26070.65294860  .00001872  00000-0  25866-3 0  9998
2 33061  48.4418 128.0295 0003059  98.9712  40.8709 14.82276983953896
0 ORBCOMM FM 41
1 33061U 08031B   26071.52937012  .00001897  00000-0  26173-3 0  9997
2 33061  48.4418 123.8468 0003054 103.2765  37.1081 14.82280843954022
0 ORBCOMM FM 41
1 33061U 08031B   26071.52937013  .00001897  00000-0  26173-3 0  9998
2 33061  48.4418 123.8468 0003054 103.2765  37.1081 14.82280843954022
0 ORBCOMM FM 41
1 33061U 08031B   26072.54275766  .00001942  00000-0  26726-3 0  9996
2 33061  48.4418 119.0103 0003063 108.3153  44.0962 14.82285219954175
0 ORBCOMM FM 41
1 33061U 08031B   26072.88315388  .00001820  00000-0  25214-3 0  9994
2 33061  48.4419 117.3858 0003061 109.9599  60.3516 14.82286314954222
0 ORBCOMM FM 41
1 33061U 08031B   26073.39312851  .00001751  00000-0  24368-3 0  9995
2 33061  48.4419 114.9519 0003094 112.5376 261.3159 14.82288059954301
0 ORBCOMM FM 41
1 33061U 08031B   26073.82688784  .00002034  00000-0  27862-3 0  9991
2 33061  48.4419 112.8818 0003096 114.3267  56.0443 14.82291014954367
0 ORBCOMM FM 41
1 33061U 08031B   26074.49598111  .00001433  00000-0  20428-3 0  9992
2 33061  48.4419 109.6884 0003114 117.5698  26.1333 14.82291719954467
0 ORBCOMM FM 41
1 33061U 08031B   26074.83797713  .00001395  00000-0  19951-3 0  9995
2 33061  48.4418 108.0561 0003117 119.3112  50.8449 14.82292970954513
0 ORBCOMM FM 41
1 33061U 08031B   26075.50850348  .00001436  00000-0  20458-3 0  9994
2 33061  48.4418 104.8558 0003135 122.5774  28.5723 14.82295450954617
0 ORBCOMM FM 41
1 33061U 08031B   26076.45019985  .00001416  00000-0  20210-3 0  9997
2 33061  48.4429 100.3609 0003160 126.7704  13.5819 14.82297990954750
0 ORBCOMM FM 41
1 33061U 08031B   26076.79285663  .00001409  00000-0  20130-3 0  9995
2 33061  48.4430  98.7255 0003167 128.4559  41.8852 14.82299184954807
0 ORBCOMM FM 41
1 33061U 08031B   26076.79285663  .00001409  00000-0  20130-3 0  9995
2 33061  48.4430  98.7255 0003167 128.4558  41.8852 14.82299184954806
0 ORBCOMM FM 41
1 33061U 08031B   26077.46261866  .00001486  00000-0  21072-3 0  9990
2 33061  48.4430  95.5288 0003186 131.6791  15.5882 14.82301849954907
0 ORBCOMM FM 41
1 33061U 08031B   26077.46261866  .00001486  00000-0  21072-3 0  9990
2 33061  48.4430  95.5288 0003186 131.6791  15.5882 14.82301849954907
0 ORBCOMM FM 41
1 33061U 08031B   26077.80393435  .00001443  00000-0  20545-3 0  9993
2 33061  48.4431  93.8998 0003193 133.3490  36.7488 14.82302791954959
0 ORBCOMM FM 41
1 33061U 08031B   26077.80393435  .00001443  00000-0  20545-3 0  9993
2 33061  48.4431  93.8998 0003193 133.3490  36.7488 14.82302791954959
0 ORBCOMM FM 41
1 33061U 08031B   26078.47538383  .00001420  00000-0  20263-3 0  9992
2 33061  48.4431  90.6951 0003210 136.4567  19.5837 14.82304655955052
0 ORBCOMM FM 41
1 33061U 08031B   26079.06047288  .00001409  00000-0  20122-3 0  9998
2 33061  48.4431  87.9026 0003223 139.3097 261.4637 14.82306483955145
0 ORBCOMM FM 41
1 33061U 08031B   26079.06047288  .00001409  00000-0  20122-3 0  9998
2 33061  48.4431  87.9026 0003223 139.3097 261.4637 14.82306483955145
0 ORBCOMM FM 41
1 33061U 08031B   26079.32508556  .00001357  00000-0  19483-3 0  9997
2 33061  48.4431  86.6397 0003232 140.5033 233.4599 14.82306753955186
0 ORBCOMM FM 41
1 33061U 08031B   26079.75875525  .00001527  00000-0  21586-3 0  9993
2 33061  48.4432  84.5698 0003248 142.5171  27.5143 14.82309217955242
0 ORBCOMM FM 41
1 33061U 08031B   26079.75875527  .00001527  00000-0  21586-3 0  9995
2 33061  48.4432  84.5698 0003248 142.5171  27.5143 14.82309218955243
0 ORBCOMM FM 41
1 33061U 08031B   26080.26874309  .00001498  00000-0  21220-3 0  9992
2 33061  48.4431  82.1356 0003277 145.0619 228.6229 14.82310595955322
0 ORBCOMM FM 41
1 33061U 08031B   26080.42974518  .00001658  00000-0  23204-3 0  9995
2 33061  48.4431  81.3671 0003282 145.6673   7.8736 14.82312162955349
0 ORBCOMM FM 41
1 33061U 08031B   26081.27984367  .00001743  00000-0  24246-3 0  9994
2 33061  48.4432  77.3097 0003304 149.6001 224.0087 14.82315406955471
0 ORBCOMM FM 41
1 33061U 08031B   26081.95574338  .00001747  00000-0  24296-3 0  9991
2 33061  48.4435  74.0836 0003322 152.6539 230.6999 14.82317910955577
0 ORBCOMM FM 41
1 33061U 08031B   26082.72456470  .00001740  00000-0  24213-3 0  9995
2 33061  48.4435  70.4140 0003351 156.0749  13.2931 14.82320761955689
0 ORBCOMM FM 41
1 33061U 08031B   26083.23458374  .00001820  00000-0  25201-3 0  9994
2 33061  48.4436  67.9796 0003381 158.4593 214.7532 14.82323194955761
0 ORBCOMM FM 41
1 33061U 08031B   26083.98099065  .00001813  00000-0  25109-3 0  9993
2 33061  48.4438  64.4170 0003409 161.8444 237.6906 14.82326298955874
0 ORBCOMM FM 41
1 33061U 08031B   26084.64394676  .00001855  00000-0  25620-3 0  9997
2 33061  48.4440  61.2528 0003434 164.7524 175.4303 14.82329527955966
0 ORBCOMM FM 41
1 33061U 08031B   26084.71266203  .00001854  00000-0  25617-3 0  9994
2 33061  48.4441  60.9249 0003437 165.0749 182.0956 14.82329831955976
0 ORBCOMM FM 41
1 33061U 08031B   26084.71266204  .00001854  00000-0  25617-3 0  9995
2 33061  48.4441  60.9249 0003437 165.0749 182.0956 14.82329831955976
0 ORBCOMM FM 41
1 33061U 08031B   26085.18957773  .00001889  00000-0  26042-3 0  9996
2 33061  48.4441  58.6485 0003461 167.1763 207.0577 14.82331963956054
0 ORBCOMM FM 41
1 33061U 08031B   26085.18957774  .00001889  00000-0  26042-3 0  9997
2 33061  48.4441  58.6485 0003461 167.1763 207.0577 14.82331963956054
0 ORBCOMM FM 41
1 33061U 08031B   26085.35014104  .00001879  00000-0  25924-3 0  9994
2 33061  48.4442  57.8822 0003467 167.8748 343.8809 14.82332618956074
0 ORBCOMM FM 41
1 33061U 08031B   26085.93398659  .00001967  00000-0  27000-3 0  9993
2 33061  48.4443  55.0955 0003502 170.5762 219.3342 14.82335798956160
0 ORBCOMM FM 41
1 33061U 08031B   26085.93398659  .00001967  00000-0  27000-3 0  9993
2 33061  48.4443  55.0955 0003502 170.5762 219.3342 14.82335798956160
0 ORBCOMM FM 41
1 33061U 08031B   26086.20062315  .00001790  00000-0  24822-3 0  9994
2 33061  48.4433  53.8229 0003528 172.0538 201.8863 14.82336107956209
0 ORBCOMM FM 41
1 33061U 08031B   26086.29164154  .00001793  00000-0  24851-3 0  9992
2 33061  48.4433  53.3884 0003530 172.4050 327.6390 14.82336473956216
0 ORBCOMM FM 41
1 33061U 08031B   26086.63430848  .00001730  00000-0  24074-3 0  9994
2 33061  48.4433  51.7529 0003544 174.0341 356.1002 14.82337684956267
0 ORBCOMM FM 41
1 33061U 08031B   26086.63430849  .00001730  00000-0  24074-3 0  9995
2 33061  48.4433  51.7529 0003544 174.0341 356.1002 14.82337684956267
0 ORBCOMM FM 41
1 33061U 08031B   26086.87634618  .00001896  00000-0  26122-3 0  9990
2 33061  48.4434  50.5976 0003559 175.1897 207.6024 14.82339116956306
0 ORBCOMM FM 41
1 33061U 08031B   26086.94722987  .00001891  00000-0  26058-3 0  9998
2 33061  48.4434  50.2592 0003563 175.4098 225.9532 14.82339400956312
0 ORBCOMM FM 41
1 33061U 08031B   26086.94722988  .00001891  00000-0  26058-3 0  9999
2 33061  48.4434  50.2592 0003563 175.4099 225.9532 14.82339400956313
0 ORBCOMM FM 41
1 33061U 08031B   26087.30483340  .00002094  00000-0  28574-3 0  9997
2 33061  48.4434  48.5524 0003578 176.8776 334.3518 14.82341496956363
0 ORBCOMM FM 41
1 33061U 08031B   26087.64537672  .00002078  00000-0  28374-3 0  9992
2 33061  48.4435  46.9270 0003592 178.4922 351.4918 14.82342952956419
0 ORBCOMM FM 41
1 33061U 08031B   26088.15541824  .00002253  00000-0  30530-3 0  9995
2 33061  48.4436  44.4925 0003619 180.6311 193.3573 14.82345745956498
0 ORBCOMM FM 41
1 33061U 08031B   26089.16647868  .00002622  00000-0  35079-3 0  9995
2 33061  48.4437  39.6667 0003670 184.6330 189.1956 14.82352128956648
0 ORBCOMM FM 41
1 33061U 08031B   26089.25813922  .00002633  00000-0  35214-3 0  9994
2 33061  48.4437  39.2291 0003672 184.9869 318.3804 14.82352649956656
0 ORBCOMM FM 41
1 33061U 08031B   26089.25813922  .00002633  00000-0  35214-3 0  9994
2 33061  48.4437  39.2291 0003672 184.9869 318.3804 14.82352649956656
0 ORBCOMM FM 41
1 33061U 08031B   26089.60014943  .00002747  00000-0  36626-3 0  9993
2 33061  48.4437  37.5967 0003683 186.4604 343.5111 14.82355037956704
0 ORBCOMM FM 41
1 33061U 08031B   26089.91348985  .00002705  00000-0  36107-3 0  9991
2 33061  48.4440  36.1010 0003695 187.6734 215.7834 14.82356604956750
0 ORBCOMM FM 41
1 33061U 08031B   26089.91348985  .00002705  00000-0  36107-3 0  9991
2 33061  48.4440  36.1010 0003695 187.6734 215.7834 14.82356604956750
0 ORBCOMM FM 29
1 33062U 08031C   26060.34739163  .00002560  00000-0  34279-3 0  9997
2 33062  48.4369 184.6500 0004809  49.9886 340.0980 14.82395279952289
0 ORBCOMM FM 29
1 33062U 08031C   26060.70547476  .00002610  00000-0  34900-3 0  9998
2 33062  48.4370 182.9406 0004820  51.7680  90.8212 14.82397572952335
0 ORBCOMM FM 29
1 33062U 08031C   26060.70547476  .00002610  00000-0  34900-3 0  9998
2 33062  48.4370 182.9406 0004820  51.7680  90.8212 14.82397572952335
0 ORBCOMM FM 29
1 33062U 08031C   26061.04776981  .00002467  00000-0  33135-3 0  9990
2 33062  48.4371 181.3065 0004807  53.1667 117.6022 14.82399022952380
0 ORBCOMM FM 29
1 33062U 08031C   26061.50542465  .00002657  00000-0  35479-3 0  9993
2 33062  48.4372 179.1217 0004793  55.3564  39.7259 14.82402021952457
0 ORBCOMM FM 29
1 33062U 08031C   26061.62500221  .00002596  00000-0  34717-3 0  9996
2 33062  48.4372 178.5509 0004793  55.8343 317.9070 14.82402461952476
0 ORBCOMM FM 29
1 33062U 08031C   26061.62500221  .00002596  00000-0  34717-3 0  9996
2 33062  48.4372 178.5509 0004793  55.8343 317.9070 14.82402460952475
0 ORBCOMM FM 29
1 33062U 08031C   26062.44703322  .00002738  00000-0  36464-3 0  9993
2 33062  48.4374 174.6265 0004766  59.6763  24.5088 14.82407446952593
0 ORBCOMM FM 29
1 33062U 08031C   26062.58943360  .00002847  00000-0  37808-3 0  9990
2 33062  48.4374 173.9468 0004746  60.2324  64.5111 14.82408625952613
0 ORBCOMM FM 29
1 33062U 08031C   26062.72959248  .00002918  00000-0  38687-3 0  9993
2 33062  48.4374 173.2777 0004762  60.9261  92.4044 14.82409704952630
0 ORBCOMM FM 29
1 33062U 08031C   26062.72959249  .00002918  00000-0  38687-3 0  9994
2 33062  48.4374 173.2777 0004762  60.9261  92.4044 14.82409704952630
0 ORBCOMM FM 29
1 33062U 08031C   26063.38920594  .00003286  00000-0  43220-3 0  9996
2 33062  48.4375 170.1287 0004740  63.9318  12.3942 14.82415133952737
0 ORBCOMM FM 29
1 33062U 08031C   26063.52726054  .00003074  00000-0  40610-3 0  9992
2 33062  48.4375 169.4697 0004738  64.5605  29.1151 14.82415250952756
0 ORBCOMM FM 29
1 33062U 08031C   26063.60098639  .00003097  00000-0  40889-3 0  9995
2 33062  48.4375 169.1177 0004731  65.0540  62.3924 14.82415803952765
0 ORBCOMM FM 29
1 33062U 08031C   26064.32616491  .00002997  00000-0  39649-3 0  9997
2 33062  48.4375 165.6557 0004721  68.7808 331.8557 14.82419953952872
0 ORBCOMM FM 29
1 33062U 08031C   26064.47186748  .00003031  00000-0  40075-3 0  9995
2 33062  48.4376 164.9602 0004721  69.3432  29.4947 14.82420987952890
0 ORBCOMM FM 29
1 33062U 08031C   26064.47186748  .00003031  00000-0  40075-3 0  9995
2 33062  48.4376 164.9602 0004721  69.3432  29.4947 14.82420987952890
0 ORBCOMM FM 29
1 33062U 08031C   26065.26774036  .00002906  00000-0  38526-3 0  9994
2 33062  48.4375 161.1608 0004711  73.0405 316.5837 14.82425557953016
0 ORBCOMM FM 29
1 33062U 08031C   26065.53436534  .00002913  00000-0  38610-3 0  9994
2 33062  48.4375 159.8879 0004696  74.1990 299.4818 14.82427202953054
0 ORBCOMM FM 29
1 33062U 08031C   26066.20928522  .00002385  00000-0  32103-3 0  9996
2 33062  48.4375 156.6659 0004695  77.5704 300.8972 14.82429788953154
0 ORBCOMM FM 29
1 33062U 08031C   26066.28017542  .00002936  00000-0  38883-3 0  9998
2 33062  48.4374 156.3274 0004691  77.8406 319.2576 14.82432040953161
0 ORBCOMM FM 29
1 33062U 08031C   26066.49344574  .00002956  00000-0  39133-3 0  9990
2 33062  48.4374 155.3092 0004675  78.7289  17.4612 14.82433385953193
0 ORBCOMM FM 29
1 33062U 08031C   26066.64022531  .00002897  00000-0  38404-3 0  9997
2 33062  48.4374 154.6085 0004699  79.6384  80.5122 14.82434063953213
0 ORBCOMM FM 29
1 33062U 08031C   26066.64022532  .00002897  00000-0  38404-3 0  9998
2 33062  48.4374 154.6085 0004699  79.6384  80.5122 14.82434063953213
0 ORBCOMM FM 29
1 33062U 08031C   26067.48908378  .00002798  00000-0  37185-3 0  9997
2 33062  48.4373 150.5560 0004689  83.5199 290.4558 14.82438822953348
0 ORBCOMM FM 29
1 33062U 08031C   26067.57964039  .00002801  00000-0  37216-3 0  9993
2 33062  48.4373 150.1237 0004703  84.0412  53.6061 14.82439383953358
0 ORBCOMM FM 29
1 33062U 08031C   26068.44753895  .00002325  00000-0  31356-3 0  9996
2 33062  48.4372 145.9801 0004700  88.2179   4.9648 14.82442952953489
0 ORBCOMM FM 29
1 33062U 08031C   26068.44753895  .00002325  00000-0  31356-3 0  9996
2 33062  48.4372 145.9801 0004700  88.2179   4.9648 14.82442952953489
0 ORBCOMM FM 29
1 33062U 08031C   26068.72696596  .00002354  00000-0  31713-3 0  9990
2 33062  48.4370 144.6460 0004705  89.4840  56.1508 14.82444679953524
0 ORBCOMM FM 29
1 33062U 08031C   26068.72696596  .00002354  00000-0  31713-3 0  9990
2 33062  48.4370 144.6460 0004705  89.4840  56.1508 14.82444679953524
0 ORBCOMM FM 29
1 33062U 08031C   26069.17622998  .00002265  00000-0  30612-3 0  9993
2 33062  48.4370 142.5010 0004694  91.5906 293.6186 14.82447016953591
0 ORBCOMM FM 29
1 33062U 08031C   26069.17622998  .00002265  00000-0  30612-3 0  9993
2 33062  48.4370 142.5010 0004694  91.5906 293.6186 14.82447016953591
0 ORBCOMM FM 29
1 33062U 08031C   26070.18803925  .00002053  00000-0  27996-3 0  9993
2 33062  48.4370 137.6703 0004699  96.4477 292.9729 14.82451997953742
0 ORBCOMM FM 29
1 33062U 08031C   26070.18803925  .00002053  00000-0  27996-3 0  9993
2 33062  48.4370 137.6703 0004699  96.4477 292.9729 14.82451997953742
0 ORBCOMM FM 29
1 33062U 08031C   26070.32478558  .00002011  00000-0  27478-3 0  9998
2 33062  48.4369 137.0174 0004704  97.1669 302.6358 14.82452591953764
0 ORBCOMM FM 29
1 33062U 08031C   26070.60901281  .00002010  00000-0  27466-3 0  9999
2 33062  48.4369 135.6606 0004683  98.1711  19.7312 14.82454021953804
0 ORBCOMM FM 29
1 33062U 08031C   26071.55936848  .00002027  00000-0  27665-3 0  9990
2 33062  48.4369 131.1233 0004674 102.5539  51.3469 14.82458481953943
0 ORBCOMM FM 29
1 33062U 08031C   26071.55936849  .00002027  00000-0  27665-3 0  9991
2 33062  48.4369 131.1233 0004674 102.5539  51.3469 14.82458481953943
0 ORBCOMM FM 29
1 33062U 08031C   26072.57018015  .00001982  00000-0  27110-3 0  9994
2 33062  48.4371 126.2974 0004671 107.3571  45.4614 14.82462630954093
0 ORBCOMM FM 29
1 33062U 08031C   26072.91051234  .00001839  00000-0  25351-3 0  9998
2 33062  48.4371 124.6726 0004668 108.9542  61.6404 14.82463668954146
0 ORBCOMM FM 29
1 33062U 08031C   26073.58229819  .00001988  00000-0  27181-3 0  9996
2 33062  48.4371 121.4653 0004706 112.0779  46.6517 14.82466907954249
0 ORBCOMM FM 29
1 33062U 08031C   26073.85406514  .00001808  00000-0  24970-3 0  9999
2 33062  48.4371 120.1677 0004701 113.4786  56.8107 14.82467399954287
0 ORBCOMM FM 29
1 33062U 08031C   26074.52343862  .00001370  00000-0  19571-3 0  9995
2 33062  48.4370 116.9718 0004709 116.5901  28.9562 14.82468520954389
0 ORBCOMM FM 29
1 33062U 08031C   26074.86502597  .00001282  00000-0  18489-3 0  9993
2 33062  48.4370 115.3409 0004700 118.1046  51.9287 14.82469394954434
0 ORBCOMM FM 29
1 33062U 08031C   26075.11151301  .00001479  00000-0  20919-3 0  9994
2 33062  48.4369 114.1639 0004732 119.3980 287.1726 14.82470695954470
0 ORBCOMM FM 29
1 33062U 08031C   26076.12381634  .00001193  00000-0  17388-3 0  9999
2 33062  48.4368 109.3305 0004768 124.2390 289.2600 14.82473183954620
0 ORBCOMM FM 29
1 33062U 08031C   26076.26624373  .00001302  00000-0  18731-3 0  9999
2 33062  48.4380 108.6501 0004779 124.6651 329.5663 14.82473290954648
0 ORBCOMM FM 29
1 33062U 08031C   26076.47743844  .00001296  00000-0  18659-3 0  9998
2 33062  48.4380 107.6419 0004776 125.5307  16.7383 14.82473959954679
0 ORBCOMM FM 29
1 33062U 08031C   26077.32950958  .00001361  00000-0  19461-3 0  9994
2 33062  48.4381 103.5735 0004803 129.6313 243.7428 14.82477056954808
0 ORBCOMM FM 29
1 33062U 08031C   26077.49044802  .00001362  00000-0  19464-3 0  9998
2 33062  48.4381 102.8052 0004807 130.3452  22.6384 14.82477561954827
0 ORBCOMM FM 29
1 33062U 08031C   26077.49044803  .00001362  00000-0  19464-3 0  9999
2 33062  48.4381 102.8052 0004807 130.3452  22.6385 14.82477561954828
0 ORBCOMM FM 29
1 33062U 08031C   26077.83077365  .00001273  00000-0  18376-3 0  9998
2 33062  48.4382 101.1802 0004813 131.9374  38.8049 14.82478150954877
0 ORBCOMM FM 29
1 33062U 08031C   26077.83077366  .00001273  00000-0  18376-3 0  9999
2 33062  48.4382 101.1802 0004813 131.9374  38.8049 14.82478150954877
0 ORBCOMM FM 29
1 33062U 08031C   26078.28799751  .00001285  00000-0  18518-3 0  9999
2 33062  48.4382  98.9971 0004833 134.1357 318.7454 14.82479424954948
0 ORBCOMM FM 29
1 33062U 08031C   26078.34055837  .00001294  00000-0  18634-3 0  9995
2 33062  48.4382  98.7462 0004828 134.3327 239.2887 14.82479640954952
0 ORBCOMM FM 29
1 33062U 08031C   26079.08688514  .00001295  00000-0  18643-3 0  9992
2 33062  48.4382  95.1827 0004841 137.7435 262.1920 14.82481897955063
0 ORBCOMM FM 29
1 33062U 08031C   26079.08688514  .00001295  00000-0  18643-3 0  9992
2 33062  48.4382  95.1827 0004841 137.7435 262.1920 14.82481897955063
0 ORBCOMM FM 29
1 33062U 08031C   26079.44361318  .00001263  00000-0  18247-3 0  9997
2 33062  48.4382  93.4795 0004848 139.3108   5.9940 14.82482483955113
0 ORBCOMM FM 29
1 33062U 08031C   26079.44361319  .00001263  00000-0  18247-3 0  9998
2 33062  48.4382  93.4795 0004848 139.3108   5.9940 14.82482483955113
0 ORBCOMM FM 29
1 33062U 08031C   26079.78530824  .00001459  00000-0  20663-3 0  9996
2 33062  48.4383  91.8480 0004859 140.8877  29.5024 14.82484851955160
0 ORBCOMM FM 29
1 33062U 08031C   26079.78530824  .00001459  00000-0  20663-3 0  9996
2 33062  48.4383  91.8480 0004859 140.8877  29.5024 14.82484851955160
0 ORBCOMM FM 29
1 33062U 08031C   26080.45620806  .00001600  00000-0  22400-3 0  9991
2 33062  48.4382  88.6447 0004873 143.9340   9.9111 14.82487819955268
0 ORBCOMM FM 29
1 33062U 08031C   26081.30617876  .00001720  00000-0  23866-3 0  9999
2 33062  48.4382  84.5863 0004898 147.7805 225.9924 14.82491312955399
0 ORBCOMM FM 29
1 33062U 08031C   26081.73987826  .00001712  00000-0  23773-3 0  9999
2 33062  48.4383  82.5155 0004911 149.7065  20.5788 14.82492815955451
0 ORBCOMM FM 29
1 33062U 08031C   26082.24978584  .00001866  00000-0  25659-3 0  9992
2 33062  48.4382  80.0808 0004931 151.9868 221.8662 14.82495614955532
0 ORBCOMM FM 29
1 33062U 08031C   26082.24978586  .00001866  00000-0  25659-3 0  9994
2 33062  48.4382  80.0808 0004931 151.9868 221.8662 14.82495615955533
0 ORBCOMM FM 29
1 33062U 08031C   26082.75096683  .00001705  00000-0  23682-3 0  9995
2 33062  48.4384  77.6877 0004939 154.3182  16.4900 14.82496510955603
0 ORBCOMM FM 29
1 33062U 08031C   26083.26089175  .00001796  00000-0  24799-3 0  9990
2 33062  48.4384  75.2529 0004967 156.6831 217.7910 14.82498992955689
0 ORBCOMM FM 29
1 33062U 08031C   26083.26089176  .00001796  00000-0  24799-3 0  9991
2 33062  48.4384  75.2529 0004967 156.6831 217.7910 14.82498992955689
0 ORBCOMM FM 29
1 33062U 08031C   26083.93969676  .00001783  00000-0  24640-3 0  9998
2 33062  48.4386  72.0118 0004991 159.7644 240.4232 14.82501760955782
0 ORBCOMM FM 29
1 33062U 08031C   26084.00450744  .00001783  00000-0  24640-3 0  9998
2 33062  48.4386  71.7023 0004996 160.0644 226.2981 14.82502042955791
0 ORBCOMM FM 29
1 33062U 08031C   26084.70544653  .00001830  00000-0  25217-3 0  9992
2 33062  48.4388  68.3555 0005023 163.1617   7.1501 14.82505450955892
0 ORBCOMM FM 29
1 33062U 08031C   26084.95199773  .00001827  00000-0  25182-3 0  9995
2 33062  48.4389  67.1782 0005037 164.3030 242.9191 14.82506323955938
0 ORBCOMM FM 29
1 33062U 08031C   26084.95199774  .00001827  00000-0  25182-3 0  9996
2 33062  48.4389  67.1782 0005037 164.3030 242.9191 14.82506323955938
0 ORBCOMM FM 29
1 33062U 08031C   26085.37628323  .00001855  00000-0  25517-3 0  9993
2 33062  48.4391  65.1524 0005054 166.1344 347.3422 14.82508346955990
0 ORBCOMM FM 29
1 33062U 08031C   26085.37628323  .00001855  00000-0  25517-3 0  9993
2 33062  48.4391  65.1524 0005054 166.1344 347.3422 14.82508346955990
0 ORBCOMM FM 29
1 33062U 08031C   26086.22638538  .00001821  00000-0  25103-3 0  9991
2 33062  48.4383  61.0934 0005103 170.0793 204.0931 14.82512011956122
0 ORBCOMM FM 29
1 33062U 08031C   26086.32003979  .00001831  00000-0  25224-3 0  9992
2 33062  48.4383  60.6462 0005107 170.4332 343.9810 14.82512423956137
0 ORBCOMM FM 29
1 33062U 08031C   26086.38881265  .00001802  00000-0  24863-3 0  9996
2 33062  48.4383  60.3178 0005110 170.7409 351.0142 14.82512658956149
0 ORBCOMM FM 29
1 33062U 08031C   26086.65993058  .00001808  00000-0  24938-3 0  9999
2 33062  48.4383  59.0232 0005121 171.9396 357.9551 14.82513841956183
0 ORBCOMM FM 29
1 33062U 08031C   26087.17012933  .00001989  00000-0  27164-3 0  9995
2 33062  48.4384  56.5872 0005153 174.1317 200.9228 14.82516467956263
0 ORBCOMM FM 29
1 33062U 08031C   26087.33041607  .00002180  00000-0  29506-3 0  9999
2 33062  48.4384  55.8218 0005154 174.6890 336.5176 14.82517786956286
0 ORBCOMM FM 29
1 33062U 08031C   26087.67099538  .00002184  00000-0  29557-3 0  9992
2 33062  48.4384  54.1956 0005166 176.2002 354.1708 14.82519424956337
0 ORBCOMM FM 29
1 33062U 08031C   26088.12814308  .00002358  00000-0  31703-3 0  9992
2 33062  48.4385  52.0127 0005196 178.1504 274.0241 14.82522104956405
0 ORBCOMM FM 29
1 33062U 08031C   26089.07259177  .00002891  00000-0  38239-3 0  9997
2 33062  48.4387  47.5031 0005249 182.1088 274.7512 14.82528967956547
0 ORBCOMM FM 29
1 33062U 08031C   26089.28374185  .00002816  00000-0  37327-3 0  9991
2 33062  48.4387  46.4949 0005251 182.9642 321.7359 14.82529823956577
0 ORBCOMM FM 29
1 33062U 08031C   26089.28374186  .00002816  00000-0  37327-3 0  9992
2 33062  48.4387  46.4949 0005251 182.9642 321.7359 14.82529823956577
0 ORBCOMM FM 29
1 33062U 08031C   26089.62548071  .00002902  00000-0  38374-3 0  9995
2 33062  48.4388  44.8631 0005269 184.5243 345.5492 14.82532182956622
0 ORBCOMM FM 29
1 33062U 08031C   26089.93893632  .00002929  00000-0  38704-3 0  9991
2 33062  48.4389  43.3663 0005293 185.8394 218.5362 14.82534131956676
0 ORBCOMM FM 39
1 33063U 08031D   26060.43479260  .00002117  00000-0  29923-3 0  9995
2 33063  48.4393 211.4740 0006009  18.1008 342.0120 14.80779503951900
0 ORBCOMM FM 39
1 33063U 08031D   26060.63722541  .00002078  00000-0  29415-3 0  9992
2 33063  48.4393 210.5102 0005998  18.9897 341.1241 14.80780187951939
0 ORBCOMM FM 39
1 33063U 08031D   26060.63722541  .00002078  00000-0  29415-3 0  9992
2 33063  48.4393 210.5102 0005998  18.9897 341.1241 14.80780187951939
0 ORBCOMM FM 39
1 33063U 08031D   26061.10956810  .00002143  00000-0  30247-3 0  9991
2 33063  48.4381 208.2610 0005975  20.9813 339.1346 14.80782267952003
0 ORBCOMM FM 39
1 33063U 08031D   26061.37947801  .00002359  00000-0  33026-3 0  9997
2 33063  48.4382 206.9756 0005973  22.2360 337.8813 14.80784091952045
0 ORBCOMM FM 39
1 33063U 08031D   26061.37947801  .00002359  00000-0  33026-3 0  9997
2 33063  48.4382 206.9757 0005973  22.2360 337.8813 14.80784091952046
0 ORBCOMM FM 39
1 33063U 08031D   26061.78434215  .00002362  00000-0  33054-3 0  9997
2 33063  48.4382 205.0478 0005958  24.0572 336.0621 14.80786009952100
0 ORBCOMM FM 39
1 33063U 08031D   26061.78434216  .00002362  00000-0  33054-3 0  9998
2 33063  48.4382 205.0478 0005958  24.0572 336.0621 14.80786009952100
0 ORBCOMM FM 39
1 33063U 08031D   26062.45911443  .00002483  00000-0  34609-3 0  9996
2 33063  48.4384 201.8346 0005928  26.9364 333.1858 14.80789702952201
0 ORBCOMM FM 39
1 33063U 08031D   26062.59406852  .00002581  00000-0  35866-3 0  9999
2 33063  48.4385 201.1921 0005919  27.4773 332.6454 14.80790774952223
0 ORBCOMM FM 39
1 33063U 08031D   26062.79649968  .00002659  00000-0  36859-3 0  9997
2 33063  48.4384 200.2281 0005935  28.5958 331.5282 14.80792110952252
0 ORBCOMM FM 39
1 33063U 08031D   26062.79649968  .00002659  00000-0  36859-3 0  9997
2 33063  48.4384 200.2281 0005935  28.5958 331.5282 14.80792110952252
0 ORBCOMM FM 39
1 33063U 08031D   26063.40379174  .00002993  00000-0  41135-3 0  9999
2 33063  48.4385 197.3362 0005911  31.2221 328.9045 14.80796726952341
0 ORBCOMM FM 39
1 33063U 08031D   26063.40379174  .00002993  00000-0  41135-3 0  9999
2 33063  48.4385 197.3362 0005911  31.2221 328.9045 14.80796726952341
0 ORBCOMM FM 39
1 33063U 08031D   26063.74117609  .00002787  00000-0  38490-3 0  9990
2 33063  48.4385 195.7298 0005906  32.7664 327.3617 14.80797837952399
0 ORBCOMM FM 39
1 33063U 08031D   26063.74117609  .00002787  00000-0  38490-3 0  9990
2 33063  48.4385 195.7298 0005906  32.7664 327.3617 14.80797837952399
0 ORBCOMM FM 39
1 33063U 08031D   26064.61837271  .00002830  00000-0  39041-3 0  9993
2 33063  48.4387 191.5526 0005838  36.6952 323.4362 14.80802837952522
0 ORBCOMM FM 39
1 33063U 08031D   26064.61837271  .00002830  00000-0  39041-3 0  9993
2 33063  48.4387 191.5526 0005838  36.6952 323.4362 14.80802837952522
0 ORBCOMM FM 39
1 33063U 08031D   26064.82080198  .00002375  00000-0  33216-3 0  9996
2 33063  48.4386 190.5887 0005854  37.5371 322.5952 14.80802856952552
0 ORBCOMM FM 39
1 33063U 08031D   26065.29313726  .00002691  00000-0  37253-3 0  9990
2 33063  48.4386 188.3395 0005835  39.5425 320.5916 14.80806330952629
0 ORBCOMM FM 39
1 33063U 08031D   26065.49556625  .00002727  00000-0  37721-3 0  9999
2 33063  48.4387 187.3755 0005823  40.5717 319.5632 14.80807643952656
0 ORBCOMM FM 39
1 33063U 08031D   26066.03537630  .00002273  00000-0  31894-3 0  9996
2 33063  48.4387 184.8051 0005820  43.1074 317.0297 14.80809328952730
0 ORBCOMM FM 39
1 33063U 08031D   26066.03537630  .00002273  00000-0  31894-3 0  9996
2 33063  48.4387 184.8051 0005820  43.1074 317.0297 14.80809328952730
0 ORBCOMM FM 39
1 33063U 08031D   26066.44023300  .00002765  00000-0  38203-3 0  9992
2 33063  48.4387 182.8772 0005810  44.9430 315.1955 14.80813092952791
0 ORBCOMM FM 39
1 33063U 08031D   26066.50770924  .00002672  00000-0  37002-3 0  9993
2 33063  48.4387 182.5559 0005806  45.2463 314.8924 14.80813077952803
0 ORBCOMM FM 39
1 33063U 08031D   26066.64266137  .00002698  00000-0  37335-3 0  9991
2 33063  48.4387 181.9134 0005809  45.8788 314.2605 14.80813879952826
0 ORBCOMM FM 39
1 33063U 08031D   26066.64266137  .00002698  00000-0  37335-3 0  9991
2 33063  48.4387 181.9134 0005809  45.8788 314.2605 14.80813879952826
0 ORBCOMM FM 39
1 33063U 08031D   26067.04751707  .00002776  00000-0  38343-3 0  9995
2 33063  48.4387 179.9856 0005799  47.6361 312.5044 14.80816449952889
0 ORBCOMM FM 39
1 33063U 08031D   26067.51984803  .00002662  00000-0  36878-3 0  9997
2 33063  48.4386 177.7365 0005784  49.8307 310.3114 14.80818760952957
0 ORBCOMM FM 39
1 33063U 08031D   26067.58732392  .00002612  00000-0  36232-3 0  9997
2 33063  48.4386 177.4152 0005783  50.1270 310.0153 14.80818931952962
0 ORBCOMM FM 39
1 33063U 08031D   26068.32955675  .00002185  00000-0  30765-3 0  9991
2 33063  48.4385 173.8808 0005765  53.4882 306.6563 14.80821649953073
0 ORBCOMM FM 39
1 33063U 08031D   26068.59945914  .00002195  00000-0  30893-3 0  9998
2 33063  48.4385 172.5957 0005758  54.7239 305.4214 14.80823083953115
0 ORBCOMM FM 39
1 33063U 08031D   26068.59945914  .00002195  00000-0  30893-3 0  9998
2 33063  48.4385 172.5957 0005758  54.7239 305.4214 14.80823083953115
0 ORBCOMM FM 39
1 33063U 08031D   26069.27421353  .00002191  00000-0  30832-3 0  9999
2 33063  48.4385 169.3825 0005736  57.7565 302.3905 14.80826838953219
0 ORBCOMM FM 39
1 33063U 08031D   26069.27421354  .00002191  00000-0  30832-3 0  9990
2 33063  48.4385 169.3825 0005736  57.7565 302.3905 14.80826838953219
0 ORBCOMM FM 39
1 33063U 08031D   26069.67906585  .00002016  00000-0  28600-3 0  9994
2 33063  48.4385 167.4547 0005735  59.6513 300.4969 14.80828338953274
0 ORBCOMM FM 39
1 33063U 08031D   26069.67906585  .00002016  00000-0  28600-3 0  9994
2 33063  48.4385 167.4547 0005735  59.6513 300.4969 14.80828338953274
0 ORBCOMM FM 39
1 33063U 08031D   26070.21886771  .00001904  00000-0  27164-3 0  9999
2 33063  48.4384 164.8842 0005709  61.9354 298.2138 14.80830785953352
0 ORBCOMM FM 39
1 33063U 08031D   26070.28634296  .00001863  00000-0  26627-3 0  9996
2 33063  48.4384 164.5628 0005710  62.3163 297.8331 14.80830977953360
0 ORBCOMM FM 39
1 33063U 08031D   26070.48876855  .00001806  00000-0  25899-3 0  9994
2 33063  48.4386 163.5991 0005700  63.2194 296.9304 14.80831722953399
0 ORBCOMM FM 39
1 33063U 08031D   26070.75866910  .00001666  00000-0  24108-3 0  9991
2 33063  48.4385 162.3138 0005739  64.7217 295.4293 14.80832608953432
0 ORBCOMM FM 39
1 33063U 08031D   26070.75866910  .00001666  00000-0  24108-3 0  9991
2 33063  48.4385 162.3138 0005739  64.7217 295.4293 14.80832608953432
0 ORBCOMM FM 39
1 33063U 08031D   26071.63584436  .00001891  00000-0  26993-3 0  9993
2 33063  48.4385 158.1368 0005723  68.7709 291.3817 14.80837059953569
0 ORBCOMM FM 39
1 33063U 08031D   26071.70331977  .00001792  00000-0  25720-3 0  9998
2 33063  48.4385 157.8154 0005721  69.1223 291.0305 14.80836779953570
0 ORBCOMM FM 39
1 33063U 08031D   26071.70331977  .00001792  00000-0  25720-3 0  9998
2 33063  48.4385 157.8154 0005721  69.1223 291.0305 14.80836779953570
0 ORBCOMM FM 39
1 33063U 08031D   26072.58049297  .00001744  00000-0  25100-3 0  9995
2 33063  48.4386 153.6383 0005682  73.1990 286.9549 14.80840150953707
0 ORBCOMM FM 39
1 33063U 08031D   26072.91786671  .00001620  00000-0  23519-3 0  9991
2 33063  48.4386 152.0318 0005666  74.4475 285.7065 14.80841150953758
0 ORBCOMM FM 39
1 33063U 08031D   26073.59261329  .00001824  00000-0  26119-3 0  9999
2 33063  48.4386 148.8186 0005663  77.5837 282.5712 14.80844383953853
0 ORBCOMM FM 39
1 33063U 08031D   26073.92998612  .00001710  00000-0  24665-3 0  9996
2 33063  48.4386 147.2120 0005652  79.1076 281.0475 14.80845360953907
0 ORBCOMM FM 39
1 33063U 08031D   26074.53725685  .00001271  00000-0  19038-3 0  9992
2 33063  48.4386 144.3202 0005654  82.0420 278.1137 14.80846214953994
0 ORBCOMM FM 39
1 33063U 08031D   26075.14452660  .00001389  00000-0  20552-3 0  9993
2 33063  48.4386 141.4282 0005641  84.7834 275.3725 14.80848756954080
0 ORBCOMM FM 39
1 33063U 08031D   26075.61684734  .00001277  00000-0  19122-3 0  9991
2 33063  48.4394 139.1788 0005665  86.8166 273.3397 14.80849224954153
0 ORBCOMM FM 39
1 33063U 08031D   26075.61684734  .00001277  00000-0  19122-3 0  9991
2 33063  48.4394 139.1788 0005665  86.8166 273.3397 14.80849224954153
0 ORBCOMM FM 39
1 33063U 08031D   26076.49401317  .00001227  00000-0  18482-3 0  9995
2 33063  48.4394 135.0015 0005658  90.9143 269.2421 14.80851776954285
0 ORBCOMM FM 39
1 33063U 08031D   26077.50612557  .00001203  00000-0  18164-3 0  9999
2 33063  48.4393 130.1815 0005649  95.5412 264.6148 14.80854774954431
0 ORBCOMM FM 39
1 33063U 08031D   26077.50612557  .00001203  00000-0  18164-3 0  9999
2 33063  48.4393 130.1815 0005649  95.5412 264.6148 14.80854774954431
0 ORBCOMM FM 39
1 33063U 08031D   26077.84349588  .00001150  00000-0  17484-3 0  9992
2 33063  48.4393 128.5749 0005647  97.0961 263.0597 14.80855539954488
0 ORBCOMM FM 39
1 33063U 08031D   26077.84349588  .00001150  00000-0  17484-3 0  9992
2 33063  48.4393 128.5749 0005647  97.0961 263.0597 14.80855539954488
0 ORBCOMM FM 39
1 33063U 08031D   26078.45076251  .00001061  00000-0  16347-3 0  9992
2 33063  48.4393 125.6829 0005649  99.9832 260.1721 14.80856663954571
0 ORBCOMM FM 39
1 33063U 08031D   26079.05802815  .00001113  00000-0  17012-3 0  9990
2 33063  48.4394 122.7909 0005647 102.7815 257.3731 14.80858577954666
0 ORBCOMM FM 39
1 33063U 08031D   26079.05802816  .00001113  00000-0  17012-3 0  9991
2 33063  48.4394 122.7909 0005647 102.7815 257.3731 14.80858577954666
0 ORBCOMM FM 39
1 33063U 08031D   26079.46287230  .00001086  00000-0  16665-3 0  9995
2 33063  48.4393 120.8631 0005662 104.6729 255.4814 14.80859262954728
0 ORBCOMM FM 39
1 33063U 08031D   26079.46287230  .00001086  00000-0  16665-3 0  9995
2 33063  48.4393 120.8631 0005662 104.6729 255.4814 14.80859262954728
0 ORBCOMM FM 39
1 33063U 08031D   26079.80024127  .00001099  00000-0  16833-3 0  9998
2 33063  48.4393 119.2564 0005674 106.2559 253.8981 14.80860328954774
0 ORBCOMM FM 39
1 33063U 08031D   26079.80024128  .00001099  00000-0  16833-3 0  9999
2 33063  48.4393 119.2564 0005674 106.2559 253.8981 14.80860328954774
0 ORBCOMM FM 39
1 33063U 08031D   26080.47497841  .00001282  00000-0  19180-3 0  9992
2 33063  48.4394 116.0431 0005679 109.3696 250.7833 14.80863274954870
0 ORBCOMM FM 39
1 33063U 08031D   26080.81234683  .00001278  00000-0  19122-3 0  9994
2 33063  48.4394 114.4365 0005689 111.0090 249.1434 14.80864189954928
0 ORBCOMM FM 39
1 33063U 08031D   26081.75697720  .00001336  00000-0  19861-3 0  9998
2 33063  48.4393 109.9378 0005697 115.3185 244.8321 14.80867119955060
0 ORBCOMM FM 39
1 33063U 08031D   26082.36423801  .00001441  00000-0  21212-3 0  9993
2 33063  48.4393 107.0457 0005704 118.1594 241.9898 14.80869604955159
0 ORBCOMM FM 39
1 33063U 08031D   26082.76907862  .00001310  00000-0  19530-3 0  9996
2 33063  48.4393 105.1177 0005709 120.0061 240.1422 14.80870078955211
0 ORBCOMM FM 39
1 33063U 08031D   26083.44381159  .00001367  00000-0  20256-3 0  9996
2 33063  48.4392 101.9043 0005726 123.1079 237.0387 14.80872521955319
0 ORBCOMM FM 39
1 33063U 08031D   26083.78117715  .00001330  00000-0  19786-3 0  9994
2 33063  48.4393 100.2977 0005731 124.6987 235.4468 14.80873624955360
0 ORBCOMM FM 39
1 33063U 08031D   26084.45590854  .00001404  00000-0  20728-3 0  9998
2 33063  48.4394  97.0842 0005748 127.7726 232.3710 14.80876246955468
0 ORBCOMM FM 39
1 33063U 08031D   26084.99569263  .00001400  00000-0  20685-3 0  9995
2 33063  48.4394  94.5134 0005759 130.2877 229.8542 14.80878132955541
0 ORBCOMM FM 39
1 33063U 08031D   26084.99569263  .00001400  00000-0  20685-3 0  9995
2 33063  48.4394  94.5134 0005759 130.2877 229.8542 14.80878132955541
0 ORBCOMM FM 39
1 33063U 08031D   26085.40053017  .00001426  00000-0  21007-3 0  9994
2 33063  48.4395  92.5854 0005773 132.1165 228.0242 14.80879737955603
0 ORBCOMM FM 39
1 33063U 08031D   26085.40053018  .00001426  00000-0  21007-3 0  9995
2 33063  48.4395  92.5854 0005773 132.1165 228.0242 14.80879737955603
0 ORBCOMM FM 39
1 33063U 08031D   26086.07525820  .00001518  00000-0  22181-3 0  9990
2 33063  48.4396  89.3718 0005788 135.2319 224.9064 14.80882769955705
0 ORBCOMM FM 39
1 33063U 08031D   26086.27767692  .00001458  00000-0  21417-3 0  9991
2 33063  48.4397  88.4078 0005789 136.0688 224.0688 14.80883040955733
0 ORBCOMM FM 39
1 33063U 08031D   26086.41262244  .00001452  00000-0  21346-3 0  9995
2 33063  48.4397  87.7653 0005793 136.6543 223.4829 14.80883488955753
0 ORBCOMM FM 39
1 33063U 08031D   26086.41262245  .00001452  00000-0  21346-3 0  9996
2 33063  48.4397  87.7653 0005793 136.6543 223.4829 14.80883488955753
0 ORBCOMM FM 39
1 33063U 08031D   26086.95240374  .00001507  00000-0  22041-3 0  9998
2 33063  48.4398  85.1944 0005805 139.1157 221.0195 14.80885745955839
0 ORBCOMM FM 39
1 33063U 08031D   26087.01987642  .00001498  00000-0  21926-3 0  9992
2 33063  48.4399  84.8731 0005809 139.4368 220.6981 14.80885925955840
0 ORBCOMM FM 39
1 33063U 08031D   26087.22229420  .00001626  00000-0  23567-3 0  9994
2 33063  48.4400  83.9091 0005819 140.3601 219.7741 14.80887339955871
0 ORBCOMM FM 39
1 33063U 08031D   26087.35723946  .00001626  00000-0  23561-3 0  9994
2 33063  48.4401  83.2665 0005815 140.9447 219.1889 14.80887776955896
0 ORBCOMM FM 39
1 33063U 08031D   26087.69460189  .00001611  00000-0  23367-3 0  9996
2 33063  48.4402  81.6598 0005830 142.5536 217.5786 14.80888980955940
0 ORBCOMM FM 39
1 33063U 08031D   26087.69460190  .00001611  00000-0  23367-3 0  9998
2 33063  48.4402  81.6598 0005830 142.5536 217.5786 14.80888980955940
0 ORBCOMM FM 39
1 33063U 08031D   26088.23438075  .00001994  00000-0  28270-3 0  9998
2 33063  48.4401  79.0889 0005852 145.0227 215.1073 14.80893167956028
0 ORBCOMM FM 39
1 33063U 08031D   26089.17899272  .00002060  00000-0  29109-3 0  9999
2 33063  48.4403  74.5902 0005888 149.2735 210.8526 14.80897098956162
0 ORBCOMM FM 39
1 33063U 08031D   26089.24646491  .00002061  00000-0  29119-3 0  9992
2 33063  48.4403  74.2689 0005888 149.5826 210.5432 14.80897366956177
0 ORBCOMM FM 39
1 33063U 08031D   26089.31393706  .00002072  00000-0  29266-3 0  9993
2 33063  48.4403  73.9476 0005892 149.8398 210.2857 14.80897693956181
0 ORBCOMM FM 39
1 33063U 08031D   26089.31393706  .00002072  00000-0  29266-3 0  9993
2 33063  48.4403  73.9476 0005892 149.8398 210.2857 14.80897693956181
0 ORBCOMM FM 39
1 33063U 08031D   26089.85371322  .00002145  00000-0  30191-3 0  9992
2 33063  48.4404  71.3769 0005909 152.2970 207.8261 14.80900461956260
0 ORBCOMM FM 37
1 33064U 08031E   26060.37448881  .00002272  00000-0  31768-3 0  9996
2 33064  48.4375 199.8844 0004453  38.4757 347.3158 14.80973224952155
0 ORBCOMM FM 37
1 33064U 08031E   26060.80320159  .00002259  00000-0  31591-3 0  9990
2 33064  48.4376 197.8424 0004445  40.4631 112.8588 14.80975238952219
0 ORBCOMM FM 37
1 33064U 08031E   26060.80320159  .00002259  00000-0  31591-3 0  9990
2 33064  48.4376 197.8424 0004445  40.4631 112.8588 14.80975238952219
0 ORBCOMM FM 37
1 33064U 08031E   26061.38735425  .00002373  00000-0  33044-3 0  9992
2 33064  48.4377 195.0598 0004408  43.2062 347.0491 14.80978398952305
0 ORBCOMM FM 37
1 33064U 08031E   26061.65409653  .00002325  00000-0  32436-3 0  9994
2 33064  48.4378 193.7895 0004417  44.2745 329.2713 14.80979534952346
0 ORBCOMM FM 37
1 33064U 08031E   26061.65409654  .00002325  00000-0  32436-3 0  9995
2 33064  48.4378 193.7895 0004417  44.2745 329.2713 14.80979534952346
0 ORBCOMM FM 37
1 33064U 08031E   26062.47682498  .00002446  00000-0  33978-3 0  9991
2 33064  48.4380 189.8706 0004379  47.8407  35.6501 14.80983968952469
0 ORBCOMM FM 37
1 33064U 08031E   26062.61839766  .00002578  00000-0  35658-3 0  9992
2 33064  48.4381 189.1963 0004382  48.4944  70.4075 14.80985174952481
0 ORBCOMM FM 37
1 33064U 08031E   26062.75970084  .00002609  00000-0  36048-3 0  9995
2 33064  48.4380 188.5232 0004392  49.1760 103.6988 14.80986006952507
0 ORBCOMM FM 37
1 33064U 08031E   26062.75970084  .00002609  00000-0  36048-3 0  9995
2 33064  48.4380 188.5232 0004392  49.1760 103.6988 14.80986006952507
0 ORBCOMM FM 37
1 33064U 08031E   26063.41937829  .00002908  00000-0  39869-3 0  9995
2 33064  48.4380 185.3810 0004369  52.2299  20.5926 14.80990628952605
0 ORBCOMM FM 37
1 33064U 08031E   26063.41937829  .00002908  00000-0  39869-3 0  9995
2 33064  48.4380 185.3809 0004369  52.2299  20.5926 14.80990628952603
0 ORBCOMM FM 37
1 33064U 08031E   26063.70258857  .00002726  00000-0  37538-3 0  9993
2 33064  48.4380 184.0320 0004362  53.4022  90.5925 14.80991526952645
0 ORBCOMM FM 37
1 33064U 08031E   26064.28638635  .00002644  00000-0  36495-3 0  9993
2 33064  48.4380 181.2512 0004342  55.9902 323.0773 14.80994448952730
0 ORBCOMM FM 37
1 33064U 08031E   26064.35792232  .00002652  00000-0  36593-3 0  9993
2 33064  48.4380 180.9104 0004355  56.4859 344.2893 14.80994898952742
0 ORBCOMM FM 37
1 33064U 08031E   26064.71448106  .00002718  00000-0  37430-3 0  9995
2 33064  48.4380 179.2121 0004355  58.0996  85.2333 14.80997061952793
0 ORBCOMM FM 37
1 33064U 08031E   26064.71448106  .00002718  00000-0  37430-3 0  9995
2 33064  48.4380 179.2121 0004355  58.0996  85.2333 14.80997061952793
0 ORBCOMM FM 37
1 33064U 08031E   26065.56713716  .00002585  00000-0  35734-3 0  9998
2 33064  48.4380 175.1507 0004332  62.1040 310.9155 14.81001218952923
0 ORBCOMM FM 37
1 33064U 08031E   26065.79330887  .00002576  00000-0  35621-3 0  9992
2 33064  48.4380 174.0735 0004311  63.1385  76.7122 14.81002383952952
0 ORBCOMM FM 37
1 33064U 08031E   26066.31246596  .00002467  00000-0  34228-3 0  9995
2 33064  48.4379 171.6006 0004308  65.7682 324.2601 14.81004692953036
0 ORBCOMM FM 37
1 33064U 08031E   26066.45918582  .00002419  00000-0  33615-3 0  9997
2 33064  48.4380 170.9017 0004297  66.4881  26.4252 14.81005250953054
0 ORBCOMM FM 37
1 33064U 08031E   26066.60078035  .00002331  00000-0  32493-3 0  9990
2 33064  48.4380 170.2273 0004291  67.1191  61.3306 14.81005574953076
0 ORBCOMM FM 37
1 33064U 08031E   26066.67165181  .00002353  00000-0  32779-3 0  9997
2 33064  48.4380 169.8897 0004293  67.4470  79.1677 14.81006019953081
0 ORBCOMM FM 37
1 33064U 08031E   26067.01338387  .00002408  00000-0  33473-3 0  9999
2 33064  48.4380 168.2616 0004283  69.4219 100.6520 14.81007996953133
0 ORBCOMM FM 37
1 33064U 08031E   26067.47259326  .00002261  00000-0  31602-3 0  9993
2 33064  48.4379 166.0743 0004285  71.7626  28.6225 14.81009725953209
0 ORBCOMM FM 37
1 33064U 08031E   26067.47259328  .00002261  00000-0  31602-3 0  9995
2 33064  48.4379 166.0743 0004285  71.7626  28.6225 14.81009725953209
0 ORBCOMM FM 37
1 33064U 08031E   26067.68487271  .00002250  00000-0  31453-3 0  9990
2 33064  48.4379 165.0633 0004288  72.6528  80.4423 14.81010665953234
0 ORBCOMM FM 37
1 33064U 08031E   26068.48302663  .00001849  00000-0  26339-3 0  9990
2 33064  48.4378 161.2613 0004277  76.5785  15.4231 14.81013079953355
0 ORBCOMM FM 37
1 33064U 08031E   26068.48302663  .00001849  00000-0  26339-3 0  9990
2 33064  48.4378 161.2613 0004277  76.5785  15.4231 14.81013079953355
0 ORBCOMM FM 37
1 33064U 08031E   26068.69062832  .00001842  00000-0  26246-3 0  9994
2 33064  48.4377 160.2726 0004266  77.0893  42.6651 14.81013977953380
0 ORBCOMM FM 37
1 33064U 08031E   26068.69062833  .00001842  00000-0  26246-3 0  9995
2 33064  48.4377 160.2726 0004266  77.0893  42.6651 14.81013977953380
0 ORBCOMM FM 37
1 33064U 08031E   26069.28268659  .00001814  00000-0  25890-3 0  9998
2 33064  48.4377 157.4523 0004235  79.7856 319.1714 14.81016882953477
0 ORBCOMM FM 37
1 33064U 08031E   26069.28268660  .00001814  00000-0  25890-3 0  9990
2 33064  48.4377 157.4523 0004235  79.7856 319.1714 14.81016882953477
0 ORBCOMM FM 37
1 33064U 08031E   26069.63976607  .00001694  00000-0  24364-3 0  9997
2 33064  48.4376 155.7514 0004221  81.4300  62.8912 14.81018029953529
0 ORBCOMM FM 37
1 33064U 08031E   26069.98200029  .00001690  00000-0  24307-3 0  9996
2 33064  48.4377 154.1213 0004235  83.2338  87.2428 14.81019778953575
0 ORBCOMM FM 37
1 33064U 08031E   26070.22519961  .00001672  00000-0  24083-3 0  9994
2 33064  48.4377 152.9627 0004238  84.5288 303.6539 14.81020711953613
0 ORBCOMM FM 37
1 33064U 08031E   26070.29568300  .00001652  00000-0  23825-3 0  9993
2 33064  48.4377 152.6270 0004243  84.8359 319.4450 14.81020992953621
0 ORBCOMM FM 37
1 33064U 08031E   26070.36241797  .00001646  00000-0  23753-3 0  9992
2 33064  48.4377 152.3090 0004239  85.2350 315.1428 14.81021268953635
0 ORBCOMM FM 37
1 33064U 08031E   26070.64660443  .00001665  00000-0  23992-3 0  9992
2 33064  48.4377 150.9555 0004244  86.3531  30.4396 14.81022559953673
0 ORBCOMM FM 37
1 33064U 08031E   26070.64660443  .00001665  00000-0  23992-3 0  9992
2 33064  48.4377 150.9555 0004244  86.3531  30.4396 14.81022558953672
0 ORBCOMM FM 37
1 33064U 08031E   26071.59588753  .00001691  00000-0  24320-3 0  9995
2 33064  48.4377 146.4336 0004218  90.9664  51.1949 14.81026513953813
0 ORBCOMM FM 37
1 33064U 08031E   26071.59588754  .00001691  00000-0  24320-3 0  9996
2 33064  48.4377 146.4336 0004218  90.9664  51.1949 14.81026513953813
0 ORBCOMM FM 37
1 33064U 08031E   26071.73159014  .00001714  00000-0  24610-3 0  9993
2 33064  48.4377 145.7871 0004223  91.6275  54.6438 14.81027195953831
0 ORBCOMM FM 37
1 33064U 08031E   26071.73159015  .00001714  00000-0  24610-3 0  9994
2 33064  48.4377 145.7871 0004223  91.6275  54.6438 14.81027195953831
0 ORBCOMM FM 37
1 33064U 08031E   26072.60252978  .00001722  00000-0  24716-3 0  9999
2 33064  48.4379 141.6386 0004234  95.5795  18.0328 14.81030607953969
0 ORBCOMM FM 37
1 33064U 08031E   26072.67407726  .00001730  00000-0  24811-3 0  9994
2 33064  48.4379 141.2978 0004240  95.9498  39.4409 14.81030917953975
0 ORBCOMM FM 37
1 33064U 08031E   26073.46082318  .00001551  00000-0  22530-3 0  9995
2 33064  48.4379 137.5501 0004241  99.7980 273.6848 14.81033310954097
0 ORBCOMM FM 37
1 33064U 08031E   26073.68757362  .00001762  00000-0  25215-3 0  9994
2 33064  48.4379 136.4700 0004249 100.8777  42.5530 14.81034967954126
0 ORBCOMM FM 37
1 33064U 08031E   26074.47289116  .00001380  00000-0  20352-3 0  9992
2 33064  48.4378 132.7290 0004251 104.6877 269.2236 14.81036658954247
0 ORBCOMM FM 37
1 33064U 08031E   26074.90694017  .00001177  00000-0  17753-3 0  9995
2 33064  48.4378 130.6615 0004248 106.7601  63.2532 14.81037452954300
0 ORBCOMM FM 37
1 33064U 08031E   26075.15351462  .00001373  00000-0  20258-3 0  9999
2 33064  48.4387 129.4865 0004269 107.7995 297.9443 14.81038324954343
0 ORBCOMM FM 37
1 33064U 08031E   26076.09660425  .00001167  00000-0  17635-3 0  9991
2 33064  48.4386 124.9940 0004285 112.3784 285.7356 14.81040318954481
0 ORBCOMM FM 37
1 33064U 08031E   26076.09660425  .00001167  00000-0  17635-3 0  9991
2 33064  48.4386 124.9939 0004285 112.3784 285.7356 14.81040318954489
0 ORBCOMM FM 37
1 33064U 08031E   26076.52087503  .00001180  00000-0  17800-3 0  9998
2 33064  48.4386 122.9729 0004293 114.3423  27.7015 14.81041605954548
0 ORBCOMM FM 37
1 33064U 08031E   26076.86346318  .00001124  00000-0  17076-3 0  9990
2 33064  48.4387 121.3409 0004290 115.9400  54.1739 14.81042375954593
0 ORBCOMM FM 37
1 33064U 08031E   26076.86346318  .00001124  00000-0  17076-3 0  9990
2 33064  48.4387 121.3409 0004290 115.9400  54.1739 14.81042375954593
0 ORBCOMM FM 37
1 33064U 08031E   26077.53491705  .00001184  00000-0  17849-3 0  9990
2 33064  48.4386 118.1422 0004306 119.1695  33.8637 14.81044648954698
0 ORBCOMM FM 37
1 33064U 08031E   26077.53491706  .00001184  00000-0  17849-3 0  9991
2 33064  48.4386 118.1422 0004306 119.1695  33.8637 14.81044648954698
0 ORBCOMM FM 37
1 33064U 08031E   26077.87554324  .00001139  00000-0  17266-3 0  9997
2 33064  48.4387 116.5195 0004313 120.8210  49.8168 14.81045415954743
0 ORBCOMM FM 37
1 33064U 08031E   26077.87554325  .00001139  00000-0  17266-3 0  9998
2 33064  48.4387 116.5195 0004313 120.8210  49.8168 14.81045415954743
0 ORBCOMM FM 37
1 33064U 08031E   26078.33334615  .00001143  00000-0  17327-3 0  9991
2 33064  48.4387 114.3386 0004325 123.0496 330.4539 14.81046555954810
0 ORBCOMM FM 37
1 33064U 08031E   26078.47927233  .00001061  00000-0  16273-3 0  9998
2 33064  48.4387 113.6435 0004318 123.6295  28.5469 14.81046532954836
0 ORBCOMM FM 37
1 33064U 08031E   26079.13304701  .00001110  00000-0  16899-3 0  9990
2 33064  48.4387 110.5290 0004335 126.7548 274.0127 14.81048544954930
0 ORBCOMM FM 37
1 33064U 08031E   26079.13304701  .00001110  00000-0  16899-3 0  9990
2 33064  48.4387 110.5290 0004335 126.7548 274.0127 14.81048544954930
0 ORBCOMM FM 37
1 33064U 08031E   26079.83198490  .00001105  00000-0  16840-3 0  9993
2 33064  48.4387 107.1995 0004353 129.9928  40.3621 14.81050186955031
0 ORBCOMM FM 37
1 33064U 08031E   26079.83198491  .00001105  00000-0  16840-3 0  9994
2 33064  48.4387 107.1995 0004353 129.9929  40.3621 14.81050186955032
0 ORBCOMM FM 37
1 33064U 08031E   26080.50374276  .00001309  00000-0  19437-3 0  9998
2 33064  48.4387 103.9994 0004362 133.0404  21.8784 14.81053241955139
0 ORBCOMM FM 37
1 33064U 08031E   26081.02168534  .00001292  00000-0  19215-3 0  9999
2 33064  48.4388 101.5320 0004369 135.4994 263.2106 14.81054532955217
0 ORBCOMM FM 37
1 33064U 08031E   26081.78838580  .00001343  00000-0  19862-3 0  9992
2 33064  48.4387  97.8795 0004401 139.0759  30.8278 14.81056977955320
0 ORBCOMM FM 37
1 33064U 08031E   26082.29866038  .00001460  00000-0  21357-3 0  9990
2 33064  48.4386  95.4485 0004416 141.4524 231.3363 14.81059241955401
0 ORBCOMM FM 37
1 33064U 08031E   26082.29866038  .00001460  00000-0  21357-3 0  9990
2 33064  48.4386  95.4485 0004416 141.4524 231.3363 14.81059240955400
0 ORBCOMM FM 37
1 33064U 08031E   26083.31080713  .00001401  00000-0  20602-3 0  9999
2 33064  48.4387  90.6267 0004438 146.0353 227.6909 14.81062017955557
0 ORBCOMM FM 37
1 33064U 08031E   26083.31080714  .00001401  00000-0  20602-3 0  9990
2 33064  48.4387  90.6267 0004438 146.0353 227.6909 14.81062017955557
0 ORBCOMM FM 37
1 33064U 08031E   26083.98718431  .00001395  00000-0  20524-3 0  9992
2 33064  48.4387  87.4044 0004461 149.1329 233.8331 14.81064305955658
0 ORBCOMM FM 37
1 33064U 08031E   26084.41628218  .00001416  00000-0  20790-3 0  9993
2 33064  48.4389  85.3602 0004475 150.9360   1.7559 14.81065856955710
0 ORBCOMM FM 37
1 33064U 08031E   26084.75694899  .00001411  00000-0  20731-3 0  9998
2 33064  48.4389  83.7372 0004484 152.4593  18.0826 14.81067159955762
0 ORBCOMM FM 37
1 33064U 08031E   26084.75694899  .00001411  00000-0  20731-3 0  9998
2 33064  48.4389  83.7372 0004484 152.4593  18.0826 14.81067159955762
0 ORBCOMM FM 37
1 33064U 08031E   26085.42885003  .00001432  00000-0  20992-3 0  9994
2 33064  48.4390  80.5363 0004515 155.4844   0.4216 14.81069492955867
0 ORBCOMM FM 37
1 33064U 08031E   26085.94684426  .00001530  00000-0  22236-3 0  9999
2 33064  48.4392  78.0685 0004531 157.8129 242.1951 14.81071992955946
0 ORBCOMM FM 37
1 33064U 08031E   26086.15986044  .00001484  00000-0  21658-3 0  9999
2 33064  48.4393  77.0537 0004540 158.7293 297.9671 14.81072462955977
0 ORBCOMM FM 37
1 33064U 08031E   26086.27924096  .00001485  00000-0  21667-3 0  9992
2 33064  48.4394  76.4850 0004540 159.1971 214.5336 14.81072889955995
0 ORBCOMM FM 37
1 33064U 08031E   26086.71331072  .00001427  00000-0  20926-3 0  9990
2 33064  48.4395  74.4172 0004558 161.1740   8.8279 14.81074198956050
0 ORBCOMM FM 37
1 33064U 08031E   26086.71331073  .00001427  00000-0  20926-3 0  9991
2 33064  48.4395  74.4172 0004558 161.1740   8.8279 14.81074198956050
0 ORBCOMM FM 37
1 33064U 08031E   26087.22385992  .00001701  00000-0  24416-3 0  9990
2 33064  48.4395  71.9848 0004587 163.4842 210.9005 14.81077548956136
0 ORBCOMM FM 37
1 33064U 08031E   26087.22385992  .00001701  00000-0  24416-3 0  9990
2 33064  48.4395  71.9848 0004587 163.4842 210.9005 14.81077548956136
0 ORBCOMM FM 37
1 33064U 08031E   26087.38483603  .00001705  00000-0  24461-3 0  9999
2 33064  48.4396  71.2180 0004592 164.1310 349.2516 14.81078142956159
0 ORBCOMM FM 37
1 33064U 08031E   26087.38483603  .00001705  00000-0  24461-3 0  9999
2 33064  48.4396  71.2180 0004592 164.1310 349.2516 14.81078142956159
0 ORBCOMM FM 37
1 33064U 08031E   26087.97311400  .00001794  00000-0  25600-3 0  9993
2 33064  48.4397  68.4154 0004618 166.8132 245.7336 14.81080883956244
0 ORBCOMM FM 37
1 33064U 08031E   26088.98733030  .00002131  00000-0  29882-3 0  9994
2 33064  48.4399  63.5837 0004661 171.1911 253.4245 14.81086922956393
0 ORBCOMM FM 37
1 33064U 08031E   26088.98733030  .00002131  00000-0  29882-3 0  9994
2 33064  48.4399  63.5837 0004661 171.1911 253.4245 14.81086922956393
0 ORBCOMM FM 37
1 33064U 08031E   26089.34205943  .00002171  00000-0  30396-3 0  9998
2 33064  48.4399  61.8938 0004683 172.7559 344.7705 14.81088558956443
0 ORBCOMM FM 37
1 33064U 08031E   26089.34205944  .00002171  00000-0  30396-3 0  9999
2 33064  48.4399  61.8938 0004683 172.7559 344.7705 14.81088559956444
0 ORBCOMM FM 37
1 33064U 08031E   26089.92905875  .00002501  00000-0  34592-3 0  9992
2 33064  48.4388  59.0970 0004734 175.6016 234.2828 14.81091511956535
0 ORBCOMM FM 40
1 33065U 08031F   26060.33906177  .00002900  00000-0  37402-3 0  9999
2 33065  48.4394 179.4648 0005250  57.2557 334.2870 14.83603929952326
0 ORBCOMM FM 40
1 33065U 08031F   26060.33906177  .00002900  00000-0  37402-3 0  9999
2 33065  48.4394 179.4648 0005250  57.2557 334.2870 14.83603929952326
0 ORBCOMM FM 40
1 33065U 08031F   26060.55240191  .00002835  00000-0  36620-3 0  9998
2 33065  48.4395 178.4445 0005244  58.2578  33.6513 14.83605029952358
0 ORBCOMM FM 40
1 33065U 08031F   26060.55240191  .00002835  00000-0  36620-3 0  9998
2 33065  48.4395 178.4445 0005244  58.2578  33.6513 14.83605029952358
0 ORBCOMM FM 40
1 33065U 08031F   26061.03853792  .00002811  00000-0  36328-3 0  9998
2 33065  48.4396 176.1195 0005245  60.4839 109.9720 14.83608109952429
0 ORBCOMM FM 40
1 33065U 08031F   26061.35102330  .00003066  00000-0  39387-3 0  9999
2 33065  48.4396 174.6249 0005238  62.0274 338.7612 14.83610768952476
0 ORBCOMM FM 40
1 33065U 08031F   26061.35102330  .00003066  00000-0  39387-3 0  9999
2 33065  48.4396 174.6249 0005238  62.0274 338.7612 14.83610768952476
0 ORBCOMM FM 40
1 33065U 08031F   26061.70702896  .00003023  00000-0  38859-3 0  9997
2 33065  48.4397 172.9223 0005240  63.6150  80.1385 14.83612807952520
0 ORBCOMM FM 40
1 33065U 08031F   26061.70702896  .00003023  00000-0  38859-3 0  9997
2 33065  48.4397 172.9223 0005240  63.6150  80.1385 14.83612807952520
0 ORBCOMM FM 40
1 33065U 08031F   26062.43693034  .00003164  00000-0  40546-3 0  9993
2 33065  48.4399 169.4314 0005207  66.8805  18.4410 14.83617889952639
0 ORBCOMM FM 40
1 33065U 08031F   26062.57865799  .00003272  00000-0  41841-3 0  9996
2 33065  48.4400 168.7537 0005187  67.4298  55.4756 14.83619187952650
0 ORBCOMM FM 40
1 33065U 08031F   26062.71900576  .00003306  00000-0  42241-3 0  9998
2 33065  48.4400 168.0824 0005190  68.0382  85.0756 14.83620247952677
0 ORBCOMM FM 40
1 33065U 08031F   26062.71900578  .00003306  00000-0  42241-3 0  9990
2 33065  48.4400 168.0824 0005190  68.0382  85.0756 14.83620247952677
0 ORBCOMM FM 40
1 33065U 08031F   26063.51620767  .00003800  00000-0  48155-3 0  9997
2 33065  48.4400 164.2696 0005149  71.7830  22.6675 14.83627044952797
0 ORBCOMM FM 40
1 33065U 08031F   26063.51620767  .00003800  00000-0  48155-3 0  9997
2 33065  48.4400 164.2696 0005149  71.7829  22.6675 14.83627044952795
0 ORBCOMM FM 40
1 33065U 08031F   26063.58986006  .00003502  00000-0  44588-3 0  9990
2 33065  48.4400 163.9172 0005141  72.3900  55.7597 14.83626801952801
0 ORBCOMM FM 40
1 33065U 08031F   26064.00175943  .00003295  00000-0  42109-3 0  9994
2 33065  48.4401 161.9474 0005139  74.1255  95.7847 14.83629444952869
0 ORBCOMM FM 40
1 33065U 08031F   26064.31511133  .00003380  00000-0  43120-3 0  9992
2 33065  48.4399 160.4488 0005160  75.6623 329.2354 14.83631773952915
0 ORBCOMM FM 40
1 33065U 08031F   26064.46011034  .00003345  00000-0  42706-3 0  9993
2 33065  48.4400 159.7553 0005155  76.1773  23.7971 14.83632657952933
0 ORBCOMM FM 40
1 33065U 08031F   26064.46011035  .00003345  00000-0  42706-3 0  9994
2 33065  48.4400 159.7554 0005155  76.1773  23.7971 14.83632657952934
0 ORBCOMM FM 40
1 33065U 08031F   26065.25795999  .00003065  00000-0  39341-3 0  9990
2 33065  48.4399 155.9394 0005155  80.0476 324.7603 14.83637857953052
0 ORBCOMM FM 40
1 33065U 08031F   26065.61311760  .00003264  00000-0  41729-3 0  9994
2 33065  48.4399 154.2407 0005162  81.7426  61.5334 14.83640768953108
0 ORBCOMM FM 40
1 33065U 08031F   26066.19578183  .00002706  00000-0  35040-3 0  9991
2 33065  48.4398 151.4539 0005156  84.5598 293.3080 14.83643157953193
0 ORBCOMM FM 40
1 33065U 08031F   26066.26677815  .00003296  00000-0  42104-3 0  9995
2 33065  48.4398 151.1143 0005160  84.9576 312.4173 14.83645035953201
0 ORBCOMM FM 40
1 33065U 08031F   26066.47982683  .00003318  00000-0  42362-3 0  9991
2 33065  48.4398 150.0953 0005165  86.0392  10.1753 14.83646358953230
0 ORBCOMM FM 40
1 33065U 08031F   26066.62513051  .00003240  00000-0  41433-3 0  9999
2 33065  48.4397 149.4004 0005159  86.5687  66.3584 14.83647031953259
0 ORBCOMM FM 40
1 33065U 08031F   26066.96509278  .00003326  00000-0  42461-3 0  9999
2 33065  48.4396 147.7742 0005142  88.1190  82.0613 14.83649516953301
0 ORBCOMM FM 40
1 33065U 08031F   26066.96509279  .00003326  00000-0  42461-3 0  9990
2 33065  48.4396 147.7742 0005142  88.1190  82.0613 14.83649516953301
0 ORBCOMM FM 40
1 33065U 08031F   26067.49531938  .00003013  00000-0  38706-3 0  9996
2 33065  48.4399 145.2380 0005148  90.5830  33.9043 14.83652284953385
0 ORBCOMM FM 40
1 33065U 08031F   26067.63530407  .00003023  00000-0  38825-3 0  9995
2 33065  48.4398 144.5684 0005148  91.1898  61.5819 14.83653214953409
0 ORBCOMM FM 40
1 33065U 08031F   26068.43236830  .00002468  00000-0  32182-3 0  9999
2 33065  48.4398 140.7558 0005132  95.0265 358.4352 14.83656426953522
0 ORBCOMM FM 40
1 33065U 08031F   26068.43236830  .00002468  00000-0  32182-3 0  9999
2 33065  48.4398 140.7558 0005132  95.0265 358.4352 14.83656426953522
0 ORBCOMM FM 40
1 33065U 08031F   26069.23054179  .00002442  00000-0  31872-3 0  9999
2 33065  48.4397 136.9380 0005153  98.8219 301.2753 14.83661386953649
0 ORBCOMM FM 40
1 33065U 08031F   26069.23054179  .00002442  00000-0  31872-3 0  9999
2 33065  48.4397 136.9380 0005153  98.8219 301.2753 14.83661386953649
0 ORBCOMM FM 40
1 33065U 08031F   26069.49511215  .00002388  00000-0  31222-3 0  9994
2 33065  48.4397 135.6726 0005141 100.0207 274.3392 14.83662744953681
0 ORBCOMM FM 40
1 33065U 08031F   26069.58695794  .00002326  00000-0  30476-3 0  9991
2 33065  48.4396 135.2332 0005136 100.3744  44.9476 14.83663032953698
0 ORBCOMM FM 40
1 33065U 08031F   26069.92832097  .00002202  00000-0  29001-3 0  9993
2 33065  48.4397 133.6005 0005147 102.0567  68.0270 14.83664708953748
0 ORBCOMM FM 40
1 33065U 08031F   26070.17139096  .00002183  00000-0  28770-3 0  9991
2 33065  48.4396 132.4378 0005145 103.2905 286.1285 14.83665955953782
0 ORBCOMM FM 40
1 33065U 08031F   26070.17139097  .00002183  00000-0  28770-3 0  9992
2 33065  48.4396 132.4378 0005145 103.2905 286.1285 14.83665955953782
0 ORBCOMM FM 40
1 33065U 08031F   26070.52034889  .00002159  00000-0  28481-3 0  9996
2 33065  48.4396 130.7687 0005153 104.7934 349.9887 14.83667792953836
0 ORBCOMM FM 40
1 33065U 08031F   26070.66319745  .00002141  00000-0  28265-3 0  9999
2 33065  48.4396 130.0855 0005154 105.4085  32.9750 14.83668529953851
0 ORBCOMM FM 40
1 33065U 08031F   26070.66319747  .00002141  00000-0  28265-3 0  9991
2 33065  48.4396 130.0855 0005154 105.4085  32.9750 14.83668529953851
0 ORBCOMM FM 40
1 33065U 08031F   26071.61044774  .00002237  00000-0  29414-3 0  9995
2 33065  48.4397 125.5547 0005159 109.8356  52.1096 14.83673533953996
0 ORBCOMM FM 40
1 33065U 08031F   26071.67474318  .00002247  00000-0  29533-3 0  9995
2 33065  48.4397 125.2471 0005159 110.1463  35.4934 14.83673905954004
0 ORBCOMM FM 40
1 33065U 08031F   26071.67474318  .00002247  00000-0  29533-3 0  9995
2 33065  48.4397 125.2471 0005159 110.1463  35.4934 14.83673905954004
0 ORBCOMM FM 40
1 33065U 08031F   26072.61560231  .00002309  00000-0  30269-3 0  9997
2 33065  48.4397 120.7467 0005176 114.6031  20.4518 14.83678648954144
0 ORBCOMM FM 40
1 33065U 08031F   26072.89152470  .00002162  00000-0  28513-3 0  9995
2 33065  48.4398 119.4269 0005185 115.9785  54.0380 14.83679585954185
0 ORBCOMM FM 40
1 33065U 08031F   26073.56243189  .00002410  00000-0  31469-3 0  9998
2 33065  48.4397 116.2178 0005215 119.1170  37.2848 14.83683673954282
0 ORBCOMM FM 40
1 33065U 08031F   26073.83436360  .00002293  00000-0  30077-3 0  9996
2 33065  48.4397 114.9171 0005203 120.3167  49.7194 14.83684726954324
0 ORBCOMM FM 40
1 33065U 08031F   26074.57446105  .00001697  00000-0  22946-3 0  9999
2 33065  48.4397 111.3770 0005223 123.7193  42.5734 14.83686230954433
0 ORBCOMM FM 40
1 33065U 08031F   26074.84452252  .00001641  00000-0  22278-3 0  9996
2 33065  48.4397 110.0851 0005221 124.9851  44.9475 14.83687280954479
0 ORBCOMM FM 40
1 33065U 08031F   26075.44464338  .00001819  00000-0  24403-3 0  9990
2 33065  48.4396 107.2144 0005242 127.8118  10.1276 14.83690276954565
0 ORBCOMM FM 40
1 33065U 08031F   26076.52620941  .00001481  00000-0  20354-3 0  9990
2 33065  48.4395 102.0407 0005269 132.7398  26.8323 14.83693472954729
0 ORBCOMM FM 40
1 33065U 08031F   26076.79763153  .00001496  00000-0  20531-3 0  9995
2 33065  48.4395 100.7422 0005278 134.0249  36.4677 14.83694582954767
0 ORBCOMM FM 40
1 33065U 08031F   26076.79763154  .00001496  00000-0  20531-3 0  9996
2 33065  48.4395 100.7423 0005278 134.0249  36.4677 14.83694582954768
0 ORBCOMM FM 40
1 33065U 08031F   26077.46666951  .00001659  00000-0  22480-3 0  9994
2 33065  48.4394  97.5418 0005302 137.0530   9.8657 14.83697199954868
0 ORBCOMM FM 40
1 33065U 08031F   26077.46666953  .00001659  00000-0  22480-3 0  9996
2 33065  48.4394  97.5418 0005302 137.0530   9.8657 14.83697199954868
0 ORBCOMM FM 40
1 33065U 08031F   26077.80772199  .00001736  00000-0  23403-3 0  9996
2 33065  48.4408  95.9102 0005313 138.4511  31.6083 14.83698897954910
0 ORBCOMM FM 40
1 33065U 08031F   26077.80772199  .00001736  00000-0  23403-3 0  9996
2 33065  48.4408  95.9102 0005313 138.4511  31.6083 14.83698897954910
0 ORBCOMM FM 40
1 33065U 08031F   26078.31724808  .00001693  00000-0  22884-3 0  9991
2 33065  48.4408  93.4729 0005327 140.8147 232.9841 14.83700396954999
0 ORBCOMM FM 40
1 33065U 08031F   26078.47838584  .00001697  00000-0  22934-3 0  9995
2 33065  48.4409  92.7021 0005325 141.4721  13.7118 14.83701032955014
0 ORBCOMM FM 40
1 33065U 08031F   26079.06248427  .00001678  00000-0  22711-3 0  9994
2 33065  48.4409  89.9080 0005341 144.1684 253.3998 14.83703100955109
0 ORBCOMM FM 40
1 33065U 08031F   26079.06248428  .00001678  00000-0  22711-3 0  9995
2 33065  48.4409  89.9080 0005341 144.1684 253.3998 14.83703100955109
0 ORBCOMM FM 40
1 33065U 08031F   26079.32737164  .00001629  00000-0  22127-3 0  9991
2 33065  48.4409  88.6410 0005346 145.3094 228.2501 14.83703512955147
0 ORBCOMM FM 40
1 33065U 08031F   26079.76073941  .00001823  00000-0  24434-3 0  9994
2 33065  48.4410  86.5679 0005360 147.2623  22.9366 14.83706340955205
0 ORBCOMM FM 40
1 33065U 08031F   26079.76073941  .00001823  00000-0  24434-3 0  9994
2 33065  48.4410  86.5679 0005360 147.2623  22.9366 14.83706340955205
0 ORBCOMM FM 40
1 33065U 08031F   26080.27024677  .00001800  00000-0  24161-3 0  9996
2 33065  48.4410  84.1306 0005396 149.7069 224.1474 14.83708042955281
0 ORBCOMM FM 40
1 33065U 08031F   26080.43098512  .00001997  00000-0  26514-3 0  9994
2 33065  48.4409  83.3617 0005399 150.3270   2.7860 14.83709946955306
0 ORBCOMM FM 40
1 33065U 08031F   26081.22789678  .00002106  00000-0  27816-3 0  9991
2 33065  48.4409  79.5494 0005435 154.0055 299.1430 14.83713667955422
0 ORBCOMM FM 40
1 33065U 08031F   26081.71367381  .00002527  00000-0  32845-3 0  9993
2 33065  48.4399  77.2254 0005446 156.2875  13.6700 14.83715855955492
0 ORBCOMM FM 40
1 33065U 08031F   26082.72383879  .00002312  00000-0  30278-3 0  9995
2 33065  48.4401  72.3931 0005482 160.7442   9.2632 14.83720908955641
0 ORBCOMM FM 40
1 33065U 08031F   26083.23324590  .00002283  00000-0  29920-3 0  9996
2 33065  48.4403  69.9562 0005516 163.0108 210.1479 14.83723809955722
0 ORBCOMM FM 40
1 33065U 08031F   26083.97833366  .00002133  00000-0  28126-3 0  9994
2 33065  48.4405  66.3920 0005549 166.3345 229.8683 14.83727688955833
0 ORBCOMM FM 40
1 33065U 08031F   26084.33487343  .00002150  00000-0  28326-3 0  9996
2 33065  48.4406  64.6865 0005558 167.7948 334.3796 14.83729623955880
0 ORBCOMM FM 40
1 33065U 08031F   26084.67678088  .00002225  00000-0  29222-3 0  9990
2 33065  48.4407  63.0509 0005570 169.3888   0.5394 14.83731731955939
0 ORBCOMM FM 40
1 33065U 08031F   26084.67678088  .00002225  00000-0  29222-3 0  9990
2 33065  48.4407  63.0509 0005570 169.3888   0.5394 14.83731731955939
0 ORBCOMM FM 40
1 33065U 08031F   26085.18681905  .00002164  00000-0  28499-3 0  9996
2 33065  48.4408  60.6111 0005594 171.4725 204.9961 14.83733894956014
0 ORBCOMM FM 40
1 33065U 08031F   26085.18681906  .00002164  00000-0  28499-3 0  9997
2 33065  48.4408  60.6111 0005594 171.4725 204.9961 14.83733894956014
0 ORBCOMM FM 40
1 33065U 08031F   26085.34666867  .00002163  00000-0  28488-3 0  9991
2 33065  48.4407  59.8464 0005600 172.1284 338.8585 14.83734654956036
0 ORBCOMM FM 40
1 33065U 08031F   26085.93008264  .00002427  00000-0  31631-3 0  9994
2 33065  48.4408  57.0555 0005628 174.7056 215.0812 14.83738446956125
0 ORBCOMM FM 40
1 33065U 08031F   26085.93008264  .00002427  00000-0  31631-3 0  9994
2 33065  48.4408  57.0555 0005628 174.7056 215.0812 14.83738447956126
0 ORBCOMM FM 40
1 33065U 08031F   26086.19650056  .00002191  00000-0  28816-3 0  9994
2 33065  48.4410  55.7810 0005643 175.8495 198.1468 14.83738809956168
0 ORBCOMM FM 40
1 33065U 08031F   26086.28706577  .00002193  00000-0  28835-3 0  9997
2 33065  48.4409  55.3478 0005647 176.2169 321.9213 14.83739236956179
0 ORBCOMM FM 40
1 33065U 08031F   26086.62968917  .00002150  00000-0  28324-3 0  9999
2 33065  48.4410  53.7088 0005658 177.7017 352.0286 14.83740853956228
0 ORBCOMM FM 40
1 33065U 08031F   26086.62968917  .00002150  00000-0  28324-3 0  9999
2 33065  48.4410  53.7088 0005658 177.7017 352.0286 14.83740853956228
0 ORBCOMM FM 40
1 33065U 08031F   26086.94204126  .00002347  00000-0  30676-3 0  9990
2 33065  48.4411  52.2145 0005680 179.0980 220.4021 14.83742973956271
0 ORBCOMM FM 40
1 33065U 08031F   26087.20683272  .00002534  00000-0  32911-3 0  9995
2 33065  48.4412  50.9478 0005689 180.1684 194.8537 14.83744852956318
0 ORBCOMM FM 40
1 33065U 08031F   26087.20683272  .00002534  00000-0  32911-3 0  9995
2 33065  48.4412  50.9478 0005689 180.1684 194.8537 14.83744852956318
0 ORBCOMM FM 40
1 33065U 08031F   26087.29976525  .00002548  00000-0  33072-3 0  9994
2 33065  48.4412  50.5032 0005692 180.5481 331.2730 14.83745359956329
0 ORBCOMM FM 40
1 33065U 08031F   26087.63989568  .00002544  00000-0  33022-3 0  9994
2 33065  48.4412  48.8762 0005709 182.0611 348.0322 14.83747178956379
0 ORBCOMM FM 40
1 33065U 08031F   26087.63989568  .00002544  00000-0  33022-3 0  9994
2 33065  48.4412  48.8762 0005709 182.0611 348.0322 14.83747178956379
0 ORBCOMM FM 40
1 33065U 08031F   26088.23986679  .00003261  00000-0  41572-3 0  9997
2 33065  48.4412  46.0060 0005752 184.6426 312.7891 14.83752788956462
0 ORBCOMM FM 40
1 33065U 08031F   26089.15961721  .00003347  00000-0  42600-3 0  9998
2 33065  48.4414  41.6060 0005796 188.5109 185.7602 14.83758944956608
0 ORBCOMM FM 40
1 33065U 08031F   26089.25053471  .00003373  00000-0  42899-3 0  9992
2 33065  48.4415  41.1711 0005795 188.8658 311.4372 14.83759652956618
0 ORBCOMM FM 40
1 33065U 08031F   26089.32140361  .00003377  00000-0  42949-3 0  9995
2 33065  48.4415  40.8321 0005798 189.1747 329.9832 14.83760137956623
0 ORBCOMM FM 40
1 33065U 08031F   26089.62615741  .00003487  00000-0  44263-3 0  9990
2 33065  48.4417  39.3742 0005813 190.4964 157.8348 14.83762761956668
0 ORBCOMM FM 40
1 33065U 08031F   26089.90546667  .00003485  00000-0  44230-3 0  9993
2 33065  48.4417  38.0379 0005834 191.6690 209.8131 14.83764705956716
0 ORBCOMM FM 40
1 33065U 08031F   26089.90546668  .00003485  00000-0  44230-3 0  9994
2 33065  48.4417  38.0379 0005834 191.6690 209.8131 14.83764706956717
0 ORBCOMM FM 109
1 40086U 14040A   26060.84227141  .00000589  00000-0  16139-3 0  9995
2 40086  47.0019 238.9562 0001143  96.5002 263.6014 14.58707255618671
0 ORBCOMM FM 109
1 40086U 14040A   26060.84227142  .00000589  00000-0  16139-3 0  9996
2 40086  47.0019 238.9562 0001143  96.5002 263.6014 14.58707255618671
0 ORBCOMM FM 109
1 40086U 14040A   26061.52721116  .00000686  00000-0  18180-3 0  9998
2 40086  47.0020 235.7184 0001143 101.2649 258.8365 14.58708802618774
0 ORBCOMM FM 109
1 40086U 14040A   26061.52721116  .00000686  00000-0  18180-3 0  9998
2 40086  47.0020 235.7184 0001143 101.2649 258.8365 14.58708802618774
0 ORBCOMM FM 109
1 40086U 14040A   26061.80118682  .00000659  00000-0  17610-3 0  9994
2 40086  47.0020 234.4234 0001144 103.9114 256.1900 14.58709110618817
0 ORBCOMM FM 109
1 40086U 14040A   26061.80118682  .00000659  00000-0  17610-3 0  9994
2 40086  47.0020 234.4234 0001144 103.9114 256.1899 14.58709110618814
0 ORBCOMM FM 109
1 40086U 14040A   26062.48612580  .00000747  00000-0  19479-3 0  9998
2 40086  47.0020 231.1854 0001153 108.1548 251.9464 14.58710652618919
0 ORBCOMM FM 109
1 40086U 14040A   26062.48612581  .00000747  00000-0  19479-3 0  9999
2 40086  47.0020 231.1854 0001153 108.1548 251.9464 14.58710652618919
0 ORBCOMM FM 109
1 40086U 14040A   26063.51353163  .00000954  00000-0  23868-3 0  9999
2 40086  47.0019 226.3288 0001167 116.1398 243.9608 14.58713908619066
0 ORBCOMM FM 109
1 40086U 14040A   26063.51353164  .00000954  00000-0  23868-3 0  9990
2 40086  47.0019 226.3288 0001167 116.1398 243.9608 14.58713908619066
0 ORBCOMM FM 109
1 40086U 14040A   26063.78750642  .00000909  00000-0  22912-3 0  9990
2 40086  47.0019 225.0338 0001178 118.8332 241.2672 14.58714202619102
0 ORBCOMM FM 109
1 40086U 14040A   26063.78750643  .00000909  00000-0  22912-3 0  9991
2 40086  47.0019 225.0338 0001178 118.8332 241.2672 14.58714202619102
0 ORBCOMM FM 109
1 40086U 14040A   26064.47244315  .00000917  00000-0  23076-3 0  9993
2 40086  47.0019 221.7960 0001192 124.4983 235.6015 14.58715540619202
0 ORBCOMM FM 109
1 40086U 14040A   26064.74641757  .00000925  00000-0  23252-3 0  9999
2 40086  47.0019 220.5009 0001209 126.5476 233.5521 14.58716149619241
0 ORBCOMM FM 109
1 40086U 14040A   26064.74641758  .00000925  00000-0  23252-3 0  9990
2 40086  47.0019 220.5009 0001209 126.5476 233.5521 14.58716149619241
0 ORBCOMM FM 109
1 40086U 14040A   26065.15737926  .00000768  00000-0  19931-3 0  9993
2 40086  47.0020 218.5583 0001218 130.0800 230.0193 14.58716098619305
0 ORBCOMM FM 109
1 40086U 14040A   26065.43135337  .00000910  00000-0  22942-3 0  9997
2 40086  47.0020 217.2631 0001226 132.2470 227.8520 14.58717412619344
0 ORBCOMM FM 109
1 40086U 14040A   26065.77382086  .00000934  00000-0  23438-3 0  9996
2 40086  47.0020 215.6443 0001244 132.5143 227.5848 14.58718312619392
0 ORBCOMM FM 109
1 40086U 14040A   26065.77382086  .00000934  00000-0  23438-3 0  9996
2 40086  47.0020 215.6443 0001244 132.5143 227.5848 14.58718312619392
0 ORBCOMM FM 109
1 40086U 14040A   26066.45875570  .00000970  00000-0  24216-3 0  9992
2 40086  47.0020 212.4064 0001282 136.5084 223.5903 14.58719883619499
0 ORBCOMM FM 109
1 40086U 14040A   26066.66423601  .00000934  00000-0  23436-3 0  9992
2 40086  47.0021 211.4352 0001286 139.5244 220.5737 14.58720080619521
0 ORBCOMM FM 109
1 40086U 14040A   26066.66423601  .00000934  00000-0  23436-3 0  9992
2 40086  47.0021 211.4352 0001286 139.5244 220.5737 14.58720080619521
0 ORBCOMM FM 109
1 40086U 14040A   26067.07519612  .00000948  00000-0  23743-3 0  9992
2 40086  47.0022 209.4926 0001300 141.9291 218.1686 14.58721109619587
0 ORBCOMM FM 109
1 40086U 14040A   26067.48615644  .00000897  00000-0  22653-3 0  9991
2 40086  47.0023 207.5500 0001321 144.5415 215.5558 14.58721630619640
0 ORBCOMM FM 109
1 40086U 14040A   26067.62314305  .00000909  00000-0  22916-3 0  9993
2 40086  47.0023 206.9025 0001326 145.3625 214.7348 14.58721984619664
0 ORBCOMM FM 109
1 40086U 14040A   26067.89711622  .00000845  00000-0  21564-3 0  9992
2 40086  47.0025 205.6076 0001330 147.0550 213.0419 14.58722253619705
0 ORBCOMM FM 109
1 40086U 14040A   26068.51355584  .00000794  00000-0  20479-3 0  9990
2 40086  47.0025 202.6936 0001358 151.3637 208.7324 14.58723164619798
0 ORBCOMM FM 109
1 40086U 14040A   26068.58204904  .00000798  00000-0  20549-3 0  9998
2 40086  47.0025 202.3699 0001361 152.0077 208.0882 14.58723332619802
0 ORBCOMM FM 109
1 40086U 14040A   26068.85602179  .00000780  00000-0  20186-3 0  9992
2 40086  47.0026 201.0749 0001370 153.2814 206.8143 14.58723838619848
0 ORBCOMM FM 109
1 40086U 14040A   26068.85602180  .00000780  00000-0  20186-3 0  9994
2 40086  47.0026 201.0749 0001370 153.2814 206.8143 14.58723838619848
0 ORBCOMM FM 109
1 40086U 14040A   26069.40396703  .00000776  00000-0  20081-3 0  9996
2 40086  47.0026 198.4847 0001395 156.9005 203.1943 14.58724978619928
0 ORBCOMM FM 109
1 40086U 14040A   26069.74643292  .00000762  00000-0  19796-3 0  9997
2 40086  47.0027 196.8660 0001416 158.5410 201.5535 14.58725547619973
0 ORBCOMM FM 109
1 40086U 14040A   26069.74643292  .00000762  00000-0  19796-3 0  9997
2 40086  47.0027 196.8660 0001416 158.5410 201.5535 14.58725547619973
0 ORBCOMM FM 109
1 40086U 14040A   26070.43136360  .00000711  00000-0  18717-3 0  9994
2 40086  47.0027 193.6282 0001453 162.9397 197.1538 14.58726729620071
0 ORBCOMM FM 109
1 40086U 14040A   26070.70533585  .00000712  00000-0  18725-3 0  9994
2 40086  47.0027 192.3333 0001465 164.4275 195.6656 14.58727267620116
0 ORBCOMM FM 109
1 40086U 14040A   26070.84232199  .00000643  00000-0  17269-3 0  9991
2 40086  47.0027 191.6858 0001473 165.5710 194.5217 14.58727150620139
0 ORBCOMM FM 109
1 40086U 14040A   26070.84232200  .00000643  00000-0  17269-3 0  9994
2 40086  47.0027 191.6858 0001473 165.5711 194.5218 14.58727150620131
0 ORBCOMM FM 109
1 40086U 14040A   26071.32177295  .00000729  00000-0  19093-3 0  9992
2 40086  47.0028 189.4193 0001495 168.5642 191.5278 14.58728554620209
0 ORBCOMM FM 109
1 40086U 14040A   26071.32177295  .00000729  00000-0  19093-3 0  9992
2 40086  47.0028 189.4193 0001495 168.5642 191.5278 14.58728554620209
0 ORBCOMM FM 109
1 40086U 14040A   26071.80122344  .00000701  00000-0  18501-3 0  9993
2 40086  47.0026 187.1528 0001528 170.8168 189.2746 14.58729416620279
0 ORBCOMM FM 109
1 40086U 14040A   26071.80122344  .00000701  00000-0  18501-3 0  9993
2 40086  47.0026 187.1528 0001528 170.8168 189.2745 14.58729416620278
0 ORBCOMM FM 109
1 40086U 14040A   26072.34916692  .00000671  00000-0  17852-3 0  9994
2 40086  47.0026 184.5626 0001556 173.7918 186.2987 14.58730254620350
0 ORBCOMM FM 109
1 40086U 14040A   26073.03409544  .00000628  00000-0  16948-3 0  9991
2 40086  47.0027 181.3252 0001589 176.0292 184.0607 14.58731422620452
0 ORBCOMM FM 109
1 40086U 14040A   26073.65053052  .00000660  00000-0  17628-3 0  9990
2 40086  47.0027 178.4113 0001629 179.0686 181.0203 14.58732783620540
0 ORBCOMM FM 109
1 40086U 14040A   26074.60942932  .00000475  00000-0  13706-3 0  9997
2 40086  47.0026 173.8785 0001692 183.7959 176.2915 14.58733395620689
0 ORBCOMM FM 109
1 40086U 14040A   26075.63682006  .00000454  00000-0  13268-3 0  9994
2 40086  47.0025 169.0220 0001740 188.0262 172.0596 14.58734859620830
0 ORBCOMM FM 109
1 40086U 14040A   26075.97928337  .00000426  00000-0  12669-3 0  9994
2 40086  47.0025 167.4031 0001755 189.6602 170.4251 14.58735229620880
0 ORBCOMM FM 109
1 40086U 14040A   26075.97928337  .00000426  00000-0  12669-3 0  9994
2 40086  47.0025 167.4031 0001755 189.6602 170.4251 14.58735229620880
0 ORBCOMM FM 109
1 40086U 14040A   26076.59571736  .00000430  00000-0  12751-3 0  9997
2 40086  47.0025 164.4891 0001793 192.1162 167.9681 14.58736038620970
0 ORBCOMM FM 109
1 40086U 14040A   26076.93818045  .00000399  00000-0  12091-3 0  9993
2 40086  47.0025 162.8702 0001815 193.7276 166.3560 14.58736336621028
0 ORBCOMM FM 109
1 40086U 14040A   26077.48612118  .00000443  00000-0  13015-3 0  9994
2 40086  47.0023 160.2797 0001861 196.1388 163.9439 14.58737229621103
0 ORBCOMM FM 109
1 40086U 14040A   26077.55461380  .00000424  00000-0  12620-3 0  9995
2 40086  47.0023 159.9560 0001865 196.4490 163.6336 14.58737211621112
0 ORBCOMM FM 109
1 40086U 14040A   26077.55461380  .00000424  00000-0  12620-3 0  9995
2 40086  47.0023 159.9560 0001865 196.4490 163.6336 14.58737211621112
0 ORBCOMM FM 109
1 40086U 14040A   26078.65049487  .00000358  00000-0  11221-3 0  9999
2 40086  47.0023 154.7756 0001924 201.0108 159.0699 14.58738129621274
0 ORBCOMM FM 109
1 40086U 14040A   26078.65049488  .00000358  00000-0  11221-3 0  9990
2 40086  47.0023 154.7756 0001924 201.0108 159.0699 14.58738129621274
0 ORBCOMM FM 109
1 40086U 14040A   26079.19843530  .00000362  00000-0  11316-3 0  9990
2 40086  47.0023 152.1853 0001955 203.3774 156.7023 14.58738663621359
0 ORBCOMM FM 109
1 40086U 14040A   26079.19843531  .00000362  00000-0  11316-3 0  9991
2 40086  47.0023 152.1853 0001955 203.3774 156.7023 14.58738663621359
0 ORBCOMM FM 109
1 40086U 14040A   26079.54089777  .00000390  00000-0  11901-3 0  9995
2 40086  47.0021 150.5665 0001969 205.5748 154.5040 14.58739176621401
0 ORBCOMM FM 109
1 40086U 14040A   26079.54089777  .00000390  00000-0  11901-3 0  9995
2 40086  47.0021 150.5665 0001969 205.5748 154.5040 14.58739176621401
0 ORBCOMM FM 109
1 40086U 14040A   26080.56828472  .00000405  00000-0  12212-3 0  9995
2 40086  47.0022 145.7100 0002022 209.8671 150.2100 14.58740366621554
0 ORBCOMM FM 109
1 40086U 14040A   26080.91074664  .00000415  00000-0  12424-3 0  9996
2 40086  47.0023 144.0914 0002042 209.9439 150.1330 14.58740914621604
0 ORBCOMM FM 109
1 40086U 14040A   26081.86963969  .00000426  00000-0  12671-3 0  9992
2 40086  47.0024 139.5585 0002085 214.7209 145.3541 14.58742149621741
0 ORBCOMM FM 109
1 40086U 14040A   26082.21210124  .00000469  00000-0  13572-3 0  9998
2 40086  47.0023 137.9396 0002103 215.9176 144.1569 14.58742817621793
0 ORBCOMM FM 109
1 40086U 14040A   26082.55456289  .00000418  00000-0  12499-3 0  9990
2 40086  47.0023 136.3208 0002117 217.1162 142.9578 14.58742955621847
0 ORBCOMM FM 109
1 40086U 14040A   26083.44496217  .00000409  00000-0  12301-3 0  9996
2 40086  47.0024 132.1118 0002159 220.6278 139.4446 14.58744144621976
0 ORBCOMM FM 109
1 40086U 14040A   26083.85591547  .00000412  00000-0  12377-3 0  9990
2 40086  47.0024 130.1692 0002175 222.2066 137.8652 14.58744744622037
0 ORBCOMM FM 109
1 40086U 14040A   26084.47234512  .00000416  00000-0  12461-3 0  9993
2 40086  47.0024 127.2551 0002197 224.4222 135.6488 14.58745633622121
0 ORBCOMM FM 109
1 40086U 14040A   26084.81480588  .00000398  00000-0  12068-3 0  9999
2 40086  47.0023 125.6362 0002211 225.8280 134.2424 14.58746026622175
0 ORBCOMM FM 109
1 40086U 14040A   26084.81480589  .00000398  00000-0  12068-3 0  9990
2 40086  47.0023 125.6362 0002211 225.8281 134.2424 14.58746026622176
0 ORBCOMM FM 109
1 40086U 14040A   26085.49972720  .00000404  00000-0  12200-3 0  9994
2 40086  47.0022 122.3984 0002241 228.3699 131.6995 14.58746978622274
0 ORBCOMM FM 109
1 40086U 14040A   26085.49972720  .00000404  00000-0  12200-3 0  9994
2 40086  47.0022 122.3984 0002241 228.3699 131.6995 14.58746978622274
0 ORBCOMM FM 109
1 40086U 14040A   26086.11615605  .00000420  00000-0  12545-3 0  9990
2 40086  47.0022 119.4842 0002267 230.7196 129.3488 14.58747869622362
0 ORBCOMM FM 109
1 40086U 14040A   26086.25314018  .00000422  00000-0  12579-3 0  9998
2 40086  47.0022 118.8366 0002271 230.9247 129.1437 14.58748082622382
0 ORBCOMM FM 109
1 40086U 14040A   26086.52710840  .00000398  00000-0  12067-3 0  9995
2 40086  47.0022 117.5416 0002276 232.0024 128.0656 14.58748326622422
0 ORBCOMM FM 109
1 40086U 14040A   26086.52710841  .00000398  00000-0  12067-3 0  9996
2 40086  47.0022 117.5416 0002276 232.0024 128.0656 14.58748326622422
0 ORBCOMM FM 109
1 40086U 14040A   26086.80107653  .00000435  00000-0  12856-3 0  9996
2 40086  47.0022 116.2464 0002287 233.1950 126.8726 14.58748891622468
0 ORBCOMM FM 109
1 40086U 14040A   26086.80107653  .00000435  00000-0  12856-3 0  9996
2 40086  47.0022 116.2464 0002287 233.1950 126.8726 14.58748891622468
0 ORBCOMM FM 109
1 40086U 14040A   26087.41750459  .00000497  00000-0  14166-3 0  9996
2 40086  47.0022 113.3323 0002311 235.2139 124.8530 14.58750004622550
0 ORBCOMM FM 109
1 40086U 14040A   26087.41750461  .00000497  00000-0  14166-3 0  9999
2 40086  47.0022 113.3323 0002311 235.2139 124.8530 14.58750004622550
0 ORBCOMM FM 109
1 40086U 14040A   26088.03393215  .00000530  00000-0  14859-3 0  9995
2 40086  47.0022 110.4181 0002332 237.5713 122.4947 14.58751008622647
0 ORBCOMM FM 109
1 40086U 14040A   26089.06131049  .00000649  00000-0  17391-3 0  9999
2 40086  47.0023 105.5613 0002361 241.0565 119.0084 14.58753122622799
0 ORBCOMM FM 109
1 40086U 14040A   26089.06131049  .00000649  00000-0  17391-3 0  9999
2 40086  47.0023 105.5613 0002361 241.0565 119.0084 14.58753122622799
0 ORBCOMM FM 109
1 40086U 14040A   26089.40376992  .00000650  00000-0  17419-3 0  9998
2 40086  47.0023 103.9424 0002370 242.0429 118.0217 14.58753556622845
0 ORBCOMM FM 109
1 40086U 14040A   26089.40376993  .00000650  00000-0  17419-3 0  9999
2 40086  47.0023 103.9424 0002370 242.0429 118.0217 14.58753556622845
0 ORBCOMM FM 109
1 40086U 14040A   26089.74622891  .00000661  00000-0  17653-3 0  9999
2 40086  47.0024 102.3235 0002378 243.3434 116.7209 14.58754170622891
0 ORBCOMM FM 107
1 40087U 14040B   26060.17244193  .00000806  00000-0  20692-3 0  9999
2 40087  47.0037 242.9776 0000818 346.4152  13.6711 14.58789280618658
0 ORBCOMM FM 107
1 40087U 14040B   26060.51489272  .00000816  00000-0  20906-3 0  9995
2 40087  47.0037 241.3585 0000799 347.4189  12.6677 14.58789953618701
0 ORBCOMM FM 107
1 40087U 14040B   26060.78885328  .00000799  00000-0  20542-3 0  9992
2 40087  47.0037 240.0635 0000783 348.6636  11.4232 14.58790370618749
0 ORBCOMM FM 107
1 40087U 14040B   26060.92583348  .00000780  00000-0  20137-3 0  9995
2 40087  47.0035 239.4158 0000777 349.4560  10.6309 14.58790519618760
0 ORBCOMM FM 107
1 40087U 14040B   26060.92583349  .00000780  00000-0  20137-3 0  9996
2 40087  47.0035 239.4158 0000777 349.4560  10.6309 14.58790519618760
0 ORBCOMM FM 107
1 40087U 14040B   26061.19979382  .00000887  00000-0  22404-3 0  9999
2 40087  47.0035 238.1207 0000764 350.0557  10.0313 14.58791607618804
0 ORBCOMM FM 107
1 40087U 14040B   26061.54224422  .00000864  00000-0  21926-3 0  9999
2 40087  47.0035 236.5017 0000738 351.0867   9.0006 14.58792102618854
0 ORBCOMM FM 107
1 40087U 14040B   26061.54224422  .00000864  00000-0  21926-3 0  9999
2 40087  47.0034 236.5016 0000738 351.0867   9.0006 14.58792102618852
0 ORBCOMM FM 107
1 40087U 14040B   26061.88469421  .00000865  00000-0  21939-3 0  9991
2 40087  47.0035 234.8828 0000721 352.7101   7.3774 14.58792824618906
0 ORBCOMM FM 107
1 40087U 14040B   26061.88469422  .00000865  00000-0  21939-3 0  9992
2 40087  47.0035 234.8828 0000721 352.7101   7.3774 14.58792824618906
0 ORBCOMM FM 107
1 40087U 14040B   26062.43261403  .00000978  00000-0  24334-3 0  9990
2 40087  47.0036 232.2924 0000693 354.1328   5.9550 14.58794506618984
0 ORBCOMM FM 107
1 40087U 14040B   26062.43261404  .00000978  00000-0  24334-3 0  9991
2 40087  47.0036 232.2924 0000693 354.1328   5.9550 14.58794506618984
0 ORBCOMM FM 107
1 40087U 14040B   26062.77506343  .00001072  00000-0  26324-3 0  9999
2 40087  47.0035 230.6735 0000681 356.3003   3.7878 14.58795795619033
0 ORBCOMM FM 107
1 40087U 14040B   26062.77506343  .00001072  00000-0  26324-3 0  9999
2 40087  47.0035 230.6735 0000681 356.3003   3.7878 14.58795795619033
0 ORBCOMM FM 107
1 40087U 14040B   26063.45996168  .00001162  00000-0  28226-3 0  9996
2 40087  47.0035 227.4355 0000641 358.9881   1.1003 14.58797857619137
0 ORBCOMM FM 107
1 40087U 14040B   26063.45996169  .00001162  00000-0  28226-3 0  9997
2 40087  47.0035 227.4355 0000641 358.9881   1.1003 14.58797857619137
0 ORBCOMM FM 107
1 40087U 14040B   26063.73392111  .00001077  00000-0  26431-3 0  9996
2 40087  47.0035 226.1403 0000601 359.3941   0.6944 14.58797936619175
0 ORBCOMM FM 107
1 40087U 14040B   26063.73392112  .00001077  00000-0  26431-3 0  9997
2 40087  47.0035 226.1403 0000601 359.3941   0.6944 14.58797936619175
0 ORBCOMM FM 107
1 40087U 14040B   26064.48730851  .00001095  00000-0  26817-3 0  9994
2 40087  47.0035 222.5786 0000557   1.9625 358.1263 14.58799651619281
0 ORBCOMM FM 107
1 40087U 14040B   26064.62428786  .00001103  00000-0  26979-3 0  9990
2 40087  47.0035 221.9311 0000548   2.6194 357.4695 14.58800025619309
0 ORBCOMM FM 107
1 40087U 14040B   26064.62428786  .00001103  00000-0  26979-3 0  9990
2 40087  47.0035 221.9311 0000548   2.6194 357.4695 14.58800025619309
0 ORBCOMM FM 107
1 40087U 14040B   26065.78861131  .00001129  00000-0  27521-3 0  9995
2 40087  47.0037 216.4267 0000478   7.2233 352.8660 14.58802906619476
0 ORBCOMM FM 107
1 40087U 14040B   26065.92559059  .00000960  00000-0  23955-3 0  9993
2 40087  47.0035 215.7789 0000468   8.5482 351.5412 14.58802267619497
0 ORBCOMM FM 107
1 40087U 14040B   26065.92559060  .00000960  00000-0  23955-3 0  9995
2 40087  47.0035 215.7789 0000468   8.5482 351.5412 14.58802267619497
0 ORBCOMM FM 107
1 40087U 14040B   26066.40501681  .00001189  00000-0  28798-3 0  9999
2 40087  47.0035 213.5123 0000441   9.7393 350.3501 14.58804716619565
0 ORBCOMM FM 107
1 40087U 14040B   26066.61048568  .00001100  00000-0  26925-3 0  9995
2 40087  47.0035 212.5410 0000424  10.2280 349.8614 14.58804594619591
0 ORBCOMM FM 107
1 40087U 14040B   26066.61048569  .00001100  00000-0  26925-3 0  9996
2 40087  47.0035 212.5410 0000424  10.2280 349.8614 14.58804594619591
0 ORBCOMM FM 107
1 40087U 14040B   26067.08991151  .00001114  00000-0  27214-3 0  9999
2 40087  47.0036 210.2745 0000401  12.3911 347.6984 14.58805894619665
0 ORBCOMM FM 107
1 40087U 14040B   26067.43235830  .00001126  00000-0  27464-3 0  9993
2 40087  47.0036 208.6554 0000374  14.4110 345.6786 14.58806808619717
0 ORBCOMM FM 107
1 40087U 14040B   26067.43235831  .00001126  00000-0  27464-3 0  9994
2 40087  47.0036 208.6554 0000374  14.4110 345.6786 14.58806808619717
0 ORBCOMM FM 107
1 40087U 14040B   26068.39120926  .00000921  00000-0  23126-3 0  9991
2 40087  47.0037 204.1224 0000310  20.2621 339.8277 14.58807864619853
0 ORBCOMM FM 107
1 40087U 14040B   26068.39120927  .00000921  00000-0  23126-3 0  9992
2 40087  47.0037 204.1224 0000310  20.2621 339.8277 14.58807864619853
0 ORBCOMM FM 107
1 40087U 14040B   26069.41854788  .00000885  00000-0  22364-3 0  9997
2 40087  47.0040 199.2656 0000250  31.1140 328.9761 14.58809996620004
0 ORBCOMM FM 107
1 40087U 14040B   26069.69250473  .00000869  00000-0  22018-3 0  9996
2 40087  47.0040 197.9706 0000231  33.4873 326.6027 14.58810464620048
0 ORBCOMM FM 107
1 40087U 14040B   26069.69250474  .00000869  00000-0  22018-3 0  9997
2 40087  47.0040 197.9706 0000231  33.4873 326.6027 14.58810464620048
0 ORBCOMM FM 107
1 40087U 14040B   26070.03495047  .00000782  00000-0  20168-3 0  9992
2 40087  47.0045 196.3521 0000177  30.1842 329.9054 14.58810784620096
0 ORBCOMM FM 107
1 40087U 14040B   26070.30890693  .00000790  00000-0  20347-3 0  9996
2 40087  47.0045 195.0569 0000163  33.1305 326.9591 14.58811407620137
0 ORBCOMM FM 107
1 40087U 14040B   26070.37739623  .00000779  00000-0  20120-3 0  9994
2 40087  47.0045 194.7331 0000197  41.6919 318.3981 14.58811470620141
0 ORBCOMM FM 107
1 40087U 14040B   26070.71984169  .00000782  00000-0  20175-3 0  9993
2 40087  47.0044 193.1142 0000188  47.5798 312.5104 14.58812211620195
0 ORBCOMM FM 107
1 40087U 14040B   26070.71984169  .00000782  00000-0  20175-3 0  9993
2 40087  47.0044 193.1142 0000188  47.5798 312.5104 14.58812211620195
0 ORBCOMM FM 107
1 40087U 14040B   26071.06228714  .00000679  00000-0  17993-3 0  9998
2 40087  47.0045 191.4953 0000159  51.6429 308.4471 14.58812333620244
0 ORBCOMM FM 107
1 40087U 14040B   26071.06228715  .00000679  00000-0  17993-3 0  9999
2 40087  47.0045 191.4953 0000159  51.6429 308.4471 14.58812333620244
0 ORBCOMM FM 107
1 40087U 14040B   26072.50055599  .00000717  00000-0  18800-3 0  9998
2 40087  47.0045 184.6959 0000116  95.5371 264.5528 14.58815364620455
0 ORBCOMM FM 107
1 40087U 14040B   26072.70602273  .00000715  00000-0  18756-3 0  9995
2 40087  47.0044 183.7246 0000128  99.6132 260.4768 14.58815752620481
0 ORBCOMM FM 107
1 40087U 14040B   26073.25393393  .00000638  00000-0  17137-3 0  9992
2 40087  47.0043 181.1341 0000151 111.7054 248.3848 14.58816353620564
0 ORBCOMM FM 107
1 40087U 14040B   26073.59637804  .00000661  00000-0  17609-3 0  9997
2 40087  47.0045 179.5156 0000143 122.8328 237.2571 14.58817180620614
0 ORBCOMM FM 107
1 40087U 14040B   26073.80184462  .00000615  00000-0  16634-3 0  9994
2 40087  47.0045 178.5443 0000151 126.3088 233.7812 14.58817293620640
0 ORBCOMM FM 107
1 40087U 14040B   26074.62371049  .00000470  00000-0  13573-3 0  9992
2 40087  47.0045 174.6589 0000183 144.0971 215.9927 14.58817871620765
0 ORBCOMM FM 107
1 40087U 14040B   26075.65104203  .00000446  00000-0  13056-3 0  9991
2 40087  47.0043 169.8020 0000226 158.9382 201.1513 14.58819274620911
0 ORBCOMM FM 107
1 40087U 14040B   26075.65104203  .00000446  00000-0  13056-3 0  9991
2 40087  47.0043 169.8020 0000226 158.9382 201.1513 14.58819274620911
0 ORBCOMM FM 107
1 40087U 14040B   26076.60988417  .00000422  00000-0  12545-3 0  9990
2 40087  47.0043 165.2691 0000280 165.4559 194.6335 14.58820441621056
0 ORBCOMM FM 107
1 40087U 14040B   26076.95232751  .00000396  00000-0  11995-3 0  9999
2 40087  47.0043 163.6502 0000293 168.9703 191.1189 14.58820777621109
0 ORBCOMM FM 107
1 40087U 14040B   26077.50023675  .00000436  00000-0  12860-3 0  9991
2 40087  47.0043 161.0598 0000327 173.8694 186.2195 14.58821667621187
0 ORBCOMM FM 107
1 40087U 14040B   26077.63721403  .00000422  00000-0  12546-3 0  9995
2 40087  47.0042 160.4123 0000333 174.3791 185.7099 14.58821763621201
0 ORBCOMM FM 107
1 40087U 14040B   26077.63721403  .00000422  00000-0  12546-3 0  9995
2 40087  47.0042 160.4123 0000333 174.3791 185.7099 14.58821763621201
0 ORBCOMM FM 107
1 40087U 14040B   26077.91116851  .00000394  00000-0  11954-3 0  9991
2 40087  47.0042 159.1171 0000346 176.9163 183.1725 14.58821965621240
0 ORBCOMM FM 107
1 40087U 14040B   26078.25361180  .00000398  00000-0  12038-3 0  9994
2 40087  47.0042 157.4981 0000370 178.7876 181.3011 14.58822303621298
0 ORBCOMM FM 107
1 40087U 14040B   26078.52756620  .00000359  00000-0  11216-3 0  9995
2 40087  47.0042 156.2030 0000387 179.8274 180.2612 14.58822429621331
0 ORBCOMM FM 107
1 40087U 14040B   26078.52756620  .00000359  00000-0  11216-3 0  9995
2 40087  47.0042 156.2030 0000387 179.8274 180.2612 14.58822429621331
0 ORBCOMM FM 107
1 40087U 14040B   26079.21245226  .00000360  00000-0  11244-3 0  9990
2 40087  47.0042 152.9651 0000423 183.7755 176.3128 14.58823106621434
0 ORBCOMM FM 107
1 40087U 14040B   26079.21245226  .00000360  00000-0  11244-3 0  9990
2 40087  47.0042 152.9651 0000423 183.7755 176.3128 14.58823106621434
0 ORBCOMM FM 107
1 40087U 14040B   26079.48640653  .00000358  00000-0  11194-3 0  9993
2 40087  47.0042 151.6700 0000438 185.0607 175.0274 14.58823383621471
0 ORBCOMM FM 107
1 40087U 14040B   26079.48640653  .00000358  00000-0  11194-3 0  9993
2 40087  47.0042 151.6700 0000438 185.0607 175.0274 14.58823383621471
0 ORBCOMM FM 107
1 40087U 14040B   26079.89733764  .00000357  00000-0  11169-3 0  9995
2 40087  47.0042 149.7274 0000455 187.3383 172.7496 14.58823867621534
0 ORBCOMM FM 107
1 40087U 14040B   26080.51373410  .00000413  00000-0  12373-3 0  9995
2 40087  47.0043 146.8133 0000490 190.0227 170.0649 14.58824860621629
0 ORBCOMM FM 107
1 40087U 14040B   26080.85617607  .00000436  00000-0  12857-3 0  9993
2 40087  47.0043 145.1944 0000515 190.0813 170.0063 14.58825513621671
0 ORBCOMM FM 107
1 40087U 14040B   26081.88350239  .00000433  00000-0  12787-3 0  9991
2 40087  47.0042 140.3376 0000572 194.1140 165.9730 14.58826722621821
0 ORBCOMM FM 107
1 40087U 14040B   26082.49989765  .00000427  00000-0  12654-3 0  9997
2 40087  47.0042 137.4235 0000606 196.8319 163.2547 14.58827467621911
0 ORBCOMM FM 107
1 40087U 14040B   26082.84233913  .00000443  00000-0  12988-3 0  9991
2 40087  47.0042 135.8046 0000618 198.8996 161.1867 14.58828064621960
0 ORBCOMM FM 107
1 40087U 14040B   26083.52722218  .00000413  00000-0  12364-3 0  9993
2 40087  47.0040 132.5666 0000656 200.5512 159.5348 14.58828796622066
0 ORBCOMM FM 107
1 40087U 14040B   26083.52722218  .00000413  00000-0  12364-3 0  9993
2 40087  47.0040 132.5666 0000656 200.5512 159.5348 14.58828796622066
0 ORBCOMM FM 107
1 40087U 14040B   26084.48605753  .00000423  00000-0  12581-3 0  9995
2 40087  47.0039 128.0335 0000700 203.9031 156.1823 14.58830199622207
0 ORBCOMM FM 107
1 40087U 14040B   26084.82849856  .00000430  00000-0  12718-3 0  9997
2 40087  47.0038 126.4144 0000717 205.1943 154.8908 14.58830697622257
0 ORBCOMM FM 107
1 40087U 14040B   26084.82849856  .00000430  00000-0  12718-3 0  9997
2 40087  47.0038 126.4144 0000717 205.1943 154.8908 14.58830697622257
0 ORBCOMM FM 107
1 40087U 14040B   26085.51338022  .00000413  00000-0  12368-3 0  9994
2 40087  47.0037 123.1765 0000753 206.8294 153.2553 14.58831566622352
0 ORBCOMM FM 107
1 40087U 14040B   26085.51338022  .00000413  00000-0  12368-3 0  9994
2 40087  47.0037 123.1764 0000753 206.8294 153.2553 14.58831566622351
0 ORBCOMM FM 107
1 40087U 14040B   26086.12977330  .00000454  00000-0  13233-3 0  9990
2 40087  47.0037 120.2621 0000787 208.7813 151.3030 14.58832640622449
0 ORBCOMM FM 107
1 40087U 14040B   26086.12977330  .00000454  00000-0  13233-3 0  9990
2 40087  47.0037 120.2621 0000787 208.7813 151.3030 14.58832640622449
0 ORBCOMM FM 107
1 40087U 14040B   26086.26674965  .00000433  00000-0  12793-3 0  9990
2 40087  47.0037 119.6146 0000796 209.0607 151.0235 14.58832680622468
0 ORBCOMM FM 107
1 40087U 14040B   26086.26674965  .00000433  00000-0  12793-3 0  9990
2 40087  47.0037 119.6146 0000796 209.0607 151.0235 14.58832680622468
0 ORBCOMM FM 107
1 40087U 14040B   26086.81465428  .00000445  00000-0  13038-3 0  9999
2 40087  47.0037 117.0242 0000816 210.7347 149.3491 14.58833494622547
0 ORBCOMM FM 107
1 40087U 14040B   26086.81465429  .00000445  00000-0  13038-3 0  9990
2 40087  47.0037 117.0242 0000816 210.7347 149.3491 14.58833494622547
0 ORBCOMM FM 107
1 40087U 14040B   26087.43104670  .00000506  00000-0  14332-3 0  9993
2 40087  47.0036 114.1099 0000845 212.0933 147.9901 14.58834616622639
0 ORBCOMM FM 107
1 40087U 14040B   26087.49953464  .00000495  00000-0  14101-3 0  9993
2 40087  47.0036 113.7861 0000847 212.2495 147.8339 14.58834677622640
0 ORBCOMM FM 107
1 40087U 14040B   26087.77348662  .00000498  00000-0  14155-3 0  9994
2 40087  47.0037 112.4909 0000859 213.5100 146.5732 14.58835074622689
0 ORBCOMM FM 107
1 40087U 14040B   26087.77348662  .00000498  00000-0  14155-3 0  9994
2 40087  47.0037 112.4909 0000859 213.5099 146.5732 14.58835074622686
0 ORBCOMM FM 107
1 40087U 14040B   26088.04743852  .00000541  00000-0  15062-3 0  9992
2 40087  47.0037 111.1956 0000873 214.4599 145.6230 14.58835664622728
0 ORBCOMM FM 107
1 40087U 14040B   26089.00626914  .00000687  00000-0  18150-3 0  9990
2 40087  47.0039 106.6623 0000913 216.9220 143.1603 14.58837930622863
0 ORBCOMM FM 107
1 40087U 14040B   26089.00626915  .00000687  00000-0  18150-3 0  9991
2 40087  47.0039 106.6623 0000913 216.9220 143.1603 14.58837930622863
0 ORBCOMM FM 107
1 40087U 14040B   26089.34870867  .00000689  00000-0  18208-3 0  9991
2 40087  47.0039 105.0434 0000925 217.6616 142.4205 14.58838413622919
0 ORBCOMM FM 107
1 40087U 14040B   26089.34870868  .00000689  00000-0  18208-3 0  9992
2 40087  47.0039 105.0434 0000925 217.6616 142.4205 14.58838413622919
0 ORBCOMM FM 107
1 40087U 14040B   26089.75963547  .00000715  00000-0  18752-3 0  9998
2 40087  47.0040 103.1006 0000949 218.2730 141.8089 14.58839278622974
0 ORBCOMM FM 106
1 40088U 14040C   26060.31458733  .00001261  00000-0  23763-3 0  9991
2 40088  47.0608  43.5490 0016231 185.5603 174.5111 14.70276738621300
0 ORBCOMM FM 106
1 40088U 14040C   26060.31458733  .00001261  00000-0  23763-3 0  9991
2 40088  47.0607  43.5489 0016231 185.5603 174.5111 14.70276738621307
0 ORBCOMM FM 106
1 40088U 14040C   26061.13004030  .00001221  00000-0  23114-3 0  9995
2 40088  47.0609  39.6269 0016281 189.3078 170.7514 14.70278722621427
0 ORBCOMM FM 106
1 40088U 14040C   26061.13004031  .00001221  00000-0  23114-3 0  9996
2 40088  47.0609  39.6269 0016281 189.3078 170.7514 14.70278722621427
0 ORBCOMM FM 106
1 40088U 14040C   26062.28526299  .00001465  00000-0  27097-3 0  9992
2 40088  47.0612  34.0708 0016342 194.6073 165.4348 14.70283276621594
0 ORBCOMM FM 106
1 40088U 14040C   26062.28526300  .00001465  00000-0  27097-3 0  9995
2 40088  47.0612  34.0708 0016342 194.6073 165.4348 14.70283276621594
0 ORBCOMM FM 106
1 40088U 14040C   26063.03275794  .00001613  00000-0  29513-3 0  9997
2 40088  47.0612  30.4755 0016395 198.0492 161.9819 14.70286447621707
0 ORBCOMM FM 106
1 40088U 14040C   26063.30457384  .00001706  00000-0  31029-3 0  9992
2 40088  47.0613  29.1683 0016408 199.2667 160.7606 14.70287869621749
0 ORBCOMM FM 106
1 40088U 14040C   26063.30457385  .00001706  00000-0  31029-3 0  9993
2 40088  47.0613  29.1683 0016408 199.2667 160.7606 14.70287869621749
0 ORBCOMM FM 106
1 40088U 14040C   26064.05206772  .00001483  00000-0  27392-3 0  9998
2 40088  47.0614  25.5730 0016445 202.6575 157.3591 14.70289005621852
0 ORBCOMM FM 106
1 40088U 14040C   26064.25592935  .00001642  00000-0  29989-3 0  9990
2 40088  47.0613  24.5925 0016454 203.5867 156.4271 14.70290502621882
0 ORBCOMM FM 106
1 40088U 14040C   26064.25592936  .00001642  00000-0  29989-3 0  9991
2 40088  47.0613  24.5925 0016454 203.5867 156.4271 14.70290502621882
0 ORBCOMM FM 106
1 40088U 14040C   26064.86751390  .00001396  00000-0  25967-3 0  9997
2 40088  47.0614  21.6510 0016490 206.3860 153.6192 14.70291165621972
0 ORBCOMM FM 106
1 40088U 14040C   26065.07137526  .00001404  00000-0  26095-3 0  9993
2 40088  47.0615  20.6705 0016470 207.2908 152.7119 14.70291899622007
0 ORBCOMM FM 106
1 40088U 14040C   26066.09067999  .00001415  00000-0  26277-3 0  9996
2 40088  47.0615  15.7680 0016545 211.9175 148.0715 14.70295481622152
0 ORBCOMM FM 106
1 40088U 14040C   26066.22658676  .00001713  00000-0  31133-3 0  9997
2 40088  47.0616  15.1143 0016546 212.5615 147.4257 14.70297637622179
0 ORBCOMM FM 106
1 40088U 14040C   26066.22658676  .00001713  00000-0  31133-3 0  9997
2 40088  47.0616  15.1143 0016546 212.5615 147.4257 14.70297637622179
0 ORBCOMM FM 106
1 40088U 14040C   26066.83816820  .00001674  00000-0  30503-3 0  9997
2 40088  47.0616  12.1728 0016570 215.3200 144.6595 14.70299611622261
0 ORBCOMM FM 106
1 40088U 14040C   26066.83816820  .00001674  00000-0  30503-3 0  9997
2 40088  47.0616  12.1728 0016570 215.3199 144.6595 14.70299611622268
0 ORBCOMM FM 106
1 40088U 14040C   26067.24588855  .00001689  00000-0  30749-3 0  9995
2 40088  47.0617  10.2118 0016595 217.1291 142.8453 14.70301196622323
0 ORBCOMM FM 106
1 40088U 14040C   26067.24588856  .00001689  00000-0  30749-3 0  9996
2 40088  47.0617  10.2118 0016595 217.1292 142.8453 14.70301196622324
0 ORBCOMM FM 106
1 40088U 14040C   26067.85746897  .00001489  00000-0  27483-3 0  9993
2 40088  47.0617   7.2703 0016621 219.8911 140.0760 14.70302214622410
0 ORBCOMM FM 106
1 40088U 14040C   26068.19723572  .00001399  00000-0  25997-3 0  9994
2 40088  47.0617   5.6363 0016634 221.4095 138.5536 14.70302823622464
0 ORBCOMM FM 106
1 40088U 14040C   26068.19723572  .00001399  00000-0  25997-3 0  9994
2 40088  47.0617   5.6363 0016634 221.4095 138.5536 14.70302823622464
0 ORBCOMM FM 106
1 40088U 14040C   26069.21653346  .00001390  00000-0  25849-3 0  9996
2 40088  47.0618   0.7339 0016676 226.0108 133.9409 14.70306335622613
0 ORBCOMM FM 106
1 40088U 14040C   26069.21653346  .00001390  00000-0  25849-3 0  9996
2 40088  47.0618   0.7339 0016676 226.0108 133.9409 14.70306335622613
0 ORBCOMM FM 106
1 40088U 14040C   26069.82811177  .00001314  00000-0  24613-3 0  9995
2 40088  47.0618 357.7924 0016692 228.7868 131.1585 14.70307811622703
0 ORBCOMM FM 106
1 40088U 14040C   26069.82811177  .00001314  00000-0  24613-3 0  9995
2 40088  47.0618 357.7924 0016692 228.7868 131.1585 14.70307810622702
0 ORBCOMM FM 106
1 40088U 14040C   26070.03197073  .00001241  00000-0  23425-3 0  9991
2 40088  47.0618 356.8119 0016719 229.6973 130.2458 14.70308143622737
0 ORBCOMM FM 106
1 40088U 14040C   26070.03197073  .00001241  00000-0  23425-3 0  9991
2 40088  47.0618 356.8119 0016719 229.6973 130.2458 14.70308143622737
0 ORBCOMM FM 106
1 40088U 14040C   26070.50764159  .00001271  00000-0  23902-3 0  9991
2 40088  47.0619 354.5242 0016731 231.7999 128.1386 14.70309886622805
0 ORBCOMM FM 106
1 40088U 14040C   26070.77945350  .00001249  00000-0  23545-3 0  9992
2 40088  47.0618 353.2168 0016739 232.9910 126.9450 14.70310582622848
0 ORBCOMM FM 106
1 40088U 14040C   26070.77945350  .00001249  00000-0  23545-3 0  9992
2 40088  47.0618 353.2168 0016739 232.9910 126.9450 14.70310582622848
0 ORBCOMM FM 106
1 40088U 14040C   26071.05126542  .00001126  00000-0  21537-3 0  9991
2 40088  47.0619 351.9094 0016762 234.1471 125.7864 14.70310709622885
0 ORBCOMM FM 106
1 40088U 14040C   26071.05126542  .00001126  00000-0  21537-3 0  9991
2 40088  47.0619 351.9094 0016762 234.1471 125.7863 14.70310709622884
0 ORBCOMM FM 106
1 40088U 14040C   26071.73079396  .00001270  00000-0  23884-3 0  9997
2 40088  47.0618 348.6411 0016781 237.1888 122.7387 14.70313614622982
0 ORBCOMM FM 106
1 40088U 14040C   26071.79874685  .00001253  00000-0  23614-3 0  9999
2 40088  47.0618 348.3143 0016795 237.4688 122.4581 14.70313703622990
0 ORBCOMM FM 106
1 40088U 14040C   26071.79874686  .00001253  00000-0  23614-3 0  9990
2 40088  47.0618 348.3143 0016795 237.4688 122.4581 14.70313703622990
0 ORBCOMM FM 106
1 40088U 14040C   26072.07055810  .00001178  00000-0  22383-3 0  9990
2 40088  47.0618 347.0070 0016808 238.6534 121.2712 14.70314130623037
0 ORBCOMM FM 106
1 40088U 14040C   26072.75008574  .00001190  00000-0  22584-3 0  9997
2 40088  47.0617 343.7386 0016834 241.7078 118.2115 14.70316161623136
0 ORBCOMM FM 106
1 40088U 14040C   26073.02189684  .00001066  00000-0  20562-3 0  9996
2 40088  47.0617 342.4312 0016838 242.8658 117.0516 14.70316211623173
0 ORBCOMM FM 106
1 40088U 14040C   26073.42961284  .00001061  00000-0  20473-3 0  9990
2 40088  47.0617 340.4704 0016838 244.6979 115.2168 14.70317379623238
0 ORBCOMM FM 106
1 40088U 14040C   26073.76937563  .00001126  00000-0  21528-3 0  9994
2 40088  47.0617 338.8361 0016843 246.1872 113.7253 14.70318774623286
0 ORBCOMM FM 106
1 40088U 14040C   26074.44890190  .00000927  00000-0  18280-3 0  9993
2 40088  47.0616 335.5678 0016855 249.1724 110.7362 14.70319436623387
0 ORBCOMM FM 106
1 40088U 14040C   26074.99252234  .00000822  00000-0  16569-3 0  9996
2 40088  47.0615 332.9529 0016864 251.5541 108.3518 14.70320224623468
0 ORBCOMM FM 106
1 40088U 14040C   26075.73999965  .00000840  00000-0  16858-3 0  9999
2 40088  47.0613 329.3577 0016873 254.9145 104.9880 14.70322177623571
0 ORBCOMM FM 106
1 40088U 14040C   26075.73999966  .00000840  00000-0  16858-3 0  9990
2 40088  47.0613 329.3577 0016873 254.9145 104.9880 14.70322177623571
0 ORBCOMM FM 106
1 40088U 14040C   26076.41952427  .00000811  00000-0  16392-3 0  9998
2 40088  47.0612 326.0893 0016874 257.8937 102.0064 14.70323549623675
0 ORBCOMM FM 106
1 40088U 14040C   26076.96314336  .00000784  00000-0  15948-3 0  9994
2 40088  47.0611 323.4744 0016881 260.2916  99.6068 14.70324621623759
0 ORBCOMM FM 106
1 40088U 14040C   26077.37085750  .00000855  00000-0  17097-3 0  9991
2 40088  47.0610 321.5134 0016881 262.1160  97.7816 14.70325904623814
0 ORBCOMM FM 106
1 40088U 14040C   26077.37085750  .00000855  00000-0  17097-3 0  9991
2 40088  47.0610 321.5134 0016881 262.1160  97.7816 14.70325904623814
0 ORBCOMM FM 106
1 40088U 14040C   26077.71061918  .00000815  00000-0  16453-3 0  9990
2 40088  47.0610 319.8791 0016887 263.6222  96.2747 14.70326403623861
0 ORBCOMM FM 106
1 40088U 14040C   26077.71061919  .00000815  00000-0  16453-3 0  9991
2 40088  47.0610 319.8791 0016887 263.6222  96.2747 14.70326403623861
0 ORBCOMM FM 106
1 40088U 14040C   26078.72990387  .00000711  00000-0  14747-3 0  9992
2 40088  47.0607 314.9764 0016886 268.1207  91.7751 14.70327818624019
0 ORBCOMM FM 106
1 40088U 14040C   26078.72990387  .00000711  00000-0  14747-3 0  9992
2 40088  47.0607 314.9764 0016886 268.1206  91.7751 14.70327818624018
0 ORBCOMM FM 106
1 40088U 14040C   26079.06966521  .00000747  00000-0  15338-3 0  9999
2 40088  47.0607 313.3423 0016885 269.6414  90.2542 14.70328654624065
0 ORBCOMM FM 106
1 40088U 14040C   26079.06966521  .00000747  00000-0  15338-3 0  9999
2 40088  47.0607 313.3423 0016885 269.6414  90.2542 14.70328654624065
0 ORBCOMM FM 106
1 40088U 14040C   26079.34147466  .00000711  00000-0  14751-3 0  9998
2 40088  47.0608 312.0349 0016890 270.8615  89.0341 14.70328815624109
0 ORBCOMM FM 106
1 40088U 14040C   26079.61328323  .00000789  00000-0  16029-3 0  9996
2 40088  47.0607 310.7275 0016892 272.0602  87.8355 14.70329807624140
0 ORBCOMM FM 106
1 40088U 14040C   26079.68123543  .00000789  00000-0  16024-3 0  9995
2 40088  47.0607 310.4006 0016891 272.3493  87.5464 14.70329937624152
0 ORBCOMM FM 106
1 40088U 14040C   26079.68123543  .00000789  00000-0  16024-3 0  9995
2 40088  47.0607 310.4006 0016891 272.3493  87.5464 14.70329937624152
0 ORBCOMM FM 106
1 40088U 14040C   26080.63256539  .00000858  00000-0  17153-3 0  9995
2 40088  47.0605 305.8246 0016883 276.5522  83.3448 14.70332144624299
0 ORBCOMM FM 106
1 40088U 14040C   26080.90437364  .00000853  00000-0  17069-3 0  9993
2 40088  47.0604 304.5172 0016876 277.7450  82.1525 14.70332684624334
0 ORBCOMM FM 106
1 40088U 14040C   26081.31208624  .00000875  00000-0  17429-3 0  9998
2 40088  47.0603 302.5562 0016876 279.5626  80.3359 14.70333537624398
0 ORBCOMM FM 106
1 40088U 14040C   26082.87498149  .00000887  00000-0  17624-3 0  9993
2 40088  47.0599 295.0383 0016849 286.4640  73.4399 14.70336871624629
0 ORBCOMM FM 106
1 40088U 14040C   26083.28269299  .00000886  00000-0  17605-3 0  9999
2 40088  47.0598 293.0771 0016844 288.2815  71.6244 14.70337699624680
0 ORBCOMM FM 106
1 40088U 14040C   26083.55450026  .00000850  00000-0  17020-3 0  9991
2 40088  47.0598 291.7695 0016840 289.4776  70.4296 14.70338137624722
0 ORBCOMM FM 106
1 40088U 14040C   26083.82630770  .00000868  00000-0  17309-3 0  9996
2 40088  47.0595 290.4619 0016823 290.6678  69.2410 14.70338788624767
0 ORBCOMM FM 106
1 40088U 14040C   26084.57377712  .00000866  00000-0  17283-3 0  9992
2 40088  47.0594 286.8663 0016810 293.9929  65.9203 14.70340538624876
0 ORBCOMM FM 106
1 40088U 14040C   26084.84558409  .00000846  00000-0  16951-3 0  9995
2 40088  47.0595 285.5590 0016806 295.2167  64.6982 14.70341071624914
0 ORBCOMM FM 106
1 40088U 14040C   26084.84558410  .00000846  00000-0  16951-3 0  9997
2 40088  47.0595 285.5590 0016806 295.2167  64.6982 14.70341071624914
0 ORBCOMM FM 106
1 40088U 14040C   26085.25329458  .00000861  00000-0  17198-3 0  9992
2 40088  47.0595 283.5978 0016800 297.0347  62.8829 14.70342030624978
0 ORBCOMM FM 106
1 40088U 14040C   26085.52510122  .00000827  00000-0  16645-3 0  9990
2 40088  47.0594 282.2902 0016793 298.2377  61.6819 14.70342477625014
0 ORBCOMM FM 106
1 40088U 14040C   26085.59305289  .00000820  00000-0  16522-3 0  9990
2 40088  47.0594 281.9634 0016789 298.5319  61.3882 14.70342599625029
0 ORBCOMM FM 106
1 40088U 14040C   26085.59305289  .00000820  00000-0  16522-3 0  9990
2 40088  47.0594 281.9634 0016789 298.5319  61.3882 14.70342599625029
0 ORBCOMM FM 106
1 40088U 14040C   26086.54437545  .00000821  00000-0  16543-3 0  9991
2 40088  47.0592 277.3871 0016759 302.7680  57.1596 14.70344792625162
0 ORBCOMM FM 106
1 40088U 14040C   26086.54437545  .00000821  00000-0  16543-3 0  9991
2 40088  47.0592 277.3871 0016759 302.7680  57.1596 14.70344792625162
0 ORBCOMM FM 106
1 40088U 14040C   26086.81618173  .00000810  00000-0  16370-3 0  9995
2 40088  47.0593 276.0797 0016753 303.9957  55.9342 14.70345353625204
0 ORBCOMM FM 106
1 40088U 14040C   26086.88413342  .00000867  00000-0  17288-3 0  9994
2 40088  47.0595 275.7530 0016757 304.3124  55.6181 14.70345778625212
0 ORBCOMM FM 106
1 40088U 14040C   26086.88413342  .00000867  00000-0  17288-3 0  9994
2 40088  47.0595 275.7530 0016757 304.3124  55.6181 14.70345778625212
0 ORBCOMM FM 106
1 40088U 14040C   26087.22389092  .00000959  00000-0  18794-3 0  9992
2 40088  47.0595 274.1186 0016750 305.8325  54.1010 14.70347069625269
0 ORBCOMM FM 106
1 40088U 14040C   26087.22389092  .00000959  00000-0  18794-3 0  9992
2 40088  47.0595 274.1186 0016750 305.8325  54.1010 14.70347068625268
0 ORBCOMM FM 106
1 40088U 14040C   26087.56364830  .00000935  00000-0  18412-3 0  9993
2 40088  47.0594 272.4842 0016738 307.3414  52.5952 14.70347707625312
0 ORBCOMM FM 106
1 40088U 14040C   26087.56364830  .00000935  00000-0  18412-3 0  9993
2 40088  47.0594 272.4842 0016738 307.3414  52.5952 14.70347707625312
0 ORBCOMM FM 106
1 40088U 14040C   26089.19448075  .00001216  00000-0  22983-3 0  9999
2 40088  47.0595 264.6394 0016691 314.6988  45.2543 14.70353168625552
0 ORBCOMM FM 106
1 40088U 14040C   26089.19448076  .00001216  00000-0  22983-3 0  9990
2 40088  47.0595 264.6394 0016691 314.6988  45.2543 14.70353168625552
0 ORBCOMM FM 106
1 40088U 14040C   26089.53423688  .00001235  00000-0  23306-3 0  9991
2 40088  47.0596 263.0050 0016679 316.2230  43.7338 14.70354167625600
0 ORBCOMM FM 106
1 40088U 14040C   26089.53423688  .00001235  00000-0  23306-3 0  9991
2 40088  47.0596 263.0050 0016679 316.2230  43.7338 14.70354167625600
0 ORBCOMM FM 106
1 40088U 14040C   26089.73809029  .00001257  00000-0  23665-3 0  9992
2 40088  47.0596 262.0245 0016662 317.0917  42.8674 14.70354877625632
0 ORBCOMM FM 111
1 40089U 14040D   26060.44707440  .00003272  00000-0  37112-3 0  9995
2 40089  46.9989 217.2711 0028490 344.0240  15.9757 14.88279357628520
0 ORBCOMM FM 111
1 40089U 14040D   26060.78273266  .00003369  00000-0  38137-3 0  9991
2 40089  46.9989 215.6084 0028468 345.6438  14.3648 14.88282129628574
0 ORBCOMM FM 111
1 40089U 14040D   26060.84986411  .00003299  00000-0  37397-3 0  9990
2 40089  46.9989 215.2758 0028463 345.9661  14.0443 14.88282483628588
0 ORBCOMM FM 111
1 40089U 14040D   26061.11839027  .00003354  00000-0  37974-3 0  9994
2 40089  46.9990 213.9456 0028450 347.2293  12.7882 14.88284619628622
0 ORBCOMM FM 111
1 40089U 14040D   26061.45404768  .00003743  00000-0  42100-3 0  9990
2 40089  46.9987 212.2825 0028419 348.8125  11.2137 14.88287794628675
0 ORBCOMM FM 111
1 40089U 14040D   26061.58831045  .00003679  00000-0  41414-3 0  9991
2 40089  46.9988 211.6175 0028412 349.4563  10.5736 14.88288661628696
0 ORBCOMM FM 111
1 40089U 14040D   26061.58831045  .00003679  00000-0  41414-3 0  9991
2 40089  46.9988 211.6175 0028412 349.4563  10.5736 14.88288660628695
0 ORBCOMM FM 111
1 40089U 14040D   26062.46101545  .00004000  00000-0  44814-3 0  9990
2 40089  46.9991 207.2941 0028361 353.6169   6.4364 14.88296615628828
0 ORBCOMM FM 111
1 40089U 14040D   26062.59527718  .00004294  00000-0  47918-3 0  9991
2 40089  46.9992 206.6291 0028354 354.2606   5.7963 14.88298535628847
0 ORBCOMM FM 111
1 40089U 14040D   26062.66240806  .00004363  00000-0  48656-3 0  9996
2 40089  46.9992 206.2966 0028351 354.5887   5.4700 14.88299286628854
0 ORBCOMM FM 111
1 40089U 14040D   26062.72953888  .00004593  00000-0  51086-3 0  9990
2 40089  46.9992 205.9639 0028344 354.9157   5.1449 14.88300410628863
0 ORBCOMM FM 111
1 40089U 14040D   26062.72953888  .00004593  00000-0  51086-3 0  9990
2 40089  46.9992 205.9639 0028344 354.9157   5.1449 14.88300410628863
0 ORBCOMM FM 111
1 40089U 14040D   26063.40084563  .00004964  00000-0  55003-3 0  9996
2 40089  46.9994 202.6380 0028277 358.1233   1.9555 14.88307487628962
0 ORBCOMM FM 111
1 40089U 14040D   26063.40084563  .00004964  00000-0  55003-3 0  9996
2 40089  46.9994 202.6380 0028277 358.1233   1.9555 14.88307486628961
0 ORBCOMM FM 111
1 40089U 14040D   26063.60223730  .00004597  00000-0  51120-3 0  9997
2 40089  46.9995 201.6404 0028229 359.1158   0.9686 14.88308396628990
0 ORBCOMM FM 111
1 40089U 14040D   26064.34067101  .00004487  00000-0  49949-3 0  9991
2 40089  46.9995 197.9822 0028200   2.6383 357.4658 14.88314981629100
0 ORBCOMM FM 111
1 40089U 14040D   26064.60919151  .00004629  00000-0  51447-3 0  9995
2 40089  46.9997 196.6521 0028190   3.9742 356.1374 14.88317843629140
0 ORBCOMM FM 111
1 40089U 14040D   26064.67632148  .00004700  00000-0  52197-3 0  9993
2 40089  46.9996 196.3195 0028184   4.3061 355.8075 14.88318688629158
0 ORBCOMM FM 111
1 40089U 14040D   26064.67632148  .00004700  00000-0  52197-3 0  9993
2 40089  46.9996 196.3195 0028184   4.3061 355.8075 14.88318688629158
0 ORBCOMM FM 111
1 40089U 14040D   26065.54900984  .00004347  00000-0  48457-3 0  9997
2 40089  46.9998 191.9963 0028120   8.4888 351.6480 14.88325727629286
0 ORBCOMM FM 111
1 40089U 14040D   26066.28743509  .00004528  00000-0  50361-3 0  9995
2 40089  46.9997 188.3381 0028090  12.0286 348.1276 14.88332357629391
0 ORBCOMM FM 111
1 40089U 14040D   26066.35456464  .00004453  00000-0  49566-3 0  9996
2 40089  46.9996 188.0056 0028082  12.3467 347.8113 14.88332661629407
0 ORBCOMM FM 111
1 40089U 14040D   26066.55595302  .00004291  00000-0  47856-3 0  9993
2 40089  46.9996 187.0079 0028058  13.3195 346.8438 14.88333722629434
0 ORBCOMM FM 111
1 40089U 14040D   26067.02585781  .00004457  00000-0  49604-3 0  9993
2 40089  46.9994 184.6802 0028073  15.4810 344.6940 14.88338014629504
0 ORBCOMM FM 111
1 40089U 14040D   26067.36150309  .00004547  00000-0  50557-3 0  9993
2 40089  46.9994 183.0173 0028038  17.1700 343.0140 14.88341214629552
0 ORBCOMM FM 111
1 40089U 14040D   26067.36150309  .00004547  00000-0  50557-3 0  9993
2 40089  46.9994 183.0173 0028038  17.1700 343.0140 14.88341214629552
0 ORBCOMM FM 111
1 40089U 14040D   26067.69714856  .00004016  00000-0  44940-3 0  9992
2 40089  46.9994 181.3548 0028053  18.8272 341.3657 14.88342462629604
0 ORBCOMM FM 111
1 40089U 14040D   26068.63695159  .00003191  00000-0  36202-3 0  9996
2 40089  46.9993 176.6989 0027968  23.2800 336.9358 14.88347813629748
0 ORBCOMM FM 111
1 40089U 14040D   26068.63695159  .00003191  00000-0  36202-3 0  9996
2 40089  46.9993 176.6989 0027968  23.2800 336.9358 14.88347813629748
0 ORBCOMM FM 111
1 40089U 14040D   26068.63695171  .00003104  00000-0  35288-3 0  9997
2 40089  46.9993 176.6989 0027967  23.2817 336.9341 14.88347524629746
0 ORBCOMM FM 111
1 40089U 14040D   26069.30823763  .00002880  00000-0  32911-3 0  9992
2 40089  46.9991 173.3731 0027918  26.5054 333.7265 14.88351432629842
0 ORBCOMM FM 111
1 40089U 14040D   26069.30823763  .00002880  00000-0  32911-3 0  9992
2 40089  46.9991 173.3731 0027918  26.5054 333.7265 14.88351432629842
0 ORBCOMM FM 111
1 40089U 14040D   26069.97952182  .00002559  00000-0  29513-3 0  9990
2 40089  46.9991 170.0475 0027933  29.9381 330.3108 14.88354980629949
0 ORBCOMM FM 111
1 40089U 14040D   26069.97952182  .00002559  00000-0  29513-3 0  9990
2 40089  46.9991 170.0475 0027933  29.9381 330.3108 14.88354980629949
0 ORBCOMM FM 111
1 40089U 14040D   26070.44941942  .00002489  00000-0  28771-3 0  9993
2 40089  46.9990 167.7195 0027883  32.1924 328.0669 14.88357579630016
0 ORBCOMM FM 111
1 40089U 14040D   26070.71793204  .00002469  00000-0  28561-3 0  9994
2 40089  46.9995 166.3895 0027886  33.4462 326.8190 14.88358830630057
0 ORBCOMM FM 111
1 40089U 14040D   26070.71793204  .00002469  00000-0  28561-3 0  9994
2 40089  46.9995 166.3895 0027886  33.4462 326.8190 14.88358829630055
0 ORBCOMM FM 111
1 40089U 14040D   26070.98644444  .00002219  00000-0  25911-3 0  9993
2 40089  46.9996 165.0593 0027856  34.7940 325.4772 14.88359616630099
0 ORBCOMM FM 111
1 40089U 14040D   26071.25495646  .00002520  00000-0  29095-3 0  9994
2 40089  46.9995 163.7289 0027837  36.0929 324.1841 14.88362031630139
0 ORBCOMM FM 111
1 40089U 14040D   26071.65772418  .00002503  00000-0  28918-3 0  9997
2 40089  46.9996 161.7336 0027814  38.0652 322.2204 14.88364147630199
0 ORBCOMM FM 111
1 40089U 14040D   26071.72485167  .00002603  00000-0  29973-3 0  9990
2 40089  46.9995 161.4010 0027823  38.3546 321.9324 14.88365038630200
0 ORBCOMM FM 111
1 40089U 14040D   26071.72485167  .00002603  00000-0  29973-3 0  9990
2 40089  46.9995 161.4010 0027823  38.3546 321.9324 14.88365038630200
0 ORBCOMM FM 111
1 40089U 14040D   26072.59751181  .00002670  00000-0  30684-3 0  9993
2 40089  46.9995 157.0776 0027770  42.6257 317.6790 14.88370220630330
0 ORBCOMM FM 111
1 40089U 14040D   26072.66463936  .00002708  00000-0  31085-3 0  9997
2 40089  46.9995 156.7452 0027778  42.9678 317.3383 14.88370757630346
0 ORBCOMM FM 111
1 40089U 14040D   26073.94005824  .00002899  00000-0  33097-3 0  9993
2 40089  46.9996 150.4263 0027708  49.2084 311.1212 14.88379458630533
0 ORBCOMM FM 111
1 40089U 14040D   26074.54420198  .00002221  00000-0  25929-3 0  9999
2 40089  46.9996 147.4332 0027683  52.1899 308.1499 14.88381054630623
0 ORBCOMM FM 111
1 40089U 14040D   26074.87983658  .00002172  00000-0  25405-3 0  9994
2 40089  46.9996 145.7702 0027670  53.8555 306.4898 14.88383009630679
0 ORBCOMM FM 111
1 40089U 14040D   26075.55110505  .00002153  00000-0  25205-3 0  9990
2 40089  46.9996 142.4444 0027646  57.1601 303.1953 14.88386621630778
0 ORBCOMM FM 111
1 40089U 14040D   26075.55110505  .00002153  00000-0  25205-3 0  9990
2 40089  46.9995 142.4444 0027646  57.1601 303.1953 14.88386621630777
0 ORBCOMM FM 111
1 40089U 14040D   26076.55800447  .00001916  00000-0  22689-3 0  9991
2 40089  46.9994 137.4556 0027611  62.1390 298.2300 14.88391179630928
0 ORBCOMM FM 111
1 40089U 14040D   26076.89363689  .00001865  00000-0  22155-3 0  9991
2 40089  46.9994 135.7927 0027599  63.7892 296.5839 14.88392661630970
0 ORBCOMM FM 111
1 40089U 14040D   26077.49777476  .00002017  00000-0  23755-3 0  9998
2 40089  46.9993 132.7993 0027584  66.7852 293.5947 14.88395553631063
0 ORBCOMM FM 111
1 40089U 14040D   26077.56490112  .00002034  00000-0  23939-3 0  9998
2 40089  46.9993 132.4668 0027584  67.1162 293.2644 14.88395875631077
0 ORBCOMM FM 111
1 40089U 14040D   26077.56490112  .00002034  00000-0  23939-3 0  9998
2 40089  46.9993 132.4668 0027584  67.1162 293.2644 14.88395875631077
0 ORBCOMM FM 111
1 40089U 14040D   26078.50466897  .00001864  00000-0  22141-3 0  9990
2 40089  46.9992 127.8106 0027560  71.7317 288.6576 14.88398759631210
0 ORBCOMM FM 111
1 40089U 14040D   26079.17593051  .00001758  00000-0  21018-3 0  9991
2 40089  46.9991 124.4845 0027541  75.0367 285.3577 14.88400607631315
0 ORBCOMM FM 111
1 40089U 14040D   26079.17593051  .00001758  00000-0  21018-3 0  9991
2 40089  46.9991 124.4845 0027541  75.0367 285.3577 14.88400607631315
0 ORBCOMM FM 111
1 40089U 14040D   26079.51156057  .00002207  00000-0  25764-3 0  9992
2 40089  46.9991 122.8216 0027543  76.7018 283.6949 14.88403186631366
0 ORBCOMM FM 111
1 40089U 14040D   26079.51156058  .00002207  00000-0  25764-3 0  9993
2 40089  46.9991 122.8216 0027543  76.7018 283.6949 14.88403186631366
0 ORBCOMM FM 111
1 40089U 14040D   26080.45132257  .00002566  00000-0  29551-3 0  9999
2 40089  46.9989 118.1651 0027521  81.3061 279.0953 14.88408017631508
0 ORBCOMM FM 111
1 40089U 14040D   26080.78695122  .00002506  00000-0  28921-3 0  9994
2 40089  46.9990 116.5021 0027505  82.9444 277.4581 14.88409198631552
0 ORBCOMM FM 111
1 40089U 14040D   26081.72670904  .00002452  00000-0  28347-3 0  9992
2 40089  46.9990 111.8457 0027516  87.6224 272.7823 14.88413272631693
0 ORBCOMM FM 111
1 40089U 14040D   26082.46508750  .00002389  00000-0  27683-3 0  9994
2 40089  46.9992 108.1872 0027506  91.2257 269.1792 14.88416925631807
0 ORBCOMM FM 111
1 40089U 14040D   26082.46508751  .00002389  00000-0  27683-3 0  9995
2 40089  46.9992 108.1872 0027506  91.2257 269.1792 14.88416926631808
0 ORBCOMM FM 111
1 40089U 14040D   26083.33771439  .00001963  00000-0  23176-3 0  9997
2 40089  46.9990 103.8632 0027514  95.5954 264.8083 14.88420016631936
0 ORBCOMM FM 111
1 40089U 14040D   26083.33771439  .00001963  00000-0  23176-3 0  9997
2 40089  46.9990 103.8632 0027514  95.5954 264.8082 14.88420016631935
0 ORBCOMM FM 111
1 40089U 14040D   26084.27746290  .00001916  00000-0  22674-3 0  9998
2 40089  46.9993  99.2069 0027513 100.2117 260.1886 14.88424601632075
0 ORBCOMM FM 111
1 40089U 14040D   26084.81446058  .00001933  00000-0  22854-3 0  9996
2 40089  46.9994  96.5460 0027524 102.8826 257.5149 14.88427285632150
0 ORBCOMM FM 111
1 40089U 14040D   26084.81446058  .00001933  00000-0  22854-3 0  9996
2 40089  46.9994  96.5460 0027524 102.8826 257.5149 14.88427285632150
0 ORBCOMM FM 111
1 40089U 14040D   26085.48570616  .00002020  00000-0  23766-3 0  9999
2 40089  46.9993  93.2199 0027550 106.2297 254.1635 14.88430840632256
0 ORBCOMM FM 111
1 40089U 14040D   26085.48570616  .00002020  00000-0  23766-3 0  9999
2 40089  46.9993  93.2199 0027550 106.2297 254.1635 14.88430840632256
0 ORBCOMM FM 111
1 40089U 14040D   26086.02270131  .00002252  00000-0  26221-3 0  9995
2 40089  46.9994  90.5589 0027556 108.9115 251.4774 14.88434204632335
0 ORBCOMM FM 111
1 40089U 14040D   26086.29119857  .00002178  00000-0  25433-3 0  9992
2 40089  46.9995  89.2286 0027564 110.2223 250.1642 14.88435271632379
0 ORBCOMM FM 111
1 40089U 14040D   26086.42544716  .00002180  00000-0  25458-3 0  9993
2 40089  46.9996  88.5635 0027571 110.8843 249.5010 14.88435906632390
0 ORBCOMM FM 111
1 40089U 14040D   26086.69394338  .00002272  00000-0  26429-3 0  9996
2 40089  46.9997  87.2333 0027544 112.1509 248.2316 14.88437857632433
0 ORBCOMM FM 111
1 40089U 14040D   26086.69394339  .00002272  00000-0  26429-3 0  9997
2 40089  46.9997  87.2333 0027544 112.1509 248.2316 14.88437857632433
0 ORBCOMM FM 111
1 40089U 14040D   26087.02956373  .00002554  00000-0  29405-3 0  9997
2 40089  46.9997  85.5700 0027564 113.8163 246.5629 14.88440487632484
0 ORBCOMM FM 111
1 40089U 14040D   26087.02956373  .00002554  00000-0  29405-3 0  9997
2 40089  46.9997  85.5700 0027564 113.8163 246.5629 14.88440487632484
0 ORBCOMM FM 111
1 40089U 14040D   26087.29805948  .00002849  00000-0  32512-3 0  9997
2 40089  46.9997  84.2397 0027564 115.1293 245.2469 14.88442947632527
0 ORBCOMM FM 111
1 40089U 14040D   26087.76792610  .00002970  00000-0  33795-3 0  9999
2 40089  46.9999  81.9115 0027597 117.4905 242.8802 14.88446281632598
0 ORBCOMM FM 111
1 40089U 14040D   26087.76792610  .00002970  00000-0  33795-3 0  9999
2 40089  46.9999  81.9115 0027597 117.4905 242.8802 14.88446281632598
0 ORBCOMM FM 111
1 40089U 14040D   26088.23779119  .00003812  00000-0  42678-3 0  9997
2 40089  46.9999  79.5832 0027614 119.8178 240.5471 14.88452103632660
0 ORBCOMM FM 111
1 40089U 14040D   26088.23779120  .00003812  00000-0  42678-3 0  9999
2 40089  46.9999  79.5832 0027614 119.8178 240.5471 14.88452103632660
0 ORBCOMM FM 111
1 40089U 14040D   26089.37888737  .00004112  00000-0  45828-3 0  9994
2 40089  46.9997  73.9289 0027667 125.4614 234.8872 14.88460999632830
0 ORBCOMM FM 111
1 40089U 14040D   26089.37888737  .00004112  00000-0  45828-3 0  9994
2 40089  46.9997  73.9289 0027667 125.4614 234.8872 14.88460999632830
0 ORBCOMM FM 111
1 40089U 14040D   26089.64737915  .00004233  00000-0  47099-3 0  9991
2 40089  46.9997  72.5984 0027676 126.7913 233.5530 14.88463718632876
0 ORBCOMM FM 111
1 40089U 14040D   26089.98299330  .00004347  00000-0  48298-3 0  9990
2 40089  46.9997  70.9352 0027692 128.4643 231.8745 14.88466984632927
0 ORBCOMM FM 104
1 40090U 14040E   26060.03412751  .00000557  00000-0  15967-3 0  9997
2 40090  47.0044 280.3614 0016546 298.4376  61.4842 14.57151279618078
0 ORBCOMM FM 104
1 40090U 14040E   26060.03412751  .00000557  00000-0  15967-3 0  9997
2 40090  47.0044 280.3614 0016546 298.4376  61.4842 14.57151279618078
0 ORBCOMM FM 104
1 40090U 14040E   26060.85693512  .00000599  00000-0  16881-3 0  9995
2 40090  47.0043 276.4816 0016526 302.0293  57.8986 14.57152720618198
0 ORBCOMM FM 104
1 40090U 14040E   26060.85693512  .00000599  00000-0  16881-3 0  9995
2 40090  47.0043 276.4816 0016526 302.0293  57.8986 14.57152720618198
0 ORBCOMM FM 104
1 40090U 14040E   26060.99406975  .00000577  00000-0  16413-3 0  9992
2 40090  47.0043 275.8351 0016518 302.6357  57.2934 14.57152794618214
0 ORBCOMM FM 104
1 40090U 14040E   26061.61117505  .00000637  00000-0  17723-3 0  9992
2 40090  47.0043 272.9253 0016501 305.3480  54.5862 14.57154032618309
0 ORBCOMM FM 104
1 40090U 14040E   26061.61117505  .00000637  00000-0  17723-3 0  9992
2 40090  47.0043 272.9253 0016501 305.3480  54.5862 14.57154032618309
0 ORBCOMM FM 104
1 40090U 14040E   26062.02257832  .00000625  00000-0  17452-3 0  9992
2 40090  47.0044 270.9856 0016497 307.1942  52.7437 14.57154629618360
0 ORBCOMM FM 104
1 40090U 14040E   26062.57111574  .00000720  00000-0  19526-3 0  9994
2 40090  47.0043 268.3991 0016482 309.6025  50.3404 14.57155998618440
0 ORBCOMM FM 104
1 40090U 14040E   26062.57111575  .00000720  00000-0  19526-3 0  9995
2 40090  47.0043 268.3991 0016482 309.6025  50.3404 14.57155998618440
0 ORBCOMM FM 104
1 40090U 14040E   26062.91395148  .00000771  00000-0  20664-3 0  9994
2 40090  47.0043 266.7827 0016469 311.1302  48.8161 14.57156833618497
0 ORBCOMM FM 104
1 40090U 14040E   26063.05108578  .00000769  00000-0  20618-3 0  9995
2 40090  47.0042 266.1360 0016470 311.7498  48.1978 14.57157033618511
0 ORBCOMM FM 104
1 40090U 14040E   26063.59962263  .00000747  00000-0  20138-3 0  9996
2 40090  47.0042 263.5495 0016452 314.1700  45.7833 14.57157822618591
0 ORBCOMM FM 104
1 40090U 14040E   26063.59962264  .00000747  00000-0  20138-3 0  9997
2 40090  47.0042 263.5495 0016452 314.1700  45.7833 14.57157822618591
0 ORBCOMM FM 104
1 40090U 14040E   26065.24523111  .00000798  00000-0  21242-3 0  9998
2 40090  47.0039 255.7903 0016378 321.4567  38.5148 14.57160943618837
0 ORBCOMM FM 104
1 40090U 14040E   26065.51949889  .00000805  00000-0  21404-3 0  9991
2 40090  47.0039 254.4970 0016361 322.6573  37.3174 14.57161453618876
0 ORBCOMM FM 104
1 40090U 14040E   26065.99946744  .00000668  00000-0  18389-3 0  9995
2 40090  47.0037 252.2338 0016321 324.7696  35.2109 14.57161534618946
0 ORBCOMM FM 104
1 40090U 14040E   26065.99946745  .00000668  00000-0  18389-3 0  9996
2 40090  47.0037 252.2338 0016321 324.7696  35.2109 14.57161535618947
0 ORBCOMM FM 104
1 40090U 14040E   26066.47943539  .00000857  00000-0  22535-3 0  9996
2 40090  47.0038 249.9705 0016306 326.9055  33.0809 14.57163459619014
0 ORBCOMM FM 104
1 40090U 14040E   26066.61656928  .00000814  00000-0  21603-3 0  9993
2 40090  47.0038 249.3239 0016295 327.5195  32.4686 14.57163439619035
0 ORBCOMM FM 104
1 40090U 14040E   26066.95940322  .00000839  00000-0  22136-3 0  9993
2 40090  47.0039 247.7072 0016276 328.9821  31.0102 14.57164247619084
0 ORBCOMM FM 104
1 40090U 14040E   26066.95940322  .00000839  00000-0  22136-3 0  9993
2 40090  47.0039 247.7072 0016276 328.9821  31.0102 14.57164247619084
0 ORBCOMM FM 104
1 40090U 14040E   26067.50793770  .00000802  00000-0  21336-3 0  9999
2 40090  47.0039 245.1206 0016245 331.4008  28.5984 14.57165015619169
0 ORBCOMM FM 104
1 40090U 14040E   26067.50793770  .00000802  00000-0  21336-3 0  9999
2 40090  47.0039 245.1206 0016245 331.4008  28.5984 14.57165015619169
0 ORBCOMM FM 104
1 40090U 14040E   26067.85077146  .00000750  00000-0  20186-3 0  9993
2 40090  47.0039 243.5040 0016225 332.9409  27.0629 14.57165390619218
0 ORBCOMM FM 104
1 40090U 14040E   26068.46787081  .00000795  00000-0  21184-3 0  9995
2 40090  47.0039 240.5940 0016133 335.3939  24.6175 14.57167053619304
0 ORBCOMM FM 104
1 40090U 14040E   26068.46787082  .00000795  00000-0  21184-3 0  9996
2 40090  47.0039 240.5940 0016133 335.3939  24.6175 14.57167053619304
0 ORBCOMM FM 104
1 40090U 14040E   26068.81070431  .00000770  00000-0  20624-3 0  9999
2 40090  47.0039 238.9772 0016088 336.8189  23.1969 14.57167481619355
0 ORBCOMM FM 104
1 40090U 14040E   26068.81070431  .00000770  00000-0  20624-3 0  9999
2 40090  47.0039 238.9772 0016088 336.8189  23.1969 14.57167481619355
0 ORBCOMM FM 104
1 40090U 14040E   26069.49637052  .00000756  00000-0  20324-3 0  9993
2 40090  47.0039 235.7440 0016031 339.7695  20.2553 14.57168704619451
0 ORBCOMM FM 104
1 40090U 14040E   26069.83920397  .00000663  00000-0  18292-3 0  9996
2 40090  47.0039 234.1275 0015973 341.1077  18.9214 14.57168680619502
0 ORBCOMM FM 104
1 40090U 14040E   26069.83920398  .00000663  00000-0  18292-3 0  9997
2 40090  47.0039 234.1275 0015973 341.1077  18.9214 14.57168680619502
0 ORBCOMM FM 104
1 40090U 14040E   26070.45630318  .00000640  00000-0  17783-3 0  9996
2 40090  47.0038 231.2176 0015943 343.8148  16.2226 14.57169605619595
0 ORBCOMM FM 104
1 40090U 14040E   26070.79913677  .00000637  00000-0  17713-3 0  9994
2 40090  47.0041 229.6016 0016061 346.1592  13.8851 14.57170164619649
0 ORBCOMM FM 104
1 40090U 14040E   26070.79913677  .00000637  00000-0  17713-3 0  9994
2 40090  47.0041 229.6016 0016061 346.1592  13.8851 14.57170164619649
0 ORBCOMM FM 104
1 40090U 14040E   26071.69050081  .00000737  00000-0  19910-3 0  9997
2 40090  47.0042 225.3986 0015992 350.0939   9.9629 14.57172357619779
0 ORBCOMM FM 104
1 40090U 14040E   26071.75906722  .00000744  00000-0  20053-3 0  9994
2 40090  47.0041 225.0753 0015996 350.4249   9.6330 14.57172530619789
0 ORBCOMM FM 104
1 40090U 14040E   26071.75906723  .00000744  00000-0  20053-3 0  9995
2 40090  47.0041 225.0753 0015996 350.4249   9.6330 14.57172530619789
0 ORBCOMM FM 104
1 40090U 14040E   26072.44473134  .00000686  00000-0  18795-3 0  9992
2 40090  47.0042 221.8421 0015955 353.5304   6.5373 14.57173459619882
0 ORBCOMM FM 104
1 40090U 14040E   26072.78756305  .00000713  00000-0  19374-3 0  9998
2 40090  47.0041 220.2256 0015933 355.0809   4.9918 14.57174261619938
0 ORBCOMM FM 104
1 40090U 14040E   26073.40466010  .00000633  00000-0  17632-3 0  9995
2 40090  47.0042 217.3158 0015894 357.8815   2.2000 14.57174908620023
0 ORBCOMM FM 104
1 40090U 14040E   26074.43315414  .00000539  00000-0  15567-3 0  9990
2 40090  47.0042 212.4663 0015829   2.5613 357.5351 14.57176175620177
0 ORBCOMM FM 104
1 40090U 14040E   26075.05025006  .00000460  00000-0  13844-3 0  9993
2 40090  47.0042 209.5567 0015787   5.3519 354.7532 14.57176798620267
0 ORBCOMM FM 104
1 40090U 14040E   26075.73591199  .00000464  00000-0  13935-3 0  9994
2 40090  47.0043 206.3236 0015750   8.5169 351.5980 14.57177833620366
0 ORBCOMM FM 104
1 40090U 14040E   26076.07874267  .00000454  00000-0  13703-3 0  9994
2 40090  47.0043 204.7071 0015731  10.1248 349.9952 14.57178321620410
0 ORBCOMM FM 104
1 40090U 14040E   26076.07874268  .00000454  00000-0  13703-3 0  9995
2 40090  47.0043 204.7071 0015731  10.1248 349.9952 14.57178321620410
0 ORBCOMM FM 104
1 40090U 14040E   26076.62727187  .00000465  00000-0  13958-3 0  9997
2 40090  47.0043 202.1207 0015693  12.6395 347.4881 14.57179086620491
0 ORBCOMM FM 104
1 40090U 14040E   26077.03866836  .00000445  00000-0  13516-3 0  9996
2 40090  47.0042 200.1809 0015683  14.5685 345.5650 14.57179599620557
0 ORBCOMM FM 104
1 40090U 14040E   26077.65576302  .00000479  00000-0  14252-3 0  9995
2 40090  47.0043 197.2711 0015650  17.4289 342.7130 14.57180575620640
0 ORBCOMM FM 104
1 40090U 14040E   26077.65576302  .00000479  00000-0  14252-3 0  9995
2 40090  47.0043 197.2711 0015650  17.4289 342.7130 14.57180575620640
0 ORBCOMM FM 104
1 40090U 14040E   26078.27285747  .00000460  00000-0  13842-3 0  9998
2 40090  47.0041 194.3613 0015612  20.2764 339.8739 14.57181190620731
0 ORBCOMM FM 104
1 40090U 14040E   26078.75281928  .00000436  00000-0  13316-3 0  9997
2 40090  47.0040 192.0982 0015573  22.4837 337.6728 14.57181714620809
0 ORBCOMM FM 104
1 40090U 14040E   26078.75281929  .00000436  00000-0  13316-3 0  9998
2 40090  47.0040 192.0982 0015573  22.4837 337.6728 14.57181714620809
0 ORBCOMM FM 104
1 40090U 14040E   26079.30134736  .00000450  00000-0  13626-3 0  9993
2 40090  47.0041 189.5117 0015542  25.0178 335.1458 14.57182336620886
0 ORBCOMM FM 104
1 40090U 14040E   26079.36991333  .00000448  00000-0  13569-3 0  9996
2 40090  47.0041 189.1884 0015537  25.3405 334.8239 14.57182404620893
0 ORBCOMM FM 104
1 40090U 14040E   26079.57561100  .00000494  00000-0  14578-3 0  9996
2 40090  47.0042 188.2185 0015529  26.3059 333.8612 14.57182947620925
0 ORBCOMM FM 104
1 40090U 14040E   26079.57561100  .00000494  00000-0  14578-3 0  9996
2 40090  47.0042 188.2185 0015529  26.3059 333.8612 14.57182947620925
0 ORBCOMM FM 104
1 40090U 14040E   26079.98700671  .00000421  00000-0  12983-3 0  9997
2 40090  47.0042 186.2787 0015507  28.2341 331.9382 14.57183001620983
0 ORBCOMM FM 104
1 40090U 14040E   26080.53553353  .00000498  00000-0  14662-3 0  9993
2 40090  47.0042 183.6921 0015475  30.8159 329.3632 14.57184128621064
0 ORBCOMM FM 104
1 40090U 14040E   26080.67266515  .00000501  00000-0  14747-3 0  9998
2 40090  47.0040 183.0454 0015474  31.4838 328.6971 14.57184334621086
0 ORBCOMM FM 104
1 40090U 14040E   26081.01549445  .00000473  00000-0  14120-3 0  9996
2 40090  47.0039 181.4288 0015452  33.0302 327.1545 14.57184561621130
0 ORBCOMM FM 104
1 40090U 14040E   26081.56402112  .00000470  00000-0  14060-3 0  9995
2 40090  47.0040 178.8423 0015423  35.6202 324.5710 14.57185158621215
0 ORBCOMM FM 104
1 40090U 14040E   26081.97541573  .00000467  00000-0  13993-3 0  9995
2 40090  47.0041 176.9027 0015402  37.5223 322.6734 14.57185702621272
0 ORBCOMM FM 104
1 40090U 14040E   26082.52394188  .00000441  00000-0  13412-3 0  9993
2 40090  47.0042 174.3163 0015376  40.1244 320.0774 14.57186196621352
0 ORBCOMM FM 104
1 40090U 14040E   26082.93533609  .00000444  00000-0  13491-3 0  9991
2 40090  47.0043 172.3766 0015352  42.0101 318.1959 14.57186785621411
0 ORBCOMM FM 104
1 40090U 14040E   26083.96382112  .00000411  00000-0  12769-3 0  9997
2 40090  47.0043 167.5272 0015305  46.8525 313.3637 14.57187941621560
0 ORBCOMM FM 104
1 40090U 14040E   26084.58091146  .00000402  00000-0  12569-3 0  9998
2 40090  47.0043 164.6175 0015278  49.7500 310.4719 14.57188746621657
0 ORBCOMM FM 104
1 40090U 14040E   26084.58091146  .00000402  00000-0  12569-3 0  9998
2 40090  47.0043 164.6175 0015278  49.7500 310.4719 14.57188746621657
0 ORBCOMM FM 104
1 40090U 14040E   26084.92373940  .00000390  00000-0  12311-3 0  9992
2 40090  47.0043 163.0010 0015263  51.3482 308.8767 14.57189119621705
0 ORBCOMM FM 104
1 40090U 14040E   26085.19800154  .00000400  00000-0  12533-3 0  9992
2 40090  47.0042 161.7076 0015250  52.6403 307.5869 14.57189521621744
0 ORBCOMM FM 104
1 40090U 14040E   26085.26656707  .00000396  00000-0  12447-3 0  9991
2 40090  47.0042 161.3843 0015247  52.9751 307.2526 14.57189600621753
0 ORBCOMM FM 104
1 40090U 14040E   26085.47226360  .00000393  00000-0  12370-3 0  9994
2 40090  47.0042 160.4144 0015237  53.9483 306.2812 14.57189870621788
0 ORBCOMM FM 104
1 40090U 14040E   26085.60939460  .00000374  00000-0  11961-3 0  9995
2 40090  47.0042 159.7680 0015233  54.5898 305.6408 14.57189978621803
0 ORBCOMM FM 104
1 40090U 14040E   26085.60939460  .00000374  00000-0  11961-3 0  9995
2 40090  47.0042 159.7680 0015233  54.5898 305.6408 14.57189978621803
0 ORBCOMM FM 104
1 40090U 14040E   26086.22648399  .00000383  00000-0  12161-3 0  9995
2 40090  47.0041 156.8581 0015211  57.5082 302.7272 14.57190822621890
0 ORBCOMM FM 104
1 40090U 14040E   26086.22648399  .00000383  00000-0  12161-3 0  9995
2 40090  47.0041 156.8581 0015211  57.5082 302.7272 14.57190822621890
0 ORBCOMM FM 104
1 40090U 14040E   26086.91213836  .00000377  00000-0  12013-3 0  9994
2 40090  47.0040 153.6251 0015182  60.7344 299.5057 14.57191679621998
0 ORBCOMM FM 104
1 40090U 14040E   26087.18639995  .00000421  00000-0  12989-3 0  9994
2 40090  47.0039 152.3317 0015173  62.0362 298.2057 14.57192239622035
0 ORBCOMM FM 104
1 40090U 14040E   26087.18639997  .00000421  00000-0  12989-3 0  9996
2 40090  47.0040 152.3317 0015173  62.0362 298.2057 14.57192239622037
0 ORBCOMM FM 104
1 40090U 14040E   26087.87205359  .00000429  00000-0  13151-3 0  9993
2 40090  47.0039 149.0987 0015152  65.2759 294.9702 14.57193152622139
0 ORBCOMM FM 104
1 40090U 14040E   26088.21488001  .00000529  00000-0  15339-3 0  9990
2 40090  47.0038 147.4820 0015140  66.9085 293.3395 14.57194147622184
0 ORBCOMM FM 104
1 40090U 14040E   26089.10622833  .00000554  00000-0  15900-3 0  9994
2 40090  47.0039 143.2790 0015124  71.1569 289.0955 14.57195503622318
0 ORBCOMM FM 104
1 40090U 14040E   26089.17479374  .00000545  00000-0  15694-3 0  9991
2 40090  47.0039 142.9557 0015126  71.5032 288.7495 14.57195487622323
0 ORBCOMM FM 104
1 40090U 14040E   26089.51761969  .00000559  00000-0  16011-3 0  9992
2 40090  47.0038 141.3392 0015125  73.1475 287.1068 14.57196053622374
0 ORBCOMM FM 104
1 40090U 14040E   26089.51761969  .00000559  00000-0  16011-3 0  9992
2 40090  47.0038 141.3391 0015125  73.1475 287.1068 14.57196053622373
0 ORBCOMM FM 104
1 40090U 14040E   26089.86044546  .00000572  00000-0  16277-3 0  9994
2 40090  47.0039 139.7226 0015116  74.7724 285.4831 14.57196636622428
0 ORBCOMM FM 103
1 40091U 14040F   26060.50212089  .00000738  00000-0  19307-3 0  9995
2 40091  47.0039 242.1340 0001363   2.2549 357.8342 14.58692883601665
0 ORBCOMM FM 103
1 40091U 14040F   26060.84459411  .00000729  00000-0  19104-3 0  9999
2 40091  47.0039 240.5153 0001338   4.3208 355.7689 14.58693523601715
0 ORBCOMM FM 103
1 40091U 14040F   26060.84459411  .00000729  00000-0  19104-3 0  9999
2 40091  47.0039 240.5153 0001338   4.3208 355.7689 14.58693523601715
0 ORBCOMM FM 103
1 40091U 14040F   26061.52954058  .00000829  00000-0  21225-3 0  9990
2 40091  47.0039 237.2776 0001297   7.2561 352.8344 14.58695256601819
0 ORBCOMM FM 103
1 40091U 14040F   26061.52954058  .00000829  00000-0  21225-3 0  9990
2 40091  47.0039 237.2776 0001297   7.2561 352.8344 14.58695256601819
0 ORBCOMM FM 103
1 40091U 14040F   26061.80351904  .00000785  00000-0  20296-3 0  9990
2 40091  47.0039 235.9826 0001284   8.6397 351.4511 14.58695516601852
0 ORBCOMM FM 103
1 40091U 14040F   26061.80351904  .00000785  00000-0  20296-3 0  9990
2 40091  47.0039 235.9826 0001284   8.6397 351.4511 14.58695516601852
0 ORBCOMM FM 103
1 40091U 14040F   26062.41997009  .00000883  00000-0  22364-3 0  9997
2 40091  47.0039 233.0687 0001251  11.3791 348.7123 14.58697162601946
0 ORBCOMM FM 103
1 40091U 14040F   26062.41997010  .00000883  00000-0  22364-3 0  9999
2 40091  47.0039 233.0687 0001251  11.3791 348.7123 14.58697162601946
0 ORBCOMM FM 103
1 40091U 14040F   26062.89943148  .00000961  00000-0  24036-3 0  9999
2 40091  47.0039 230.8026 0001226  13.9699 346.1221 14.58698551602018
0 ORBCOMM FM 103
1 40091U 14040F   26062.89943149  .00000961  00000-0  24036-3 0  9990
2 40091  47.0039 230.8026 0001226  13.9699 346.1221 14.58698551602018
0 ORBCOMM FM 103
1 40091U 14040F   26063.44738671  .00001039  00000-0  25682-3 0  9999
2 40091  47.0039 228.2124 0001195  16.5098 343.5826 14.58700143602096
0 ORBCOMM FM 103
1 40091U 14040F   26063.44738672  .00001039  00000-0  25682-3 0  9990
2 40091  47.0039 228.2124 0001195  16.5098 343.5826 14.58700143602096
0 ORBCOMM FM 103
1 40091U 14040F   26063.78985880  .00000992  00000-0  24679-3 0  9994
2 40091  47.0039 226.5937 0001187  18.6881 341.4048 14.58700566602141
0 ORBCOMM FM 103
1 40091U 14040F   26064.13233081  .00000900  00000-0  22725-3 0  9992
2 40091  47.0039 224.9748 0001177  20.4942 339.5991 14.58700724602197
0 ORBCOMM FM 103
1 40091U 14040F   26064.13233081  .00000900  00000-0  22725-3 0  9992
2 40091  47.0039 224.9748 0001177  20.4942 339.5991 14.58700724602197
0 ORBCOMM FM 103
1 40091U 14040F   26064.61179095  .00001010  00000-0  25068-3 0  9995
2 40091  47.0038 222.7084 0001130  22.9976 337.0960 14.58702305602262
0 ORBCOMM FM 103
1 40091U 14040F   26064.61179096  .00001010  00000-0  25068-3 0  9996
2 40091  47.0038 222.7084 0001130  22.9976 337.0960 14.58702305602262
0 ORBCOMM FM 103
1 40091U 14040F   26064.81727381  .00001012  00000-0  25098-3 0  9999
2 40091  47.0038 221.7373 0001118  24.0757 336.0181 14.58702734602291
0 ORBCOMM FM 103
1 40091U 14040F   26064.81727381  .00001012  00000-0  25098-3 0  9999
2 40091  47.0038 221.7373 0001118  24.0757 336.0181 14.58702734602291
0 ORBCOMM FM 103
1 40091U 14040F   26065.15974518  .00000850  00000-0  21679-3 0  9993
2 40091  47.0038 220.1185 0001077  25.7372 334.3568 14.58702566602349
0 ORBCOMM FM 103
1 40091U 14040F   26065.43372194  .00001016  00000-0  25185-3 0  9997
2 40091  47.0038 218.8233 0001061  27.1899 332.9042 14.58704043602387
0 ORBCOMM FM 103
1 40091U 14040F   26065.77619273  .00001036  00000-0  25605-3 0  9995
2 40091  47.0039 217.2046 0001064  29.6919 330.4027 14.58704952602437
0 ORBCOMM FM 103
1 40091U 14040F   26065.77619274  .00001036  00000-0  25605-3 0  9996
2 40091  47.0039 217.2046 0001064  29.6919 330.4027 14.58704952602437
0 ORBCOMM FM 103
1 40091U 14040F   26066.39263976  .00001105  00000-0  27075-3 0  9999
2 40091  47.0039 214.2907 0001037  33.1624 326.9327 14.58706706602525
0 ORBCOMM FM 103
1 40091U 14040F   26066.59812244  .00001026  00000-0  25404-3 0  9995
2 40091  47.0040 213.3194 0001023  34.7909 325.3044 14.58706620602550
0 ORBCOMM FM 103
1 40091U 14040F   26066.59812245  .00001026  00000-0  25404-3 0  9996
2 40091  47.0040 213.3194 0001023  34.7909 325.3044 14.58706620602550
0 ORBCOMM FM 103
1 40091U 14040F   26067.07758056  .00001042  00000-0  25744-3 0  9994
2 40091  47.0040 211.0531 0001006  38.1028 321.9929 14.58707864602624
0 ORBCOMM FM 103
1 40091U 14040F   26067.35155651  .00001053  00000-0  25963-3 0  9992
2 40091  47.0040 209.7579 0000996  40.2815 319.8144 14.58708550602667
0 ORBCOMM FM 103
1 40091U 14040F   26067.35155651  .00001053  00000-0  25963-3 0  9992
2 40091  47.0040 209.7579 0000996  40.2815 319.8144 14.58708550602667
0 ORBCOMM FM 103
1 40091U 14040F   26068.37896592  .00000874  00000-0  22174-3 0  9992
2 40091  47.0042 204.9016 0000950  47.4378 312.6588 14.58709839602816
0 ORBCOMM FM 103
1 40091U 14040F   26068.37896592  .00000874  00000-0  22174-3 0  9992
2 40091  47.0042 204.9016 0000950  47.4378 312.6588 14.58709839602816
0 ORBCOMM FM 103
1 40091U 14040F   26069.40637289  .00000889  00000-0  22487-3 0  9996
2 40091  47.0043 200.0452 0000895  54.6570 305.4399 14.58712375602965
0 ORBCOMM FM 103
1 40091U 14040F   26069.74884197  .00000862  00000-0  21928-3 0  9995
2 40091  47.0044 198.4266 0000885  57.3419 302.7552 14.58712923603017
0 ORBCOMM FM 103
1 40091U 14040F   26069.74884197  .00000862  00000-0  21928-3 0  9995
2 40091  47.0044 198.4265 0000885  57.3419 302.7552 14.58712923603016
0 ORBCOMM FM 103
1 40091U 14040F   26070.29679146  .00000810  00000-0  20825-3 0  9991
2 40091  47.0044 195.8365 0000847  61.0500 299.0471 14.58713927603090
0 ORBCOMM FM 103
1 40091U 14040F   26070.36528494  .00000815  00000-0  20911-3 0  9999
2 40091  47.0044 195.5127 0000828  61.3551 298.7418 14.58714154603103
0 ORBCOMM FM 103
1 40091U 14040F   26070.70775325  .00000824  00000-0  21111-3 0  9997
2 40091  47.0045 193.8941 0000854  64.9399 295.1576 14.58715003603152
0 ORBCOMM FM 103
1 40091U 14040F   26070.70775326  .00000824  00000-0  21111-3 0  9998
2 40091  47.0045 193.8941 0000854  64.9399 295.1576 14.58715003603152
0 ORBCOMM FM 103
1 40091U 14040F   26071.32419578  .00000854  00000-0  21748-3 0  9990
2 40091  47.0046 190.9803 0000843  69.4036 290.6940 14.58716515603248
0 ORBCOMM FM 103
1 40091U 14040F   26071.66666355  .00000850  00000-0  21660-3 0  9993
2 40091  47.0045 189.3616 0000832  72.3662 287.7315 14.58717264603297
0 ORBCOMM FM 103
1 40091U 14040F   26071.66666355  .00000850  00000-0  21660-3 0  9993
2 40091  47.0045 189.3616 0000832  72.3662 287.7315 14.58717264603297
0 ORBCOMM FM 103
1 40091U 14040F   26072.35159853  .00000782  00000-0  20212-3 0  9996
2 40091  47.0046 186.1240 0000782  77.7672 282.3301 14.58718406603396
0 ORBCOMM FM 103
1 40091U 14040F   26072.69406571  .00000803  00000-0  20660-3 0  9996
2 40091  47.0046 184.5054 0000773  80.6991 279.3982 14.58719303603442
0 ORBCOMM FM 103
1 40091U 14040F   26073.03653287  .00000719  00000-0  18883-3 0  9993
2 40091  47.0046 182.8867 0000777  83.8335 276.2639 14.58719608603494
0 ORBCOMM FM 103
1 40091U 14040F   26073.58447975  .00000761  00000-0  19765-3 0  9995
2 40091  47.0046 180.2967 0000774  87.8556 272.2418 14.58721028603572
0 ORBCOMM FM 103
1 40091U 14040F   26073.72146646  .00000752  00000-0  19583-3 0  9990
2 40091  47.0045 179.6493 0000775  89.0273 271.0702 14.58721272603594
0 ORBCOMM FM 103
1 40091U 14040F   26074.54338682  .00000538  00000-0  15048-3 0  9998
2 40091  47.0045 175.7642 0000778  96.5429 263.5545 14.58721589603712
0 ORBCOMM FM 103
1 40091U 14040F   26074.95434663  .00000499  00000-0  14203-3 0  9997
2 40091  47.0045 173.8218 0000754 100.3312 259.7659 14.58722103603771
0 ORBCOMM FM 103
1 40091U 14040F   26075.63927947  .00000493  00000-0  14088-3 0  9990
2 40091  47.0045 170.5843 0000765 106.6161 253.4809 14.58723170603876
0 ORBCOMM FM 103
1 40091U 14040F   26075.63927947  .00000493  00000-0  14088-3 0  9990
2 40091  47.0045 170.5843 0000765 106.6161 253.4809 14.58723170603876
0 ORBCOMM FM 103
1 40091U 14040F   26076.52969163  .00000467  00000-0  13528-3 0  9994
2 40091  47.0045 166.3754 0000772 113.8842 246.2125 14.58724309604006
0 ORBCOMM FM 103
1 40091U 14040F   26076.73517119  .00000447  00000-0  13114-3 0  9996
2 40091  47.0045 165.4041 0000773 115.4465 244.6501 14.58724514604036
0 ORBCOMM FM 103
1 40091U 14040F   26076.73517120  .00000447  00000-0  13114-3 0  9998
2 40091  47.0045 165.4042 0000773 115.4465 244.6501 14.58724514604037
0 ORBCOMM FM 103
1 40091U 14040F   26077.48859620  .00000476  00000-0  13724-3 0  9994
2 40091  47.0044 161.8427 0000787 122.1786 237.9176 14.58725645604140
0 ORBCOMM FM 103
1 40091U 14040F   26077.62558254  .00000459  00000-0  13358-3 0  9993
2 40091  47.0044 161.1953 0000786 123.0956 237.0005 14.58725732604166
0 ORBCOMM FM 103
1 40091U 14040F   26077.62558254  .00000459  00000-0  13358-3 0  9993
2 40091  47.0044 161.1953 0000786 123.0956 237.0005 14.58725732604166
0 ORBCOMM FM 103
1 40091U 14040F   26078.58448647  .00000394  00000-0  11989-3 0  9999
2 40091  47.0043 156.6628 0000816 130.7017 229.3940 14.58726529604303
0 ORBCOMM FM 103
1 40091U 14040F   26078.58448648  .00000394  00000-0  11989-3 0  9990
2 40091  47.0043 156.6628 0000816 130.7017 229.3940 14.58726530604305
0 ORBCOMM FM 103
1 40091U 14040F   26079.20092453  .00000402  00000-0  12146-3 0  9995
2 40091  47.0044 153.7488 0000830 135.6093 224.4859 14.58727189604397
0 ORBCOMM FM 103
1 40091U 14040F   26079.20092453  .00000402  00000-0  12146-3 0  9995
2 40091  47.0044 153.7488 0000830 135.6093 224.4859 14.58727188604396
0 ORBCOMM FM 103
1 40091U 14040F   26079.47489667  .00000413  00000-0  12389-3 0  9992
2 40091  47.0044 152.4538 0000853 138.0359 222.0592 14.58727604604431
0 ORBCOMM FM 103
1 40091U 14040F   26079.47489667  .00000413  00000-0  12389-3 0  9992
2 40091  47.0044 152.4538 0000853 138.0359 222.0592 14.58727604604431
0 ORBCOMM FM 103
1 40091U 14040F   26080.50229179  .00000462  00000-0  13433-3 0  9993
2 40091  47.0044 147.5975 0000886 145.7126 214.3817 14.58729111604589
0 ORBCOMM FM 103
1 40091U 14040F   26080.91324939  .00000468  00000-0  13562-3 0  9997
2 40091  47.0043 145.6551 0000948 147.1333 212.9612 14.58729747604641
0 ORBCOMM FM 103
1 40091U 14040F   26081.87214998  .00000482  00000-0  13843-3 0  9994
2 40091  47.0043 141.1224 0000959 154.0184 206.0750 14.58731102604782
0 ORBCOMM FM 103
1 40091U 14040F   26082.14612129  .00000539  00000-0  15063-3 0  9992
2 40091  47.0043 139.8273 0000972 155.7773 204.3159 14.58731811604823
0 ORBCOMM FM 103
1 40091U 14040F   26082.48858573  .00000468  00000-0  13549-3 0  9992
2 40091  47.0043 138.2086 0000991 157.9774 202.1155 14.58731846604879
0 ORBCOMM FM 103
1 40091U 14040F   26082.48858573  .00000468  00000-0  13549-3 0  9992
2 40091  47.0043 138.2086 0000991 157.9774 202.1155 14.58731846604879
0 ORBCOMM FM 103
1 40091U 14040F   26083.44748497  .00000439  00000-0  12935-3 0  9998
2 40091  47.0041 133.6759 0001039 163.7337 196.3583 14.58733041605012
0 ORBCOMM FM 103
1 40091U 14040F   26083.85844156  .00000438  00000-0  12921-3 0  9996
2 40091  47.0042 131.7333 0001056 165.9848 194.1068 14.58733623605076
0 ORBCOMM FM 103
1 40091U 14040F   26084.54336870  .00000446  00000-0  13086-3 0  9994
2 40091  47.0041 128.4958 0001088 169.8444 190.2464 14.58734674605176
0 ORBCOMM FM 103
1 40091U 14040F   26084.81733938  .00000435  00000-0  12854-3 0  9990
2 40091  47.0041 127.2007 0001098 171.5088 188.5817 14.58735042605210
0 ORBCOMM FM 103
1 40091U 14040F   26084.81733938  .00000435  00000-0  12854-3 0  9990
2 40091  47.0041 127.2007 0001098 171.5088 188.5817 14.58735042605210
0 ORBCOMM FM 103
1 40091U 14040F   26085.50226606  .00000434  00000-0  12824-3 0  9992
2 40091  47.0040 123.9630 0001136 174.8994 185.1903 14.58735974605313
0 ORBCOMM FM 103
1 40091U 14040F   26085.50226606  .00000434  00000-0  12824-3 0  9992
2 40091  47.0040 123.9630 0001136 174.8994 185.1903 14.58735974605313
0 ORBCOMM FM 103
1 40091U 14040F   26086.11869947  .00000480  00000-0  13815-3 0  9993
2 40091  47.0040 121.0489 0001170 178.0877 182.0013 14.58737136605408
0 ORBCOMM FM 103
1 40091U 14040F   26086.25568479  .00000459  00000-0  13362-3 0  9997
2 40091  47.0041 120.4014 0001181 178.6813 181.4077 14.58737182605420
0 ORBCOMM FM 103
1 40091U 14040F   26086.46116251  .00000438  00000-0  12920-3 0  9993
2 40091  47.0040 119.4302 0001185 179.6343 180.4544 14.58737364605453
0 ORBCOMM FM 103
1 40091U 14040F   26086.46116251  .00000438  00000-0  12920-3 0  9993
2 40091  47.0040 119.4302 0001185 179.6343 180.4544 14.58737364605453
0 ORBCOMM FM 103
1 40091U 14040F   26086.80362528  .00000474  00000-0  13684-3 0  9999
2 40091  47.0041 117.8113 0001203 181.3564 178.7319 14.58738046605506
0 ORBCOMM FM 103
1 40091U 14040F   26086.80362528  .00000474  00000-0  13684-3 0  9999
2 40091  47.0041 117.8113 0001203 181.3564 178.7319 14.58738046605506
0 ORBCOMM FM 103
1 40091U 14040F   26087.42005806  .00000533  00000-0  14935-3 0  9997
2 40091  47.0041 114.8973 0001240 184.0210 176.0666 14.58739175605595
0 ORBCOMM FM 103
1 40091U 14040F   26087.42005806  .00000533  00000-0  14935-3 0  9997
2 40091  47.0041 114.8973 0001240 184.0210 176.0666 14.58739175605595
0 ORBCOMM FM 103
1 40091U 14040F   26087.76252036  .00000530  00000-0  14858-3 0  9994
2 40091  47.0041 113.2785 0001252 185.6557 174.4315 14.58739688605641
0 ORBCOMM FM 103
1 40091U 14040F   26087.76252036  .00000530  00000-0  14858-3 0  9994
2 40091  47.0041 113.2785 0001252 185.6557 174.4315 14.58739688605641
0 ORBCOMM FM 103
1 40091U 14040F   26089.06387608  .00000698  00000-0  18436-3 0  9994
2 40091  47.0042 107.1268 0001326 191.1971 168.8885 14.58742551605837
0 ORBCOMM FM 103
1 40091U 14040F   26089.06387608  .00000698  00000-0  18436-3 0  9994
2 40091  47.0042 107.1268 0001326 191.1971 168.8885 14.58742551605837
0 ORBCOMM FM 103
1 40091U 14040F   26089.33784568  .00000698  00000-0  18419-3 0  9991
2 40091  47.0042 105.8317 0001345 192.1156 167.9698 14.58742909605877
0 ORBCOMM FM 103
1 40091U 14040F   26089.33784568  .00000698  00000-0  18419-3 0  9991
2 40091  47.0042 105.8317 0001345 192.1156 167.9698 14.58742909605877
0 ORBCOMM FM 114
1 41179U 15081A   26060.24377537  .00000721  00000-0  18937-3 0  9990
2 41179  47.0042 152.2956 0001317  58.7495 301.3520 14.58713833541996
0 ORBCOMM FM 114
1 41179U 15081A   26060.24377537  .00000721  00000-0  18937-3 0  9990
2 41179  47.0042 152.2956 0001317  58.7495 301.3520 14.58713833541996
0 ORBCOMM FM 114
1 41179U 15081A   26060.58624391  .00000698  00000-0  18444-3 0  9996
2 41179  47.0042 150.6768 0001303  61.0369 299.0647 14.58714308542049
0 ORBCOMM FM 114
1 41179U 15081A   26060.92871227  .00000675  00000-0  17954-3 0  9996
2 41179  47.0042 149.0581 0001290  63.0807 297.0210 14.58714800542094
0 ORBCOMM FM 114
1 41179U 15081A   26060.92871227  .00000675  00000-0  17954-3 0  9996
2 41179  47.0042 149.0581 0001290  63.0808 297.0210 14.58714800542095
0 ORBCOMM FM 114
1 41179U 15081A   26061.27118068  .00000744  00000-0  19412-3 0  9990
2 41179  47.0042 147.4393 0001295  65.8463 294.2558 14.58715704542144
0 ORBCOMM FM 114
1 41179U 15081A   26061.54515524  .00000724  00000-0  18992-3 0  9998
2 41179  47.0042 146.1443 0001296  67.9752 292.1272 14.58716063542184
0 ORBCOMM FM 114
1 41179U 15081A   26061.54515525  .00000724  00000-0  18992-3 0  9999
2 41179  47.0042 146.1443 0001296  67.9752 292.1272 14.58716063542184
0 ORBCOMM FM 114
1 41179U 15081A   26062.43557189  .00000756  00000-0  19665-3 0  9993
2 41179  47.0043 141.9355 0001264  73.7314 286.3711 14.58717746542311
0 ORBCOMM FM 114
1 41179U 15081A   26062.57255876  .00000786  00000-0  20306-3 0  9993
2 41179  47.0042 141.2880 0001266  74.5268 285.5758 14.58718203542338
0 ORBCOMM FM 114
1 41179U 15081A   26062.57255877  .00000786  00000-0  20306-3 0  9994
2 41179  47.0042 141.2880 0001266  74.5268 285.5758 14.58718203542338
0 ORBCOMM FM 114
1 41179U 15081A   26063.39448023  .00000880  00000-0  22301-3 0  9994
2 41179  47.0042 137.4029 0001249  80.3206 279.7821 14.58720284542459
0 ORBCOMM FM 114
1 41179U 15081A   26063.39448023  .00000880  00000-0  22301-3 0  9994
2 41179  47.0042 137.4029 0001249  80.3206 279.7821 14.58720284542459
0 ORBCOMM FM 114
1 41179U 15081A   26063.53146720  .00000831  00000-0  21256-3 0  9993
2 41179  47.0042 136.7554 0001250  81.2242 278.8785 14.58720238542476
0 ORBCOMM FM 114
1 41179U 15081A   26064.21640101  .00000859  00000-0  21854-3 0  9995
2 41179  47.0042 133.5177 0001234  85.6971 274.4056 14.58721704542574
0 ORBCOMM FM 114
1 41179U 15081A   26064.21640101  .00000859  00000-0  21854-3 0  9995
2 41179  47.0042 133.5177 0001234  85.6971 274.4056 14.58721704542574
0 ORBCOMM FM 114
1 41179U 15081A   26065.17530733  .00000841  00000-0  21463-3 0  9997
2 41179  47.0042 128.9851 0001227  92.5107 267.5919 14.58723461542710
0 ORBCOMM FM 114
1 41179U 15081A   26065.51777328  .00000860  00000-0  21870-3 0  9991
2 41179  47.0042 127.3664 0001242  95.3040 264.7988 14.58724342542768
0 ORBCOMM FM 114
1 41179U 15081A   26066.13421218  .00000712  00000-0  18732-3 0  9993
2 41179  47.0042 124.4525 0001235  99.6468 260.4558 14.58724730542852
0 ORBCOMM FM 114
1 41179U 15081A   26066.13421218  .00000712  00000-0  18732-3 0  9993
2 41179  47.0042 124.4525 0001235  99.6468 260.4558 14.58724730542852
0 ORBCOMM FM 114
1 41179U 15081A   26066.33969146  .00000876  00000-0  22207-3 0  9995
2 41179  47.0042 123.4813 0001236 101.0901 259.0124 14.58726076542883
0 ORBCOMM FM 114
1 41179U 15081A   26066.54517085  .00000860  00000-0  21871-3 0  9998
2 41179  47.0041 122.5100 0001247 102.4741 257.6284 14.58726410542917
0 ORBCOMM FM 114
1 41179U 15081A   26066.54517085  .00000860  00000-0  21871-3 0  9998
2 41179  47.0041 122.5100 0001247 102.4742 257.6284 14.58726410542918
0 ORBCOMM FM 114
1 41179U 15081A   26067.16160840  .00000857  00000-0  21797-3 0  9993
2 41179  47.0041 119.5961 0001248 106.8006 253.3017 14.58727737543002
0 ORBCOMM FM 114
1 41179U 15081A   26067.50407354  .00000842  00000-0  21498-3 0  9997
2 41179  47.0041 117.9773 0001260 109.3019 250.8003 14.58728390543059
0 ORBCOMM FM 114
1 41179U 15081A   26067.50407355  .00000842  00000-0  21498-3 0  9998
2 41179  47.0041 117.9773 0001260 109.3019 250.8003 14.58728390543059
0 ORBCOMM FM 114
1 41179U 15081A   26068.46297558  .00000720  00000-0  18900-3 0  9995
2 41179  47.0040 113.4446 0001269 115.8391 244.2626 14.58729597543193
0 ORBCOMM FM 114
1 41179U 15081A   26068.46297558  .00000720  00000-0  18900-3 0  9995
2 41179  47.0040 113.4446 0001269 115.8391 244.2626 14.58729597543193
0 ORBCOMM FM 114
1 41179U 15081A   26068.80544013  .00000713  00000-0  18750-3 0  9999
2 41179  47.0041 111.8258 0001281 118.3075 241.7940 14.58730278543243
0 ORBCOMM FM 114
1 41179U 15081A   26068.80544013  .00000713  00000-0  18750-3 0  9999
2 41179  47.0041 111.8258 0001281 118.3075 241.7940 14.58730278543243
0 ORBCOMM FM 114
1 41179U 15081A   26069.07941159  .00000693  00000-0  18332-3 0  9994
2 41179  47.0040 110.5306 0001278 120.2059 239.8954 14.58730725543286
0 ORBCOMM FM 114
1 41179U 15081A   26069.07941159  .00000693  00000-0  18332-3 0  9994
2 41179  47.0040 110.5306 0001278 120.2059 239.8954 14.58730725543286
0 ORBCOMM FM 114
1 41179U 15081A   26070.10680421  .00000640  00000-0  17206-3 0  9993
2 41179  47.0040 105.6741 0001306 126.8020 233.2985 14.58732427543436
0 ORBCOMM FM 114
1 41179U 15081A   26070.10680422  .00000640  00000-0  17206-3 0  9994
2 41179  47.0040 105.6741 0001306 126.8020 233.2986 14.58732427543437
0 ORBCOMM FM 114
1 41179U 15081A   26070.31228267  .00000634  00000-0  17072-3 0  9996
2 41179  47.0040 104.7028 0001324 128.5323 231.5681 14.58732759543464
0 ORBCOMM FM 114
1 41179U 15081A   26070.31228268  .00000634  00000-0  17072-3 0  9997
2 41179  47.0040 104.7028 0001324 128.5323 231.5681 14.58732759543464
0 ORBCOMM FM 114
1 41179U 15081A   26071.47665945  .00000698  00000-0  18429-3 0  9999
2 41179  47.0039  99.1986 0001371 135.7337 224.3659 14.58735131543630
0 ORBCOMM FM 114
1 41179U 15081A   26071.47665945  .00000698  00000-0  18429-3 0  9999
2 41179  47.0039  99.1986 0001371 135.7337 224.3659 14.58735132543631
0 ORBCOMM FM 114
1 41179U 15081A   26072.43555669  .00000657  00000-0  17559-3 0  9995
2 41179  47.0038  94.6656 0001432 141.9781 218.1206 14.58736571543776
0 ORBCOMM FM 114
1 41179U 15081A   26072.77801958  .00000688  00000-0  18229-3 0  9996
2 41179  47.0039  93.0468 0001444 144.0497 216.0487 14.58737376543820
0 ORBCOMM FM 114
1 41179U 15081A   26073.32596029  .00000631  00000-0  17003-3 0  9995
2 41179  47.0039  90.4565 0001477 147.2577 212.8400 14.58737946543900
0 ORBCOMM FM 114
1 41179U 15081A   26073.39445277  .00000640  00000-0  17210-3 0  9990
2 41179  47.0039  90.1328 0001460 147.1647 212.9330 14.58738143543917
0 ORBCOMM FM 114
1 41179U 15081A   26073.73691505  .00000696  00000-0  18390-3 0  9996
2 41179  47.0040  88.5140 0001465 149.0002 211.0971 14.58739144543961
0 ORBCOMM FM 114
1 41179U 15081A   26074.42184023  .00000582  00000-0  15981-3 0  9992
2 41179  47.0041  85.2763 0001498 152.7358 207.3607 14.58739589544067
0 ORBCOMM FM 114
1 41179U 15081A   26074.96977997  .00000501  00000-0  14262-3 0  9993
2 41179  47.0041  82.6860 0001520 155.9297 204.1661 14.58739998544147
0 ORBCOMM FM 114
1 41179U 15081A   26075.72319655  .00000518  00000-0  14609-3 0  9992
2 41179  47.0043  79.1247 0001558 159.8052 200.2896 14.58741276544253
0 ORBCOMM FM 114
1 41179U 15081A   26075.72319656  .00000518  00000-0  14609-3 0  9993
2 41179  47.0043  79.1247 0001558 159.8052 200.2896 14.58741276544253
0 ORBCOMM FM 114
1 41179U 15081A   26076.40812047  .00000519  00000-0  14645-3 0  9992
2 41179  47.0044  75.8870 0001595 163.2225 196.8714 14.58742240544353
0 ORBCOMM FM 114
1 41179U 15081A   26076.68208973  .00000528  00000-0  14824-3 0  9998
2 41179  47.0044  74.5919 0001599 164.6518 195.4417 14.58742732544392
0 ORBCOMM FM 114
1 41179U 15081A   26077.70947422  .00000543  00000-0  15148-3 0  9998
2 41179  47.0046  69.7354 0001655 169.5789 190.5131 14.58744306544545
0 ORBCOMM FM 114
1 41179U 15081A   26077.70947423  .00000543  00000-0  15148-3 0  9999
2 41179  47.0046  69.7354 0001655 169.5789 190.5131 14.58744306544545
0 ORBCOMM FM 114
1 41179U 15081A   26077.98344329  .00000518  00000-0  14608-3 0  9997
2 41179  47.0046  68.4402 0001673 170.8507 189.2409 14.58744546544581
0 ORBCOMM FM 114
1 41179U 15081A   26078.66836580  .00000484  00000-0  13894-3 0  9996
2 41179  47.0047  65.2026 0001710 173.9892 186.1014 14.58745265544680
0 ORBCOMM FM 114
1 41179U 15081A   26078.66836581  .00000484  00000-0  13894-3 0  9997
2 41179  47.0047  65.2026 0001710 173.9892 186.1014 14.58745266544681
0 ORBCOMM FM 114
1 41179U 15081A   26079.14781153  .00000509  00000-0  14423-3 0  9992
2 41179  47.0048  62.9361 0001743 176.3627 183.7272 14.58745915544755
0 ORBCOMM FM 114
1 41179U 15081A   26079.14781153  .00000509  00000-0  14423-3 0  9992
2 41179  47.0048  62.9361 0001743 176.3627 183.7272 14.58745915544755
0 ORBCOMM FM 114
1 41179U 15081A   26079.35328809  .00000516  00000-0  14572-3 0  9993
2 41179  47.0047  61.9649 0001756 177.3571 182.7325 14.58746210544785
0 ORBCOMM FM 114
1 41179U 15081A   26079.35328810  .00000516  00000-0  14572-3 0  9995
2 41179  47.0047  61.9649 0001756 177.3571 182.7325 14.58746210544785
0 ORBCOMM FM 114
1 41179U 15081A   26079.62725644  .00000580  00000-0  15927-3 0  9997
2 41179  47.0048  60.6698 0001768 178.5909 181.4982 14.58747026544823
0 ORBCOMM FM 114
1 41179U 15081A   26079.90122516  .00000530  00000-0  14862-3 0  9999
2 41179  47.0048  59.3746 0001785 179.9055 180.1832 14.58747057544866
0 ORBCOMM FM 114
1 41179U 15081A   26080.24368570  .00000554  00000-0  15379-3 0  9990
2 41179  47.0049  57.7557 0001804 181.1644 178.9238 14.58747672544914
0 ORBCOMM FM 114
1 41179U 15081A   26080.92860626  .00000603  00000-0  16412-3 0  9998
2 41179  47.0050  54.5180 0001840 184.2552 175.8319 14.58748939545010
0 ORBCOMM FM 114
1 41179U 15081A   26081.20257452  .00000626  00000-0  16909-3 0  9993
2 41179  47.0049  53.2229 0001856 185.2730 174.8137 14.58749414545054
0 ORBCOMM FM 114
1 41179U 15081A   26081.88749452  .00000615  00000-0  16666-3 0  9991
2 41179  47.0051  49.9851 0001898 188.4320 171.6534 14.58750340545153
0 ORBCOMM FM 114
1 41179U 15081A   26082.91487348  .00000626  00000-0  16894-3 0  9994
2 41179  47.0053  45.1286 0001959 192.6926 167.3911 14.58752002545307
0 ORBCOMM FM 114
1 41179U 15081A   26083.18884121  .00000627  00000-0  16933-3 0  9999
2 41179  47.0054  43.8335 0001979 193.8100 166.2732 14.58752389545348
0 ORBCOMM FM 114
1 41179U 15081A   26083.94225154  .00000601  00000-0  16379-3 0  9994
2 41179  47.0056  40.2721 0002020 197.0458 163.0360 14.58753468545453
0 ORBCOMM FM 114
1 41179U 15081A   26084.55867758  .00000607  00000-0  16490-3 0  9994
2 41179  47.0059  37.3583 0002057 199.6815 160.3991 14.58754570545549
0 ORBCOMM FM 114
1 41179U 15081A   26084.55867758  .00000607  00000-0  16490-3 0  9994
2 41179  47.0059  37.3583 0002057 199.6815 160.3991 14.58754570545549
0 ORBCOMM FM 114
1 41179U 15081A   26085.24359526  .00000612  00000-0  16603-3 0  9992
2 41179  47.0060  34.1207 0002093 202.2145 157.8650 14.58755670545642
0 ORBCOMM FM 114
1 41179U 15081A   26085.24359526  .00000612  00000-0  16603-3 0  9992
2 41179  47.0060  34.1207 0002093 202.2145 157.8650 14.58755670545642
0 ORBCOMM FM 114
1 41179U 15081A   26085.92851206  .00000638  00000-0  17151-3 0  9996
2 41179  47.0061  30.8830 0002128 204.7537 155.3247 14.58757014545749
0 ORBCOMM FM 114
1 41179U 15081A   26086.20247899  .00000595  00000-0  16245-3 0  9990
2 41179  47.0062  29.5881 0002140 205.7297 154.3482 14.58757158545782
0 ORBCOMM FM 114
1 41179U 15081A   26086.20247900  .00000595  00000-0  16245-3 0  9993
2 41179  47.0062  29.5881 0002140 205.7297 154.3483 14.58757159545784
0 ORBCOMM FM 114
1 41179U 15081A   26086.54493707  .00000561  00000-0  15520-3 0  9996
2 41179  47.0063  27.9693 0002158 207.0966 152.9808 14.58757588545832
0 ORBCOMM FM 114
1 41179U 15081A   26086.54493707  .00000561  00000-0  15520-3 0  9996
2 41179  47.0063  27.9693 0002158 207.0966 152.9808 14.58757588545832
0 ORBCOMM FM 114
1 41179U 15081A   26087.09287005  .00000597  00000-0  16277-3 0  9998
2 41179  47.0063  25.3791 0002183 208.9480 151.1285 14.58758614545912
0 ORBCOMM FM 114
1 41179U 15081A   26087.09287005  .00000597  00000-0  16277-3 0  9998
2 41179  47.0063  25.3791 0002183 208.9480 151.1285 14.58758614545912
0 ORBCOMM FM 114
1 41179U 15081A   26087.50381931  .00000638  00000-0  17145-3 0  9998
2 41179  47.0063  23.4367 0002205 210.6002 149.4755 14.58759546545978
0 ORBCOMM FM 114
1 41179U 15081A   26087.84627710  .00000621  00000-0  16797-3 0  9997
2 41179  47.0064  21.8179 0002220 211.6629 148.4124 14.58759977546029
0 ORBCOMM FM 114
1 41179U 15081A   26087.91476856  .00000663  00000-0  17693-3 0  9990
2 41179  47.0064  21.4941 0002226 211.8583 148.2169 14.58760336546038
0 ORBCOMM FM 114
1 41179U 15081A   26088.12024310  .00000660  00000-0  17617-3 0  9991
2 41179  47.0064  20.5228 0002231 212.6210 147.4538 14.58760641546061
0 ORBCOMM FM 114
1 41179U 15081A   26089.07912296  .00000791  00000-0  20386-3 0  9997
2 41179  47.0065  15.9902 0002278 216.0460 144.0273 14.58763097546208
0 ORBCOMM FM 114
1 41179U 15081A   26089.14761450  .00000798  00000-0  20535-3 0  9992
2 41179  47.0065  15.6666 0002279 216.2852 143.7879 14.58763207546212
0 ORBCOMM FM 114
1 41179U 15081A   26089.49007124  .00000808  00000-0  20746-3 0  9997
2 41179  47.0065  14.0478 0002297 217.6567 142.4158 14.58763917546263
0 ORBCOMM FM 114
1 41179U 15081A   26089.49007124  .00000808  00000-0  20746-3 0  9997
2 41179  47.0065  14.0478 0002297 217.6567 142.4158 14.58763917546263
0 ORBCOMM FM 114
1 41179U 15081A   26089.83252791  .00000811  00000-0  20813-3 0  9996
2 41179  47.0065  12.4288 0002316 218.8203 141.2517 14.58764555546317
0 ORBCOMM FM 119
1 41180U 15081B   26060.03725030  .00000690  00000-0  18284-3 0  9994
2 41180  47.0002  62.6299 0000778 212.0585 148.0253 14.58655380543211
0 ORBCOMM FM 119
1 41180U 15081B   26060.03725030  .00000690  00000-0  18284-3 0  9994
2 41180  47.0002  62.6299 0000778 212.0585 148.0253 14.58655380543211
0 ORBCOMM FM 119
1 41180U 15081B   26060.37973241  .00000774  00000-0  20075-3 0  9994
2 41180  47.0003  61.0111 0000792 212.4927 147.5910 14.58656399543268
0 ORBCOMM FM 119
1 41180U 15081B   26060.37973241  .00000774  00000-0  20075-3 0  9994
2 41180  47.0003  61.0111 0000792 212.4927 147.5910 14.58656399543268
0 ORBCOMM FM 119
1 41180U 15081B   26060.99619977  .00000739  00000-0  19328-3 0  9995
2 41180  47.0005  58.0971 0000818 214.2526 145.8307 14.58657275543359
0 ORBCOMM FM 119
1 41180U 15081B   26061.33868146  .00000846  00000-0  21611-3 0  9995
2 41180  47.0005  56.4783 0000834 214.6205 145.4626 14.58658434543402
0 ORBCOMM FM 119
1 41180U 15081B   26061.33868146  .00000846  00000-0  21611-3 0  9995
2 41180  47.0005  56.4783 0000834 214.6205 145.4626 14.58658434543402
0 ORBCOMM FM 119
1 41180U 15081B   26062.02364434  .00000805  00000-0  20726-3 0  9994
2 41180  47.0007  53.2406 0000868 216.4293 143.6534 14.58659435543506
0 ORBCOMM FM 119
1 41180U 15081B   26062.16063690  .00000899  00000-0  22735-3 0  9994
2 41180  47.0007  52.5931 0000875 216.6176 143.4650 14.58660169543526
0 ORBCOMM FM 119
1 41180U 15081B   26062.16063690  .00000899  00000-0  22735-3 0  9994
2 41180  47.0007  52.5931 0000875 216.6176 143.4650 14.58660169543526
0 ORBCOMM FM 119
1 41180U 15081B   26062.91409484  .00001005  00000-0  24978-3 0  9993
2 41180  47.0008  49.0317 0000903 218.4558 141.6263 14.58662239543634
0 ORBCOMM FM 119
1 41180U 15081B   26063.11958322  .00001016  00000-0  25220-3 0  9999
2 41180  47.0009  48.0604 0000918 218.6911 141.3909 14.58662737543664
0 ORBCOMM FM 119
1 41180U 15081B   26063.11958322  .00001016  00000-0  25220-3 0  9999
2 41180  47.0009  48.0604 0000918 218.6911 141.3909 14.58662737543664
0 ORBCOMM FM 119
1 41180U 15081B   26064.01003240  .00000917  00000-0  23118-3 0  9992
2 41180  47.0011  43.8514 0000954 220.7036 139.3778 14.58664008543790
0 ORBCOMM FM 119
1 41180U 15081B   26064.28401660  .00001028  00000-0  25456-3 0  9990
2 41180  47.0011  42.5564 0000959 221.4495 138.6318 14.58665127543833
0 ORBCOMM FM 119
1 41180U 15081B   26064.28401660  .00001028  00000-0  25456-3 0  9990
2 41180  47.0011  42.5564 0000959 221.4495 138.6318 14.58665127543833
0 ORBCOMM FM 119
1 41180U 15081B   26065.03747245  .00000853  00000-0  21745-3 0  9998
2 41180  47.0012  38.9949 0000995 223.3777 136.7031 14.58665743543941
0 ORBCOMM FM 119
1 41180U 15081B   26065.37995199  .00001018  00000-0  25248-3 0  9994
2 41180  47.0012  37.3761 0001008 223.8840 136.1965 14.58667361543991
0 ORBCOMM FM 119
1 41180U 15081B   26066.27039786  .00001076  00000-0  26482-3 0  9990
2 41180  47.0013  33.1671 0001045 225.7410 134.3390 14.58669677544121
0 ORBCOMM FM 119
1 41180U 15081B   26066.33889374  .00001069  00000-0  26329-3 0  9995
2 41180  47.0014  32.8435 0001044 225.8170 134.2630 14.58669777544137
0 ORBCOMM FM 119
1 41180U 15081B   26066.61287697  .00001028  00000-0  25461-3 0  9997
2 41180  47.0015  31.5484 0001057 226.3768 133.7030 14.58670143544172
0 ORBCOMM FM 119
1 41180U 15081B   26066.95535564  .00001027  00000-0  25437-3 0  9995
2 41180  47.0015  29.9295 0001072 226.7657 133.3139 14.58670912544227
0 ORBCOMM FM 119
1 41180U 15081B   26067.22933845  .00001040  00000-0  25706-3 0  9994
2 41180  47.0016  28.6345 0001081 227.2320 132.8475 14.58671612544262
0 ORBCOMM FM 119
1 41180U 15081B   26067.57181708  .00000981  00000-0  24464-3 0  9998
2 41180  47.0016  27.0157 0001093 228.2412 131.8380 14.58672008544312
0 ORBCOMM FM 119
1 41180U 15081B   26067.91429532  .00000910  00000-0  22953-3 0  9999
2 41180  47.0017  25.3968 0001105 228.7670 131.3120 14.58672392544367
0 ORBCOMM FM 119
1 41180U 15081B   26068.25677363  .00000859  00000-0  21868-3 0  9990
2 41180  47.0017  23.7781 0001113 229.2847 130.7942 14.58672821544411
0 ORBCOMM FM 119
1 41180U 15081B   26068.25677365  .00000859  00000-0  21868-3 0  9992
2 41180  47.0017  23.7781 0001113 229.2847 130.7942 14.58672821544411
0 ORBCOMM FM 119
1 41180U 15081B   26068.94172924  .00000859  00000-0  21873-3 0  9995
2 41180  47.0018  20.5404 0001137 230.6089 129.4696 14.58674369544510
0 ORBCOMM FM 119
1 41180U 15081B   26069.28420669  .00000873  00000-0  22173-3 0  9995
2 41180  47.0019  18.9217 0001140 231.2554 128.8230 14.58675250544564
0 ORBCOMM FM 119
1 41180U 15081B   26069.28420669  .00000873  00000-0  22173-3 0  9995
2 41180  47.0019  18.9217 0001140 231.2554 128.8230 14.58675250544564
0 ORBCOMM FM 119
1 41180U 15081B   26070.03765697  .00000791  00000-0  20419-3 0  9993
2 41180  47.0020  15.3602 0001177 232.7899 127.2879 14.58676389544671
0 ORBCOMM FM 119
1 41180U 15081B   26070.03765697  .00000791  00000-0  20419-3 0  9993
2 41180  47.0020  15.3602 0001177 232.7899 127.2879 14.58676389544671
0 ORBCOMM FM 119
1 41180U 15081B   26070.85960204  .00000716  00000-0  18830-3 0  9995
2 41180  47.0021  11.4752 0001190 234.4954 125.5821 14.58677646544799
0 ORBCOMM FM 119
1 41180U 15081B   26070.85960205  .00000716  00000-0  18830-3 0  9996
2 41180  47.0021  11.4752 0001190 234.4954 125.5821 14.58677647544790
0 ORBCOMM FM 119
1 41180U 15081B   26071.81853638  .00000820  00000-0  21039-3 0  9995
2 41180  47.0021   6.9427 0001210 236.3929 123.6841 14.58680226544938
0 ORBCOMM FM 119
1 41180U 15081B   26071.81853638  .00000820  00000-0  21039-3 0  9995
2 41180  47.0021   6.9427 0001210 236.3929 123.6842 14.58680226544939
0 ORBCOMM FM 119
1 41180U 15081B   26071.95552682  .00000780  00000-0  20183-3 0  9999
2 41180  47.0021   6.2952 0001212 236.4527 123.6243 14.58680346544952
0 ORBCOMM FM 119
1 41180U 15081B   26072.22950800  .00000765  00000-0  19877-3 0  9995
2 41180  47.0021   5.0003 0001227 237.3057 122.7710 14.58680757544999
0 ORBCOMM FM 119
1 41180U 15081B   26072.77746966  .00000783  00000-0  20261-3 0  9990
2 41180  47.0021   2.4102 0001230 238.4320 121.6446 14.58681975545076
0 ORBCOMM FM 119
1 41180U 15081B   26072.98295532  .00000699  00000-0  18471-3 0  9997
2 41180  47.0022   1.4389 0001242 238.5975 121.4789 14.58681908545101
0 ORBCOMM FM 119
1 41180U 15081B   26073.94188703  .00000685  00000-0  18182-3 0  9999
2 41180  47.0022 356.9063 0001267 240.4685 119.6075 14.58683753545247
0 ORBCOMM FM 119
1 41180U 15081B   26074.48984788  .00000540  00000-0  15098-3 0  9999
2 41180  47.0021 354.3163 0001277 241.7073 118.3684 14.58683935545328
0 ORBCOMM FM 119
1 41180U 15081B   26074.76382812  .00000531  00000-0  14898-3 0  9997
2 41180  47.0021 353.0211 0001287 242.3460 117.7296 14.58684335545367
0 ORBCOMM FM 119
1 41180U 15081B   26075.03780820  .00000524  00000-0  14750-3 0  9998
2 41180  47.0021 351.7261 0001297 242.7782 117.2971 14.58684796545400
0 ORBCOMM FM 119
1 41180U 15081B   26075.79125337  .00000518  00000-0  14621-3 0  9997
2 41180  47.0019 348.1647 0001329 244.4075 115.6673 14.58685967545519
0 ORBCOMM FM 119
1 41180U 15081B   26075.79125337  .00000518  00000-0  14621-3 0  9997
2 41180  47.0019 348.1647 0001329 244.4075 115.6673 14.58685967545519
0 ORBCOMM FM 119
1 41180U 15081B   26076.47620328  .00000499  00000-0  14221-3 0  9997
2 41180  47.0019 344.9272 0001343 246.0611 114.0134 14.58686884545612
0 ORBCOMM FM 119
1 41180U 15081B   26076.75018303  .00000495  00000-0  14137-3 0  9994
2 41180  47.0018 343.6320 0001351 246.6158 113.4586 14.58687257545655
0 ORBCOMM FM 119
1 41180U 15081B   26077.02416279  .00000465  00000-0  13498-3 0  9995
2 41180  47.0018 342.3369 0001352 246.8687 113.2056 14.58687493545690
0 ORBCOMM FM 119
1 41180U 15081B   26077.43513226  .00000505  00000-0  14362-3 0  9996
2 41180  47.0018 340.3944 0001359 247.8647 112.2095 14.58688294545750
0 ORBCOMM FM 119
1 41180U 15081B   26077.43513226  .00000505  00000-0  14362-3 0  9996
2 41180  47.0018 340.3944 0001359 247.8647 112.2095 14.58688294545750
0 ORBCOMM FM 119
1 41180U 15081B   26077.77760671  .00000480  00000-0  13810-3 0  9990
2 41180  47.0017 338.7754 0001370 248.4578 111.6161 14.58688612545809
0 ORBCOMM FM 119
1 41180U 15081B   26077.98309132  .00000458  00000-0  13344-3 0  9991
2 41180  47.0017 337.8042 0001375 248.8262 111.2477 14.58688782545835
0 ORBCOMM FM 119
1 41180U 15081B   26078.73653490  .00000418  00000-0  12495-3 0  9996
2 41180  47.0017 334.2429 0001396 250.7765 109.2970 14.58689489545940
0 ORBCOMM FM 119
1 41180U 15081B   26078.73653490  .00000418  00000-0  12495-3 0  9996
2 41180  47.0017 334.2429 0001396 250.7765 109.2970 14.58689489545940
0 ORBCOMM FM 119
1 41180U 15081B   26079.14750420  .00000420  00000-0  12539-3 0  9995
2 41180  47.0015 332.3003 0001395 251.4506 108.6229 14.58689887546005
0 ORBCOMM FM 119
1 41180U 15081B   26079.14750421  .00000420  00000-0  12539-3 0  9996
2 41180  47.0015 332.3003 0001395 251.4506 108.6229 14.58689887546005
0 ORBCOMM FM 119
1 41180U 15081B   26079.42148343  .00000419  00000-0  12527-3 0  9996
2 41180  47.0015 331.0052 0001402 252.1652 107.9081 14.58690223546042
0 ORBCOMM FM 119
1 41180U 15081B   26079.42148343  .00000419  00000-0  12527-3 0  9996
2 41180  47.0015 331.0052 0001402 252.1652 107.9081 14.58690223546042
0 ORBCOMM FM 119
1 41180U 15081B   26079.96944168  .00000418  00000-0  12512-3 0  9997
2 41180  47.0014 328.4150 0001408 253.0101 107.0630 14.58690870546123
0 ORBCOMM FM 119
1 41180U 15081B   26080.38040983  .00000499  00000-0  14217-3 0  9990
2 41180  47.0014 326.4724 0001415 254.0596 106.0133 14.58691907546180
0 ORBCOMM FM 119
1 41180U 15081B   26080.92836766  .00000486  00000-0  13950-3 0  9991
2 41180  47.0013 323.8822 0001419 254.8503 105.2225 14.58692472546269
0 ORBCOMM FM 119
1 41180U 15081B   26081.95578775  .00000491  00000-0  14060-3 0  9997
2 41180  47.0013 319.0257 0001428 256.7768 103.2958 14.58693782546415
0 ORBCOMM FM 119
1 41180U 15081B   26082.09277685  .00000552  00000-0  15345-3 0  9994
2 41180  47.0012 318.3782 0001425 256.9887 103.0840 14.58694333546433
0 ORBCOMM FM 119
1 41180U 15081B   26082.36675548  .00000510  00000-0  14462-3 0  9997
2 41180  47.0012 317.0831 0001433 257.7955 102.2770 14.58694424546476
0 ORBCOMM FM 119
1 41180U 15081B   26082.91471210  .00000493  00000-0  14089-3 0  9993
2 41180  47.0010 314.4928 0001439 258.7197 101.3527 14.58695067546550
0 ORBCOMM FM 119
1 41180U 15081B   26083.32567953  .00000490  00000-0  14024-3 0  9995
2 41180  47.0009 312.5502 0001443 259.6766 100.3957 14.58695585546610
0 ORBCOMM FM 119
1 41180U 15081B   26083.66815210  .00000463  00000-0  13463-3 0  9990
2 41180  47.0007 310.9312 0001447 260.2396  99.8326 14.58695926546666
0 ORBCOMM FM 119
1 41180U 15081B   26084.62707490  .00000472  00000-0  13651-3 0  9996
2 41180  47.0005 306.3982 0001453 262.2517  97.8204 14.58697337546807
0 ORBCOMM FM 119
1 41180U 15081B   26084.62707490  .00000472  00000-0  13651-3 0  9996
2 41180  47.0005 306.3982 0001453 262.2517  97.8204 14.58697337546807
0 ORBCOMM FM 119
1 41180U 15081B   26085.31201941  .00000471  00000-0  13636-3 0  9995
2 41180  47.0004 303.1604 0001455 263.6914  96.3806 14.58698267546906
0 ORBCOMM FM 119
1 41180U 15081B   26085.58599697  .00000452  00000-0  13221-3 0  9991
2 41180  47.0003 301.8652 0001460 264.2320  95.8399 14.58698548546944
0 ORBCOMM FM 119
1 41180U 15081B   26085.58599697  .00000452  00000-0  13221-3 0  9991
2 41180  47.0003 301.8652 0001460 264.2320  95.8399 14.58698548546944
0 ORBCOMM FM 119
1 41180U 15081B   26085.99696326  .00000496  00000-0  14156-3 0  9999
2 41180  47.0003 299.9226 0001457 265.1068  94.9652 14.58699377547004
0 ORBCOMM FM 119
1 41180U 15081B   26085.99696327  .00000496  00000-0  14156-3 0  9990
2 41180  47.0003 299.9226 0001457 265.1068  94.9652 14.58699377547004
0 ORBCOMM FM 119
1 41180U 15081B   26086.61341256  .00000438  00000-0  12918-3 0  9998
2 41180  47.0002 297.0084 0001464 266.2755  93.7963 14.58699878547094
0 ORBCOMM FM 119
1 41180U 15081B   26086.61341256  .00000438  00000-0  12918-3 0  9998
2 41180  47.0002 297.0084 0001464 266.2755  93.7963 14.58699878547094
0 ORBCOMM FM 119
1 41180U 15081B   26086.88738997  .00000466  00000-0  13524-3 0  9994
2 41180  47.0002 295.7132 0001461 266.7690  93.3029 14.58700367547133
0 ORBCOMM FM 119
1 41180U 15081B   26086.88738997  .00000466  00000-0  13524-3 0  9994
2 41180  47.0002 295.7132 0001461 266.7690  93.3029 14.58700367547133
0 ORBCOMM FM 119
1 41180U 15081B   26087.02437861  .00000463  00000-0  13452-3 0  9994
2 41180  47.0001 295.0657 0001461 267.1867  92.8851 14.58700528547156
0 ORBCOMM FM 119
1 41180U 15081B   26087.02437861  .00000463  00000-0  13452-3 0  9994
2 41180  47.0001 295.0657 0001461 267.1867  92.8851 14.58700528547156
0 ORBCOMM FM 119
1 41180U 15081B   26087.29835570  .00000520  00000-0  14673-3 0  9992
2 41180  47.0001 293.7705 0001463 267.6634  92.4085 14.58701239547193
0 ORBCOMM FM 119
1 41180U 15081B   26087.57233273  .00000510  00000-0  14454-3 0  9991
2 41180  47.0000 292.4752 0001466 268.2614  91.8104 14.58701564547239
0 ORBCOMM FM 119
1 41180U 15081B   26087.84630972  .00000513  00000-0  14508-3 0  9991
2 41180  47.0000 291.1800 0001464 268.6411  91.4307 14.58701955547275
0 ORBCOMM FM 119
1 41180U 15081B   26087.84630973  .00000513  00000-0  14508-3 0  9992
2 41180  47.0000 291.1800 0001464 268.6411  91.4307 14.58701955547275
0 ORBCOMM FM 119
1 41180U 15081B   26089.55866365  .00000695  00000-0  18369-3 0  9998
2 41180  47.0000 283.0853 0001473 272.6791  87.3926 14.58705533547524
0 ORBCOMM FM 119
1 41180U 15081B   26089.55866365  .00000695  00000-0  18369-3 0  9998
2 41180  47.0000 283.0853 0001473 272.6791  87.3926 14.58705533547524
0 ORBCOMM FM 119
1 41180U 15081B   26089.83263999  .00000696  00000-0  18409-3 0  9999
2 41180  47.0000 281.7902 0001469 273.2485  86.8233 14.58705981547562
0 ORBCOMM FM 105
1 41181U 15081C   26060.10159619  .00000246  00000-0  11363-3 0  9995
2 41181  47.0005  92.4570 0001403 358.0399   2.0476 14.45485111537913
0 ORBCOMM FM 105
1 41181U 15081C   26060.10159619  .00000246  00000-0  11363-3 0  9995
2 41181  47.0005  92.4570 0001403 358.0399   2.0476 14.45485111537913
0 ORBCOMM FM 105
1 41181U 15081C   26060.44720255  .00000282  00000-0  12364-3 0  9994
2 41181  47.0005  90.8576 0001386 359.7645   0.3234 14.45485576537966
0 ORBCOMM FM 105
1 41181U 15081C   26060.44720255  .00000282  00000-0  12364-3 0  9994
2 41181  47.0005  90.8576 0001386 359.7646   0.3234 14.45485576537967
0 ORBCOMM FM 105
1 41181U 15081C   26061.06929375  .00000262  00000-0  11818-3 0  9998
2 41181  47.0006  87.9785 0001354   2.3369 357.7517 14.45485978538055
0 ORBCOMM FM 105
1 41181U 15081C   26061.34577876  .00000304  00000-0  12992-3 0  9995
2 41181  47.0006  86.6991 0001343   3.6976 356.3914 14.45486399538094
0 ORBCOMM FM 105
1 41181U 15081C   26061.34577877  .00000304  00000-0  12992-3 0  9996
2 41181  47.0006  86.6991 0001343   3.6976 356.3914 14.45486399538094
0 ORBCOMM FM 105
1 41181U 15081C   26062.03699086  .00000292  00000-0  12657-3 0  9994
2 41181  47.0007  83.5002 0001317   6.5816 353.5081 14.45486898538199
0 ORBCOMM FM 105
1 41181U 15081C   26062.24435443  .00000339  00000-0  13974-3 0  9997
2 41181  47.0008  82.5406 0001306   7.6324 352.4576 14.45487326538229
0 ORBCOMM FM 105
1 41181U 15081C   26062.24435444  .00000339  00000-0  13974-3 0  9998
2 41181  47.0008  82.5406 0001306   7.6324 352.4576 14.45487326538229
0 ORBCOMM FM 105
1 41181U 15081C   26063.00468704  .00000394  00000-0  15503-3 0  9999
2 41181  47.0008  79.0219 0001275  11.1161 348.9748 14.45488333538338
0 ORBCOMM FM 105
1 41181U 15081C   26063.00468705  .00000394  00000-0  15503-3 0  9990
2 41181  47.0008  79.0219 0001275  11.1161 348.9748 14.45488333538338
0 ORBCOMM FM 105
1 41181U 15081C   26063.76501927  .00000386  00000-0  15298-3 0  9999
2 41181  47.0009  75.5032 0001240  15.0633 345.0284 14.45489071538447
0 ORBCOMM FM 105
1 41181U 15081C   26064.04150372  .00000344  00000-0  14100-3 0  9990
2 41181  47.0009  74.2236 0001216  16.6760 343.4160 14.45489090538480
0 ORBCOMM FM 105
1 41181U 15081C   26064.31798809  .00000392  00000-0  15452-3 0  9997
2 41181  47.0011  72.9442 0001206  18.2067 341.8856 14.45489616538527
0 ORBCOMM FM 105
1 41181U 15081C   26064.31798810  .00000392  00000-0  15452-3 0  9999
2 41181  47.0011  72.9442 0001206  18.2067 341.8856 14.45489616538527
0 ORBCOMM FM 105
1 41181U 15081C   26065.28568289  .00000379  00000-0  15108-3 0  9994
2 41181  47.0012  68.4660 0001158  23.4168 336.6765 14.45490497538661
0 ORBCOMM FM 105
1 41181U 15081C   26066.04601398  .00000308  00000-0  13085-3 0  9992
2 41181  47.0013  64.9472 0001117  27.5752 332.5188 14.45490869538772
0 ORBCOMM FM 105
1 41181U 15081C   26066.25337691  .00000403  00000-0  15773-3 0  9999
2 41181  47.0013  63.9876 0001109  28.9324 331.1618 14.45491588538806
0 ORBCOMM FM 105
1 41181U 15081C   26066.25337691  .00000403  00000-0  15773-3 0  9999
2 41181  47.0013  63.9876 0001109  28.9324 331.1618 14.45491588538806
0 ORBCOMM FM 105
1 41181U 15081C   26066.94458649  .00000392  00000-0  15449-3 0  9999
2 41181  47.0013  60.7887 0001079  32.8690 327.2258 14.45492233538904
0 ORBCOMM FM 105
1 41181U 15081C   26067.01370740  .00000391  00000-0  15445-3 0  9998
2 41181  47.0013  60.4688 0001075  33.3654 326.7294 14.45492313538916
0 ORBCOMM FM 105
1 41181U 15081C   26067.29019109  .00000400  00000-0  15676-3 0  9994
2 41181  47.0014  59.1894 0001067  35.1666 324.9285 14.45492666538950
0 ORBCOMM FM 105
1 41181U 15081C   26067.29019109  .00000400  00000-0  15676-3 0  9994
2 41181  47.0014  59.1894 0001067  35.1666 324.9285 14.45492666538950
0 ORBCOMM FM 105
1 41181U 15081C   26067.70491664  .00000376  00000-0  15016-3 0  9990
2 41181  47.0015  57.2702 0001052  37.6084 322.4870 14.45492970539012
0 ORBCOMM FM 105
1 41181U 15081C   26068.32700476  .00000315  00000-0  13284-3 0  9991
2 41181  47.0016  54.3912 0001028  41.9589 318.1370 14.45493254539108
0 ORBCOMM FM 105
1 41181U 15081C   26068.32700476  .00000315  00000-0  13284-3 0  9991
2 41181  47.0016  54.3912 0001028  41.9589 318.1370 14.45493254539108
0 ORBCOMM FM 105
1 41181U 15081C   26068.94909245  .00000319  00000-0  13398-3 0  9994
2 41181  47.0017  51.5122 0001004  45.8510 314.2453 14.45493923539193
0 ORBCOMM FM 105
1 41181U 15081C   26069.29469656  .00000330  00000-0  13716-3 0  9997
2 41181  47.0018  49.9128 0000993  48.4594 311.6372 14.45494363539244
0 ORBCOMM FM 105
1 41181U 15081C   26069.36381740  .00000329  00000-0  13700-3 0  9993
2 41181  47.0018  49.5930 0000991  48.8553 311.2413 14.45494432539258
0 ORBCOMM FM 105
1 41181U 15081C   26069.98590476  .00000303  00000-0  12965-3 0  9993
2 41181  47.0020  46.7140 0000968  53.1653 306.9316 14.45494886539343
0 ORBCOMM FM 105
1 41181U 15081C   26069.98590476  .00000303  00000-0  12965-3 0  9993
2 41181  47.0020  46.7140 0000968  53.1653 306.9316 14.45494886539343
0 ORBCOMM FM 105
1 41181U 15081C   26070.33150872  .00000306  00000-0  13049-3 0  9993
2 41181  47.0020  45.1147 0000952  55.8173 304.2798 14.45495240539397
0 ORBCOMM FM 105
1 41181U 15081C   26070.95359567  .00000279  00000-0  12291-3 0  9990
2 41181  47.0021  42.2357 0000930  60.2842 299.8131 14.45495687539483
0 ORBCOMM FM 105
1 41181U 15081C   26070.95359567  .00000279  00000-0  12291-3 0  9990
2 41181  47.0021  42.2357 0000930  60.2842 299.8131 14.45495687539483
0 ORBCOMM FM 105
1 41181U 15081C   26071.29919943  .00000333  00000-0  13791-3 0  9995
2 41181  47.0022  40.6364 0000932  62.9927 297.1049 14.45496310539538
0 ORBCOMM FM 105
1 41181U 15081C   26071.29919943  .00000333  00000-0  13791-3 0  9995
2 41181  47.0022  40.6364 0000932  62.9927 297.1049 14.45496310539538
0 ORBCOMM FM 105
1 41181U 15081C   26072.26688924  .00000316  00000-0  13318-3 0  9991
2 41181  47.0024  36.1583 0000904  70.6964 289.4014 14.45497247539670
0 ORBCOMM FM 105
1 41181U 15081C   26073.09633714  .00000292  00000-0  12637-3 0  9996
2 41181  47.0026  32.3198 0000891  77.3277 282.7703 14.45497989539795
0 ORBCOMM FM 105
1 41181U 15081C   26073.58018148  .00000324  00000-0  13552-3 0  9991
2 41181  47.0027  30.0809 0000899  80.3123 279.7859 14.45498689539866
0 ORBCOMM FM 105
1 41181U 15081C   26073.92578469  .00000294  00000-0  12690-3 0  9994
2 41181  47.0027  28.4814 0000902  83.0134 277.0849 14.45498814539916
0 ORBCOMM FM 105
1 41181U 15081C   26074.13314654  .00000292  00000-0  12649-3 0  9994
2 41181  47.0027  27.5219 0000905  84.6621 275.4363 14.45499002539942
0 ORBCOMM FM 105
1 41181U 15081C   26074.54787025  .00000217  00000-0  10536-3 0  9995
2 41181  47.0028  25.6028 0000903  87.7537 272.3447 14.45498962540000
0 ORBCOMM FM 105
1 41181U 15081C   26074.82435263  .00000214  00000-0  10444-3 0  9995
2 41181  47.0027  24.3232 0000903  89.9960 270.1024 14.45499158540045
0 ORBCOMM FM 105
1 41181U 15081C   26075.86116108  .00000205  00000-0  10196-3 0  9998
2 41181  47.0028  19.5252 0000917  98.3997 261.6987 14.45500033540197
0 ORBCOMM FM 105
1 41181U 15081C   26076.13764335  .00000193  00000-0  98582-4 0  9992
2 41181  47.0028  18.2458 0000929 100.6969 259.4016 14.45500174540239
0 ORBCOMM FM 105
1 41181U 15081C   26076.13764335  .00000193  00000-0  98582-4 0  9992
2 41181  47.0028  18.2458 0000929 100.6969 259.4016 14.45500174540239
0 ORBCOMM FM 105
1 41181U 15081C   26076.55236661  .00000199  00000-0  10042-3 0  9994
2 41181  47.0029  16.3266 0000937 103.7339 256.3646 14.45500540540298
0 ORBCOMM FM 105
1 41181U 15081C   26076.82884869  .00000199  00000-0  10036-3 0  9996
2 41181  47.0029  15.0471 0000941 105.9840 254.1144 14.45500741540335
0 ORBCOMM FM 105
1 41181U 15081C   26076.82884870  .00000199  00000-0  10036-3 0  9998
2 41181  47.0029  15.0471 0000941 105.9840 254.1144 14.45500741540335
0 ORBCOMM FM 105
1 41181U 15081C   26077.10533075  .00000185  00000-0  96428-4 0  9993
2 41181  47.0029  13.7676 0000951 108.2381 251.8603 14.45500883540379
0 ORBCOMM FM 105
1 41181U 15081C   26077.52005378  .00000200  00000-0  10066-3 0  9990
2 41181  47.0029  11.8484 0000962 111.1278 248.9706 14.45501266540439
0 ORBCOMM FM 105
1 41181U 15081C   26077.52005380  .00000200  00000-0  10066-3 0  9993
2 41181  47.0029  11.8484 0000962 111.1278 248.9706 14.45501267540430
0 ORBCOMM FM 105
1 41181U 15081C   26077.86565626  .00000189  00000-0  97406-4 0  9994
2 41181  47.0029  10.2490 0000972 113.8891 246.2092 14.45501438540485
0 ORBCOMM FM 105
1 41181U 15081C   26077.86565626  .00000189  00000-0  97406-4 0  9994
2 41181  47.0029  10.2490 0000972 113.8891 246.2092 14.45501438540485
0 ORBCOMM FM 105
1 41181U 15081C   26078.07301767  .00000191  00000-0  97956-4 0  9995
2 41181  47.0029   9.2894 0000976 115.6475 244.4506 14.45501604540512
0 ORBCOMM FM 105
1 41181U 15081C   26078.76422248  .00000176  00000-0  93830-4 0  9999
2 41181  47.0029   6.0907 0000993 120.5391 239.5588 14.45501952540615
0 ORBCOMM FM 105
1 41181U 15081C   26078.76422249  .00000176  00000-0  93830-4 0  9990
2 41181  47.0029   6.0907 0000993 120.5391 239.5588 14.45501952540615
0 ORBCOMM FM 105
1 41181U 15081C   26079.17894542  .00000178  00000-0  94500-4 0  9992
2 41181  47.0028   4.1715 0001016 123.3980 236.6998 14.45502171540675
0 ORBCOMM FM 105
1 41181U 15081C   26079.17894542  .00000178  00000-0  94500-4 0  9992
2 41181  47.0028   4.1715 0001016 123.3980 236.6998 14.45502171540675
0 ORBCOMM FM 105
1 41181U 15081C   26080.07751087  .00000185  00000-0  96378-4 0  9992
2 41181  47.0030   0.0133 0001051 129.2735 230.8239 14.45502873540807
0 ORBCOMM FM 105
1 41181U 15081C   26080.49223309  .00000225  00000-0  10753-3 0  9996
2 41181  47.0030 358.0941 0001075 131.6230 228.4742 14.45503441540863
0 ORBCOMM FM 105
1 41181U 15081C   26080.76871458  .00000225  00000-0  10761-3 0  9999
2 41181  47.0030 356.8146 0001088 133.5592 226.5379 14.45503638540900
0 ORBCOMM FM 105
1 41181U 15081C   26081.04519606  .00000225  00000-0  10774-3 0  9999
2 41181  47.0030 355.5351 0001102 135.3096 224.7873 14.45503849540947
0 ORBCOMM FM 105
1 41181U 15081C   26081.80551992  .00000239  00000-0  11160-3 0  9992
2 41181  47.0030 352.0166 0001135 140.0773 220.0191 14.45504469541058
0 ORBCOMM FM 105
1 41181U 15081C   26082.01288077  .00000246  00000-0  11361-3 0  9998
2 41181  47.0030 351.0571 0001138 141.7776 218.3186 14.45504708541084
0 ORBCOMM FM 105
1 41181U 15081C   26082.42760262  .00000260  00000-0  11746-3 0  9997
2 41181  47.0029 349.1379 0001156 144.1422 215.9536 14.45505117541145
0 ORBCOMM FM 105
1 41181U 15081C   26082.98056497  .00000246  00000-0  11351-3 0  9992
2 41181  47.0029 346.5789 0001191 147.3288 212.7666 14.45505482541228
0 ORBCOMM FM 105
1 41181U 15081C   26083.74088786  .00000228  00000-0  10843-3 0  9998
2 41181  47.0029 343.0605 0001228 151.6483 208.4464 14.45506042541336
0 ORBCOMM FM 105
1 41181U 15081C   26084.43209030  .00000223  00000-0  10704-3 0  9993
2 41181  47.0028 339.8619 0001262 155.4480 204.6460 14.45506588541430
0 ORBCOMM FM 105
1 41181U 15081C   26085.05417220  .00000218  00000-0  10552-3 0  9999
2 41181  47.0027 336.9830 0001301 158.6569 201.4365 14.45507072541527
0 ORBCOMM FM 105
1 41181U 15081C   26085.05417220  .00000218  00000-0  10552-3 0  9999
2 41181  47.0027 336.9830 0001301 158.6569 201.4365 14.45507072541527
0 ORBCOMM FM 105
1 41181U 15081C   26085.39977307  .00000221  00000-0  10650-3 0  9996
2 41181  47.0027 335.3837 0001315 160.5541 199.5389 14.45507413541571
0 ORBCOMM FM 105
1 41181U 15081C   26085.39977308  .00000221  00000-0  10650-3 0  9997
2 41181  47.0027 335.3837 0001315 160.5541 199.5389 14.45507413541571
0 ORBCOMM FM 105
1 41181U 15081C   26086.02185457  .00000236  00000-0  11069-3 0  9995
2 41181  47.0025 332.5048 0001355 163.6468 196.4456 14.45508002541664
0 ORBCOMM FM 105
1 41181U 15081C   26086.02185458  .00000236  00000-0  11069-3 0  9996
2 41181  47.0025 332.5048 0001355 163.6468 196.4456 14.45508002541664
0 ORBCOMM FM 105
1 41181U 15081C   26086.36745544  .00000216  00000-0  10508-3 0  9996
2 41181  47.0025 330.9054 0001371 165.4095 194.6825 14.45508153541710
0 ORBCOMM FM 105
1 41181U 15081C   26086.92041659  .00000216  00000-0  10511-3 0  9998
2 41181  47.0023 328.3464 0001412 167.8142 192.2773 14.45508562541797
0 ORBCOMM FM 105
1 41181U 15081C   26086.92041660  .00000216  00000-0  10511-3 0  9990
2 41181  47.0023 328.3464 0001412 167.8142 192.2773 14.45508562541797
0 ORBCOMM FM 105
1 41181U 15081C   26087.95721804  .00000253  00000-0  11542-3 0  9995
2 41181  47.0022 323.5482 0001474 172.6238 187.4664 14.45509604541941
0 ORBCOMM FM 105
1 41181U 15081C   26088.02633815  .00000252  00000-0  11533-3 0  9997
2 41181  47.0022 323.2284 0001478 172.8668 187.2233 14.45509659541952
0 ORBCOMM FM 105
1 41181U 15081C   26088.99401872  .00000306  00000-0  13025-3 0  9997
2 41181  47.0020 318.7500 0001534 177.3038 182.7851 14.45510764542095
0 ORBCOMM FM 105
1 41181U 15081C   26088.99401872  .00000306  00000-0  13025-3 0  9997
2 41181  47.0020 318.7500 0001534 177.3038 182.7851 14.45510764542095
0 ORBCOMM FM 105
1 41181U 15081C   26089.33961888  .00000306  00000-0  13029-3 0  9998
2 41181  47.0020 317.1506 0001552 178.9091 181.1793 14.45511043542145
0 ORBCOMM FM 105
1 41181U 15081C   26089.33961888  .00000306  00000-0  13029-3 0  9998
2 41181  47.0020 317.1506 0001552 178.9091 181.1793 14.45511043542145
0 ORBCOMM FM 105
1 41181U 15081C   26089.89257885  .00000311  00000-0  13171-3 0  9998
2 41181  47.0019 314.5915 0001590 181.3144 178.7733 14.45511539542222
0 ORBCOMM FM 110
1 41182U 15081D   26060.57547098  .00001056  00000-0  26043-3 0  9990
2 41182  47.0015 150.2024 0003579 287.5902  72.4593 14.58714018541915
0 ORBCOMM FM 110
1 41182U 15081D   26060.57547099  .00001056  00000-0  26043-3 0  9991
2 41182  47.0015 150.2024 0003579 287.5902  72.4593 14.58714018541915
0 ORBCOMM FM 110
1 41182U 15081D   26061.19191381  .00001039  00000-0  25687-3 0  9993
2 41182  47.0015 147.2883 0003586 289.8700  70.1799 14.58715482542003
0 ORBCOMM FM 110
1 41182U 15081D   26061.53438146  .00001183  00000-0  28743-3 0  9990
2 41182  47.0015 145.6695 0003588 291.1539  68.8963 14.58717208542054
0 ORBCOMM FM 110
1 41182U 15081D   26061.60287500  .00001171  00000-0  28484-3 0  9993
2 41182  47.0014 145.3457 0003561 291.4189  68.6316 14.58717336542064
0 ORBCOMM FM 110
1 41182U 15081D   26061.60287501  .00001171  00000-0  28484-3 0  9994
2 41182  47.0014 145.3457 0003561 291.4189  68.6316 14.58717336542064
0 ORBCOMM FM 110
1 41182U 15081D   26062.42479715  .00001228  00000-0  29696-3 0  9994
2 41182  47.0014 141.4604 0003554 294.4608  65.5907 14.58719747542189
0 ORBCOMM FM 110
1 41182U 15081D   26062.56178373  .00001282  00000-0  30825-3 0  9991
2 41182  47.0014 140.8129 0003548 295.0481  65.0036 14.58720495542206
0 ORBCOMM FM 110
1 41182U 15081D   26062.56178373  .00001282  00000-0  30825-3 0  9991
2 41182  47.0014 140.8129 0003548 295.0481  65.0036 14.58720495542206
0 ORBCOMM FM 110
1 41182U 15081D   26063.38370370  .00001415  00000-0  33652-3 0  9992
2 41182  47.0015 136.9275 0003536 298.1317  61.9212 14.58723588542324
0 ORBCOMM FM 110
1 41182U 15081D   26063.58918367  .00001353  00000-0  32327-3 0  9997
2 41182  47.0014 135.9562 0003526 298.9897  61.0636 14.58723810542353
0 ORBCOMM FM 110
1 41182U 15081D   26063.58918367  .00001353  00000-0  32327-3 0  9997
2 41182  47.0014 135.9562 0003526 298.9897  61.0636 14.58723810542353
0 ORBCOMM FM 110
1 41182U 15081D   26064.20562288  .00001235  00000-0  29830-3 0  9998
2 41182  47.0014 133.0421 0003523 301.2893  58.7647 14.58724896542447
0 ORBCOMM FM 110
1 41182U 15081D   26064.20562289  .00001235  00000-0  29830-3 0  9999
2 41182  47.0014 133.0421 0003523 301.2893  58.7647 14.58724896542447
0 ORBCOMM FM 110
1 41182U 15081D   26064.54808874  .00001371  00000-0  32718-3 0  9999
2 41182  47.0014 131.4233 0003500 302.6378  57.4170 14.58726599542492
0 ORBCOMM FM 110
1 41182U 15081D   26064.54808875  .00001371  00000-0  32718-3 0  9990
2 41182  47.0014 131.4233 0003500 302.6378  57.4170 14.58726599542492
0 ORBCOMM FM 110
1 41182U 15081D   26065.16452706  .00001116  00000-0  27299-3 0  9992
2 41182  47.0014 128.5092 0003492 304.9465  55.1093 14.58726897542584
0 ORBCOMM FM 110
1 41182U 15081D   26065.37000628  .00001288  00000-0  30943-3 0  9997
2 41182  47.0015 127.5379 0003494 305.6773  54.3787 14.58728387542615
0 ORBCOMM FM 110
1 41182U 15081D   26066.19192226  .00001086  00000-0  26670-3 0  9992
2 41182  47.0013 123.6524 0003495 308.7350  51.3223 14.58729615542738
0 ORBCOMM FM 110
1 41182U 15081D   26066.19192226  .00001086  00000-0  26670-3 0  9992
2 41182  47.0013 123.6524 0003495 308.7350  51.3223 14.58729615542738
0 ORBCOMM FM 110
1 41182U 15081D   26066.46589375  .00001312  00000-0  31455-3 0  9996
2 41182  47.0013 122.3573 0003488 309.8565  50.2014 14.58731653542775
0 ORBCOMM FM 110
1 41182U 15081D   26066.53438675  .00001284  00000-0  30856-3 0  9992
2 41182  47.0013 122.0336 0003497 310.1392  49.9187 14.58731670542788
0 ORBCOMM FM 110
1 41182U 15081D   26066.87685094  .00001276  00000-0  30694-3 0  9999
2 41182  47.0013 120.4148 0003464 311.4972  48.5617 14.58732691542836
0 ORBCOMM FM 110
1 41182U 15081D   26066.87685094  .00001276  00000-0  30694-3 0  9999
2 41182  47.0013 120.4147 0003464 311.4971  48.5617 14.58732691542834
0 ORBCOMM FM 110
1 41182U 15081D   26067.49328639  .00001220  00000-0  29505-3 0  9995
2 41182  47.0013 117.5008 0003430 313.8771  46.1831 14.58734094542925
0 ORBCOMM FM 110
1 41182U 15081D   26067.56177921  .00001214  00000-0  29379-3 0  9991
2 41182  47.0013 117.1770 0003428 314.1522  45.9081 14.58734248542938
0 ORBCOMM FM 110
1 41182U 15081D   26068.45218550  .00001012  00000-0  25091-3 0  9997
2 41182  47.0012 112.9678 0003396 317.5539  42.5084 14.58735323543062
0 ORBCOMM FM 110
1 41182U 15081D   26068.45218551  .00001012  00000-0  25091-3 0  9998
2 41182  47.0012 112.9678 0003396 317.5539  42.5084 14.58735323543062
0 ORBCOMM FM 110
1 41182U 15081D   26069.06861951  .00000960  00000-0  23990-3 0  9991
2 41182  47.0011 110.0537 0003376 319.9225  40.1412 14.58736608543156
0 ORBCOMM FM 110
1 41182U 15081D   26069.06861952  .00000960  00000-0  23990-3 0  9992
2 41182  47.0011 110.0537 0003376 319.9225  40.1412 14.58736608543156
0 ORBCOMM FM 110
1 41182U 15081D   26070.09600852  .00000880  00000-0  22303-3 0  9995
2 41182  47.0010 105.1967 0003315 323.9729  36.0933 14.58738613543301
0 ORBCOMM FM 110
1 41182U 15081D   26070.09600853  .00000880  00000-0  22303-3 0  9996
2 41182  47.0010 105.1967 0003315 323.9729  36.0933 14.58738613543301
0 ORBCOMM FM 110
1 41182U 15081D   26070.36997924  .00000834  00000-0  21311-3 0  9991
2 41182  47.0010 103.9015 0003315 325.2135  34.8534 14.58738828543342
0 ORBCOMM FM 110
1 41182U 15081D   26070.78093443  .00000833  00000-0  21302-3 0  9999
2 41182  47.0010 101.9588 0003302 326.7068  33.3609 14.58739689543402
0 ORBCOMM FM 110
1 41182U 15081D   26070.78093444  .00000833  00000-0  21302-3 0  9990
2 41182  47.0010 101.9588 0003302 326.7068  33.3609 14.58739689543402
0 ORBCOMM FM 110
1 41182U 15081D   26071.39736697  .00000867  00000-0  22020-3 0  9997
2 41182  47.0010  99.0447 0003268 329.2464  30.8230 14.58741095543497
0 ORBCOMM FM 110
1 41182U 15081D   26071.39736697  .00000867  00000-0  22020-3 0  9997
2 41182  47.0010  99.0447 0003268 329.2464  30.8230 14.58741095543497
0 ORBCOMM FM 110
1 41182U 15081D   26072.42475392  .00000773  00000-0  20027-3 0  9995
2 41182  47.0011  94.1879 0003252 333.6257  26.4462 14.58742450543646
0 ORBCOMM FM 110
1 41182U 15081D   26073.31515457  .00000731  00000-0  19143-3 0  9992
2 41182  47.0011  89.9785 0003193 337.3566  22.7178 14.58743865543770
0 ORBCOMM FM 110
1 41182U 15081D   26073.45213925  .00000730  00000-0  19103-3 0  9997
2 41182  47.0011  89.3310 0003190 337.9685  22.1063 14.58744096543799
0 ORBCOMM FM 110
1 41182U 15081D   26073.72610817  .00000761  00000-0  19775-3 0  9997
2 41182  47.0011  88.0357 0003174 338.9563  21.1192 14.58744840543838
0 ORBCOMM FM 110
1 41182U 15081D   26075.71238354  .00000549  00000-0  15279-3 0  9999
2 41182  47.0014  78.6458 0003062 347.6062  12.4748 14.58746827544125
0 ORBCOMM FM 110
1 41182U 15081D   26075.98635227  .00000537  00000-0  15024-3 0  9993
2 41182  47.0014  77.3506 0003049 348.7908  11.2909 14.58747149544169
0 ORBCOMM FM 110
1 41182U 15081D   26076.26032122  .00000546  00000-0  15220-3 0  9998
2 41182  47.0014  76.0554 0003046 350.1213   9.9612 14.58747516544209
0 ORBCOMM FM 110
1 41182U 15081D   26076.39730553  .00000539  00000-0  15072-3 0  9992
2 41182  47.0015  75.4079 0003039 350.7848   9.2981 14.58747685544228
0 ORBCOMM FM 110
1 41182U 15081D   26076.94524250  .00000522  00000-0  14704-3 0  9991
2 41182  47.0016  72.8176 0003019 353.1499   6.9345 14.58748402544300
0 ORBCOMM FM 110
1 41182U 15081D   26077.28770306  .00000581  00000-0  15948-3 0  9990
2 41182  47.0016  71.1986 0002996 354.7976   5.2878 14.58749187544350
0 ORBCOMM FM 110
1 41182U 15081D   26077.42468723  .00000576  00000-0  15853-3 0  9992
2 41182  47.0016  70.5512 0002993 355.4434   4.6424 14.58749365544372
0 ORBCOMM FM 110
1 41182U 15081D   26077.42468724  .00000576  00000-0  15853-3 0  9993
2 41182  47.0016  70.5512 0002993 355.4434   4.6424 14.58749365544372
0 ORBCOMM FM 110
1 41182U 15081D   26077.83563954  .00000536  00000-0  15006-3 0  9995
2 41182  47.0016  68.6084 0002970 357.2503   2.8366 14.58749759544435
0 ORBCOMM FM 110
1 41182U 15081D   26077.83563954  .00000536  00000-0  15006-3 0  9995
2 41182  47.0016  68.6084 0002970 357.2503   2.8366 14.58749759544435
0 ORBCOMM FM 110
1 41182U 15081D   26078.24659207  .00000545  00000-0  15181-3 0  9992
2 41182  47.0017  66.6656 0002948 359.2818   0.8063 14.58750294544499
0 ORBCOMM FM 110
1 41182U 15081D   26078.65754411  .00000500  00000-0  14242-3 0  9998
2 41182  47.0018  64.7230 0002936   1.2058 358.8834 14.58750666544556
0 ORBCOMM FM 110
1 41182U 15081D   26078.93151213  .00000543  00000-0  15153-3 0  9999
2 41182  47.0018  63.4277 0002920   2.4645 357.6254 14.58751235544591
0 ORBCOMM FM 110
1 41182U 15081D   26079.20548039  .00000521  00000-0  14669-3 0  9993
2 41182  47.0019  62.1326 0002898   3.7425 356.3482 14.58751377544638
0 ORBCOMM FM 110
1 41182U 15081D   26079.20548040  .00000521  00000-0  14669-3 0  9995
2 41182  47.0019  62.1326 0002898   3.7425 356.3482 14.58751377544638
0 ORBCOMM FM 110
1 41182U 15081D   26080.23285930  .00000557  00000-0  15435-3 0  9997
2 41182  47.0020  57.2758 0002850   8.7920 351.3015 14.58753007544782
0 ORBCOMM FM 110
1 41182U 15081D   26080.91777757  .00000630  00000-0  16994-3 0  9998
2 41182  47.0022  54.0378 0002814  12.1611 347.9343 14.58754478544882
0 ORBCOMM FM 110
1 41182U 15081D   26081.19174490  .00000661  00000-0  17642-3 0  9999
2 41182  47.0022  52.7426 0002796  13.5757 346.5204 14.58755027544923
0 ORBCOMM FM 110
1 41182U 15081D   26081.94515438  .00000654  00000-0  17504-3 0  9992
2 41182  47.0023  49.1809 0002759  17.2913 342.8066 14.58756159545038
0 ORBCOMM FM 110
1 41182U 15081D   26082.90403822  .00000660  00000-0  17614-3 0  9991
2 41182  47.0025  44.6478 0002714  22.2159 337.8844 14.58757750545172
0 ORBCOMM FM 110
1 41182U 15081D   26083.17800497  .00000671  00000-0  17851-3 0  9995
2 41182  47.0027  43.3527 0002703  23.6742 336.4267 14.58758241545211
0 ORBCOMM FM 110
1 41182U 15081D   26083.93141258  .00000657  00000-0  17569-3 0  9992
2 41182  47.0029  39.7910 0002666  27.6112 332.4915 14.58759494545320
0 ORBCOMM FM 110
1 41182U 15081D   26084.13688722  .00000659  00000-0  17603-3 0  9998
2 41182  47.0030  38.8197 0002649  28.5954 331.5076 14.58759884545358
0 ORBCOMM FM 110
1 41182U 15081D   26084.95878531  .00000680  00000-0  18056-3 0  9994
2 41182  47.0031  34.9344 0002614  33.0755 327.0294 14.58761535545473
0 ORBCOMM FM 110
1 41182U 15081D   26085.23275110  .00000703  00000-0  18536-3 0  9999
2 41182  47.0031  33.6393 0002608  34.6953 325.4102 14.58762192545518
0 ORBCOMM FM 110
1 41182U 15081D   26085.23275110  .00000703  00000-0  18536-3 0  9999
2 41182  47.0031  33.6393 0002608  34.6953 325.4102 14.58762192545518
0 ORBCOMM FM 110
1 41182U 15081D   26085.91766485  .00000767  00000-0  19882-3 0  9999
2 41182  47.0033  30.4015 0002577  38.4127 321.6942 14.58763968545619
0 ORBCOMM FM 110
1 41182U 15081D   26086.19163039  .00000745  00000-0  19419-3 0  9998
2 41182  47.0034  29.1065 0002569  39.9763 320.1312 14.58764359545657
0 ORBCOMM FM 110
1 41182U 15081D   26086.19163040  .00000745  00000-0  19419-3 0  9990
2 41182  47.0034  29.1065 0002569  39.9763 320.1312 14.58764359545657
0 ORBCOMM FM 110
1 41182U 15081D   26086.53408690  .00000712  00000-0  18719-3 0  9997
2 41182  47.0036  27.4877 0002559  41.8245 318.2836 14.58764928545704
0 ORBCOMM FM 110
1 41182U 15081D   26086.53408690  .00000712  00000-0  18719-3 0  9997
2 41182  47.0036  27.4877 0002559  41.8245 318.2836 14.58764928545704
0 ORBCOMM FM 110
1 41182U 15081D   26087.08201697  .00000782  00000-0  20197-3 0  9996
2 41182  47.0036  24.8974 0002522  44.8133 315.2956 14.58766400545787
0 ORBCOMM FM 110
1 41182U 15081D   26087.08201698  .00000782  00000-0  20197-3 0  9997
2 41182  47.0036  24.8974 0002522  44.8133 315.2956 14.58766400545787
0 ORBCOMM FM 110
1 41182U 15081D   26087.83541983  .00000862  00000-0  21902-3 0  9998
2 41182  47.0037  21.3358 0002500  49.1746 310.9357 14.58768487545896
0 ORBCOMM FM 110
1 41182U 15081D   26087.83541983  .00000862  00000-0  21902-3 0  9998
2 41182  47.0037  21.3358 0002500  49.1746 310.9357 14.58768487545896
0 ORBCOMM FM 110
1 41182U 15081D   26088.10938419  .00000931  00000-0  23363-3 0  9993
2 41182  47.0037  20.0408 0002498  50.7933 309.3174 14.58769502545933
0 ORBCOMM FM 110
1 41182U 15081D   26089.06825792  .00001129  00000-0  27562-3 0  9993
2 41182  47.0038  15.5078 0002466  56.5546 303.5575 14.58772988546074
0 ORBCOMM FM 110
1 41182U 15081D   26089.06825793  .00001129  00000-0  27562-3 0  9994
2 41182  47.0038  15.5078 0002466  56.5546 303.5575 14.58772988546074
0 ORBCOMM FM 110
1 41182U 15081D   26089.47920344  .00001166  00000-0  28334-3 0  9996
2 41182  47.0039  13.5653 0002460  58.8948 301.2179 14.58774234546135
0 ORBCOMM FM 110
1 41182U 15081D   26089.47920344  .00001166  00000-0  28334-3 0  9996
2 41182  47.0039  13.5653 0002460  58.8948 301.2179 14.58774234546135
0 ORBCOMM FM 110
1 41182U 15081D   26089.82165773  .00001173  00000-0  28490-3 0  9993
2 41182  47.0039  11.9463 0002445  60.9375 299.1756 14.58775154546180
0 ORBCOMM FM 118
1 41183U 15081E   26060.26757412  .00000990  00000-0  24647-3 0  9994
2 41183  47.0033 151.9705 0003849 255.4337 104.6122 14.58708851541976
0 ORBCOMM FM 118
1 41183U 15081E   26060.26757412  .00000990  00000-0  24647-3 0  9994
2 41183  47.0033 151.9705 0003849 255.4337 104.6122 14.58708851541976
0 ORBCOMM FM 118
1 41183U 15081E   26061.50046213  .00001136  00000-0  27740-3 0  9992
2 41183  47.0033 146.1429 0003885 260.0259 100.0188 14.58712962542151
0 ORBCOMM FM 118
1 41183U 15081E   26061.56895597  .00001108  00000-0  27147-3 0  9995
2 41183  47.0035 145.8195 0003896 260.4519  99.5926 14.58712981542168
0 ORBCOMM FM 118
1 41183U 15081E   26061.56895598  .00001108  00000-0  27147-3 0  9996
2 41183  47.0035 145.8195 0003896 260.4519  99.5926 14.58712981542168
0 ORBCOMM FM 118
1 41183U 15081E   26062.18539931  .00001068  00000-0  26303-3 0  9999
2 41183  47.0035 142.9056 0003908 262.8675  97.1767 14.58714336542258
0 ORBCOMM FM 118
1 41183U 15081E   26062.25389293  .00001178  00000-0  28623-3 0  9990
2 41183  47.0034 142.5817 0003901 263.0100  97.0342 14.58715088542261
0 ORBCOMM FM 118
1 41183U 15081E   26062.59636074  .00001228  00000-0  29689-3 0  9998
2 41183  47.0033 140.9629 0003884 264.1090  95.9353 14.58716363542315
0 ORBCOMM FM 118
1 41183U 15081E   26062.59636075  .00001228  00000-0  29689-3 0  9999
2 41183  47.0033 140.9629 0003884 264.1090  95.9353 14.58716363542315
0 ORBCOMM FM 118
1 41183U 15081E   26063.21280217  .00001377  00000-0  32837-3 0  9996
2 41183  47.0035 138.0492 0003908 266.7859  93.2579 14.58719006542409
0 ORBCOMM FM 118
1 41183U 15081E   26063.55526948  .00001326  00000-0  31771-3 0  9997
2 41183  47.0036 136.4306 0003911 268.1600  91.8838 14.58719732542453
0 ORBCOMM FM 118
1 41183U 15081E   26063.55526948  .00001326  00000-0  31771-3 0  9997
2 41183  47.0036 136.4306 0003911 268.1600  91.8838 14.58719733542454
0 ORBCOMM FM 118
1 41183U 15081E   26064.51417706  .00001339  00000-0  32040-3 0  9999
2 41183  47.0037 131.8980 0003923 271.8949  88.1487 14.58722468542595
0 ORBCOMM FM 118
1 41183U 15081E   26064.65116364  .00001344  00000-0  32139-3 0  9995
2 41183  47.0037 131.2505 0003921 272.4548  87.5889 14.58722906542611
0 ORBCOMM FM 118
1 41183U 15081E   26064.65116364  .00001344  00000-0  32139-3 0  9995
2 41183  47.0037 131.2505 0003921 272.4548  87.5889 14.58722906542611
0 ORBCOMM FM 118
1 41183U 15081E   26065.13061685  .00001101  00000-0  26996-3 0  9999
2 41183  47.0037 128.9841 0003948 274.4413  85.6021 14.58722884542688
0 ORBCOMM FM 118
1 41183U 15081E   26065.61006893  .00001301  00000-0  31235-3 0  9996
2 41183  47.0036 126.7177 0003948 276.3048  83.7388 14.58725445542759
0 ORBCOMM FM 118
1 41183U 15081E   26066.15801451  .00001081  00000-0  26559-3 0  9997
2 41183  47.0036 124.1275 0003932 278.1617  81.8823 14.58725720542833
0 ORBCOMM FM 118
1 41183U 15081E   26066.15801452  .00001081  00000-0  26559-3 0  9998
2 41183  47.0036 124.1275 0003932 278.1617  81.8823 14.58725720542833
0 ORBCOMM FM 118
1 41183U 15081E   26066.36349355  .00001307  00000-0  31364-3 0  9991
2 41183  47.0036 123.1562 0003931 278.7977  81.2464 14.58727586542865
0 ORBCOMM FM 118
1 41183U 15081E   26066.56897282  .00001281  00000-0  30797-3 0  9990
2 41183  47.0036 122.1850 0003928 279.6304  80.4137 14.58728017542895
0 ORBCOMM FM 118
1 41183U 15081E   26066.56897283  .00001281  00000-0  30797-3 0  9991
2 41183  47.0036 122.1850 0003928 279.6305  80.4137 14.58728017542896
0 ORBCOMM FM 118
1 41183U 15081E   26067.18540979  .00001268  00000-0  30536-3 0  9993
2 41183  47.0035 119.2710 0003930 281.9001  78.1444 14.58729761542981
0 ORBCOMM FM 118
1 41183U 15081E   26067.52787472  .00001227  00000-0  29653-3 0  9995
2 41183  47.0035 117.6522 0003925 283.2288  76.8160 14.58730472543038
0 ORBCOMM FM 118
1 41183U 15081E   26067.52787473  .00001227  00000-0  29653-3 0  9996
2 41183  47.0035 117.6522 0003925 283.2288  76.8160 14.58730472543038
0 ORBCOMM FM 118
1 41183U 15081E   26068.48677549  .00001073  00000-0  26393-3 0  9991
2 41183  47.0034 113.1194 0003925 286.8765  73.1690 14.58732196543170
0 ORBCOMM FM 118
1 41183U 15081E   26068.48677549  .00001073  00000-0  26393-3 0  9991
2 41183  47.0034 113.1194 0003925 286.8765  73.1690 14.58732197543171
0 ORBCOMM FM 118
1 41183U 15081E   26069.51416800  .00000976  00000-0  24332-3 0  9999
2 41183  47.0033 108.2629 0003932 290.8753  69.1712 14.58734135543329
0 ORBCOMM FM 118
1 41183U 15081E   26069.51416801  .00000976  00000-0  24332-3 0  9990
2 41183  47.0033 108.2629 0003932 290.8753  69.1712 14.58734135543329
0 ORBCOMM FM 118
1 41183U 15081E   26070.13060265  .00000884  00000-0  22388-3 0  9996
2 41183  47.0033 105.3488 0003922 293.2007  66.8465 14.58735099543417
0 ORBCOMM FM 118
1 41183U 15081E   26070.13060266  .00000884  00000-0  22388-3 0  9997
2 41183  47.0033 105.3488 0003922 293.2007  66.8465 14.58735099543417
0 ORBCOMM FM 118
1 41183U 15081E   26070.47306624  .00000867  00000-0  22016-3 0  9994
2 41183  47.0033 103.7299 0003914 294.4478  65.5999 14.58735760543463
0 ORBCOMM FM 118
1 41183U 15081E   26070.81552963  .00000810  00000-0  20817-3 0  9996
2 41183  47.0033 102.1110 0003921 295.8507  64.1975 14.58736215543515
0 ORBCOMM FM 118
1 41183U 15081E   26070.81552963  .00000810  00000-0  20817-3 0  9996
2 41183  47.0033 102.1110 0003921 295.8507  64.1975 14.58736215543515
0 ORBCOMM FM 118
1 41183U 15081E   26071.43196345  .00000902  00000-0  22754-3 0  9997
2 41183  47.0032  99.1971 0003890 298.3247  61.7246 14.58737987543609
0 ORBCOMM FM 118
1 41183U 15081E   26071.43196346  .00000902  00000-0  22754-3 0  9998
2 41183  47.0032  99.1971 0003890 298.3247  61.7246 14.58737987543609
0 ORBCOMM FM 118
1 41183U 15081E   26072.25387472  .00000823  00000-0  21086-3 0  9990
2 41183  47.0032  95.3117 0003856 301.3823  58.6685 14.58739152543727
0 ORBCOMM FM 118
1 41183U 15081E   26073.00729225  .00000780  00000-0  20169-3 0  9993
2 41183  47.0032  91.7501 0003841 304.4534  55.5989 14.58740435543832
0 ORBCOMM FM 118
1 41183U 15081E   26073.41824727  .00000766  00000-0  19877-3 0  9999
2 41183  47.0032  89.8075 0003828 306.1309  53.9223 14.58741084543890
0 ORBCOMM FM 118
1 41183U 15081E   26073.76070906  .00000826  00000-0  21141-3 0  9993
2 41183  47.0032  88.1886 0003826 307.5377  52.5160 14.58742177543945
0 ORBCOMM FM 118
1 41183U 15081E   26074.44563343  .00000677  00000-0  17989-3 0  9990
2 41183  47.0033  84.9509 0003793 310.1871  49.8683 14.58742532544040
0 ORBCOMM FM 118
1 41183U 15081E   26074.71960326  .00000570  00000-0  15721-3 0  9996
2 41183  47.0033  83.6557 0003780 311.1007  48.9552 14.58742344544087
0 ORBCOMM FM 118
1 41183U 15081E   26075.26754224  .00000647  00000-0  17348-3 0  9997
2 41183  47.0034  81.0655 0003756 313.6324  46.4250 14.58743634544161
0 ORBCOMM FM 118
1 41183U 15081E   26076.29492732  .00000568  00000-0  15672-3 0  9994
2 41183  47.0036  76.2088 0003711 317.6670  42.3929 14.58744734544315
0 ORBCOMM FM 118
1 41183U 15081E   26076.43191194  .00000555  00000-0  15401-3 0  9994
2 41183  47.0037  75.5613 0003711 318.3381  41.7222 14.58744869544339
0 ORBCOMM FM 118
1 41183U 15081E   26076.70588101  .00000560  00000-0  15519-3 0  9998
2 41183  47.0037  74.2662 0003706 319.4610  40.5999 14.58745323544378
0 ORBCOMM FM 118
1 41183U 15081E   26078.34969450  .00000567  00000-0  15654-3 0  9997
2 41183  47.0039  66.4956 0003621 326.1337  33.9317 14.58747622544617
0 ORBCOMM FM 118
1 41183U 15081E   26079.24009295  .00000524  00000-0  14735-3 0  9991
2 41183  47.0039  62.2864 0003581 329.8521  30.2158 14.58748430544744
0 ORBCOMM FM 118
1 41183U 15081E   26079.37707721  .00000529  00000-0  14855-3 0  9992
2 41183  47.0040  61.6390 0003575 330.4842  29.5841 14.58748640544765
0 ORBCOMM FM 118
1 41183U 15081E   26079.37707722  .00000529  00000-0  14855-3 0  9993
2 41183  47.0040  61.6390 0003575 330.4842  29.5841 14.58748640544765
0 ORBCOMM FM 118
1 41183U 15081E   26079.65104531  .00000594  00000-0  16229-3 0  9992
2 41183  47.0041  60.3439 0003566 331.6451  28.4240 14.58749453544804
0 ORBCOMM FM 118
1 41183U 15081E   26079.65104532  .00000594  00000-0  16229-3 0  9993
2 41183  47.0041  60.3439 0003566 331.6451  28.4240 14.58749453544804
0 ORBCOMM FM 118
1 41183U 15081E   26080.19898205  .00000561  00000-0  15526-3 0  9994
2 41183  47.0041  57.7536 0003532 333.9560  26.1148 14.58749957544880
0 ORBCOMM FM 118
1 41183U 15081E   26080.60993405  .00000629  00000-0  16968-3 0  9994
2 41183  47.0043  55.8110 0003517 335.9418  24.1303 14.58750973544944
0 ORBCOMM FM 118
1 41183U 15081E   26080.88390203  .00000620  00000-0  16775-3 0  9998
2 41183  47.0043  54.5158 0003502 337.0570  23.0158 14.58751311544985
0 ORBCOMM FM 118
1 41183U 15081E   26081.22636203  .00000647  00000-0  17346-3 0  9994
2 41183  47.0043  52.8969 0003480 338.5865  21.4875 14.58751924545039
0 ORBCOMM FM 118
1 41183U 15081E   26081.91128128  .00000647  00000-0  17345-3 0  9991
2 41183  47.0044  49.6591 0003445 341.5548  18.5213 14.58752998545134
0 ORBCOMM FM 118
1 41183U 15081E   26082.18524883  .00000695  00000-0  18371-3 0  9992
2 41183  47.0045  48.3640 0003427 342.8326  17.2444 14.58753704545176
0 ORBCOMM FM 118
1 41183U 15081E   26082.87016741  .00000662  00000-0  17662-3 0  9993
2 41183  47.0047  45.1263 0003395 345.8627  14.2163 14.58754630545270
0 ORBCOMM FM 118
1 41183U 15081E   26083.14413466  .00000660  00000-0  17631-3 0  9993
2 41183  47.0047  43.8312 0003374 347.1518  12.9282 14.58755093545317
0 ORBCOMM FM 118
1 41183U 15081E   26083.89754422  .00000654  00000-0  17507-3 0  9990
2 41183  47.0049  40.2697 0003336 350.6298   9.4525 14.58756351545429
0 ORBCOMM FM 118
1 41183U 15081E   26084.58246094  .00000677  00000-0  17988-3 0  9996
2 41183  47.0052  37.0322 0003302 353.9627   6.1219 14.58757859545526
0 ORBCOMM FM 118
1 41183U 15081E   26084.58246094  .00000677  00000-0  17988-3 0  9996
2 41183  47.0052  37.0322 0003302 353.9627   6.1219 14.58757859545526
0 ORBCOMM FM 118
1 41183U 15081E   26085.19888585  .00000702  00000-0  18507-3 0  9998
2 41183  47.0055  34.1184 0003262 356.6685   3.4178 14.58759106545613
0 ORBCOMM FM 118
1 41183U 15081E   26085.19888585  .00000702  00000-0  18507-3 0  9998
2 41183  47.0055  34.1184 0003262 356.6685   3.4178 14.58759106545613
0 ORBCOMM FM 118
1 41183U 15081E   26086.22625922  .00000715  00000-0  18783-3 0  9997
2 41183  47.0055  29.2618 0003204   1.6510 358.4386 14.58761179545763
0 ORBCOMM FM 118
1 41183U 15081E   26086.56871641  .00000697  00000-0  18405-3 0  9995
2 41183  47.0057  27.6432 0003192   3.5123 356.5785 14.58761883545818
0 ORBCOMM FM 118
1 41183U 15081E   26086.56871642  .00000697  00000-0  18405-3 0  9996
2 41183  47.0057  27.6432 0003192   3.5123 356.5785 14.58761883545818
0 ORBCOMM FM 118
1 41183U 15081E   26086.84268226  .00000753  00000-0  19592-3 0  9996
2 41183  47.0058  26.3480 0003175   4.8053 355.2863 14.58762698545857
0 ORBCOMM FM 118
1 41183U 15081E   26086.84268226  .00000753  00000-0  19592-3 0  9996
2 41183  47.0058  26.3480 0003175   4.8053 355.2863 14.58762698545857
0 ORBCOMM FM 118
1 41183U 15081E   26087.18513910  .00000853  00000-0  21716-3 0  9999
2 41183  47.0058  24.7293 0003150   6.1704 353.9220 14.58763996545902
0 ORBCOMM FM 118
1 41183U 15081E   26087.18513910  .00000853  00000-0  21716-3 0  9999
2 41183  47.0058  24.7293 0003150   6.1704 353.9220 14.58763996545902
0 ORBCOMM FM 118
1 41183U 15081E   26088.21250855  .00001065  00000-0  26206-3 0  9995
2 41183  47.0058  19.8728 0003091  11.3491 348.7464 14.58767442546054
0 ORBCOMM FM 118
1 41183U 15081E   26089.10289349  .00001114  00000-0  27247-3 0  9995
2 41183  47.0060  15.6639 0003033  15.4413 344.6565 14.58769948546181
0 ORBCOMM FM 118
1 41183U 15081E   26089.17138477  .00001126  00000-0  27492-3 0  9992
2 41183  47.0059  15.3402 0003029  15.8742 344.2238 14.58770120546196
0 ORBCOMM FM 118
1 41183U 15081E   26089.51383995  .00001158  00000-0  28174-3 0  9990
2 41183  47.0060  13.7214 0003013  17.7284 342.3707 14.58771235546240
0 ORBCOMM FM 118
1 41183U 15081E   26089.51383996  .00001158  00000-0  28174-3 0  9991
2 41183  47.0060  13.7214 0003013  17.7284 342.3707 14.58771235546240
0 ORBCOMM FM 112
1 41184U 15081F   26060.06505764  .00000748  00000-0  19490-3 0  9995
2 41184  46.9990  61.4310 0001083  34.7588 325.3368 14.58711477543163
0 ORBCOMM FM 112
1 41184U 15081F   26060.06505765  .00000748  00000-0  19490-3 0  9996
2 41184  46.9990  61.4310 0001083  34.7588 325.3369 14.58711477543164
0 ORBCOMM FM 112
1 41184U 15081F   26060.40752668  .00000838  00000-0  21406-3 0  9990
2 41184  46.9992  59.8121 0001077  36.9498 323.1462 14.58712549543211
0 ORBCOMM FM 112
1 41184U 15081F   26060.40752669  .00000838  00000-0  21406-3 0  9991
2 41184  46.9992  59.8121 0001077  36.9498 323.1462 14.58712549543211
0 ORBCOMM FM 112
1 41184U 15081F   26061.02397060  .00000791  00000-0  20409-3 0  9990
2 41184  46.9992  56.8979 0001057  40.5695 319.5269 14.58713358543300
0 ORBCOMM FM 112
1 41184U 15081F   26061.16095813  .00000884  00000-0  22380-3 0  9999
2 41184  46.9993  56.2504 0001050  41.3329 318.7636 14.58714074543322
0 ORBCOMM FM 112
1 41184U 15081F   26061.16095813  .00000884  00000-0  22380-3 0  9999
2 41184  46.9993  56.2504 0001050  41.3329 318.7636 14.58714074543322
0 ORBCOMM FM 112
1 41184U 15081F   26062.32535052  .00000953  00000-0  23851-3 0  9993
2 41184  46.9996  50.7461 0001018  48.6959 311.4014 14.58716570543490
0 ORBCOMM FM 112
1 41184U 15081F   26062.32535052  .00000953  00000-0  23851-3 0  9993
2 41184  46.9996  50.7461 0001018  48.6959 311.4014 14.58716570543490
0 ORBCOMM FM 112
1 41184U 15081F   26062.94179248  .00001048  00000-0  25859-3 0  9998
2 41184  46.9996  47.8319 0001011  52.3996 307.6981 14.58718335543586
0 ORBCOMM FM 112
1 41184U 15081F   26063.01028602  .00001040  00000-0  25689-3 0  9997
2 41184  46.9996  47.5080 0000994  53.6338 306.4639 14.58718421543595
0 ORBCOMM FM 112
1 41184U 15081F   26063.01028603  .00001040  00000-0  25689-3 0  9998
2 41184  46.9996  47.5080 0000994  53.6338 306.4639 14.58718421543595
0 ORBCOMM FM 112
1 41184U 15081F   26063.96919491  .00000937  00000-0  23516-3 0  9997
2 41184  46.9997  42.9750 0000991  59.8423 300.2561 14.58719803543736
0 ORBCOMM FM 112
1 41184U 15081F   26064.31166201  .00001044  00000-0  25772-3 0  9996
2 41184  46.9998  41.3561 0000983  62.9653 297.1333 14.58721068543783
0 ORBCOMM FM 112
1 41184U 15081F   26064.31166202  .00001044  00000-0  25772-3 0  9997
2 41184  46.9998  41.3561 0000983  62.9653 297.1333 14.58721068543783
0 ORBCOMM FM 112
1 41184U 15081F   26064.92810234  .00000873  00000-0  22152-3 0  9993
2 41184  46.9999  38.4419 0000970  67.5569 292.5419 14.58721453543878
0 ORBCOMM FM 112
1 41184U 15081F   26065.27056877  .00001042  00000-0  25727-3 0  9997
2 41184  47.0000  36.8230 0000952  71.3817 288.7172 14.58723109543924
0 ORBCOMM FM 112
1 41184U 15081F   26065.61303484  .00001064  00000-0  26194-3 0  9997
2 41184  47.0000  35.2040 0000946  73.9376 286.1614 14.58724069543971
0 ORBCOMM FM 112
1 41184U 15081F   26066.09248763  .00000898  00000-0  22687-3 0  9995
2 41184  47.0001  32.9374 0000942  78.0699 282.0292 14.58724180544046
0 ORBCOMM FM 112
1 41184U 15081F   26066.09248764  .00000898  00000-0  22687-3 0  9996
2 41184  47.0001  32.9374 0000942  78.0699 282.0292 14.58724181544047
0 ORBCOMM FM 112
1 41184U 15081F   26066.91440497  .00001094  00000-0  26834-3 0  9991
2 41184  47.0002  29.0519 0000942  84.5111 275.5883 14.58727213544162
0 ORBCOMM FM 112
1 41184U 15081F   26066.91440498  .00001094  00000-0  26834-3 0  9992
2 41184  47.0002  29.0519 0000942  84.5111 275.5883 14.58727213544162
0 ORBCOMM FM 112
1 41184U 15081F   26067.18837710  .00001111  00000-0  27182-3 0  9996
2 41184  47.0002  27.7568 0000946  86.7936 273.3058 14.58728008544202
0 ORBCOMM FM 112
1 41184U 15081F   26067.25687005  .00001132  00000-0  27634-3 0  9999
2 41184  47.0002  27.4331 0000950  87.2721 272.8273 14.58728315544215
0 ORBCOMM FM 112
1 41184U 15081F   26067.59933530  .00001079  00000-0  26520-3 0  9996
2 41184  47.0003  25.8142 0000956  90.5698 269.5298 14.58728826544266
0 ORBCOMM FM 112
1 41184U 15081F   26068.28426495  .00000965  00000-0  24094-3 0  9997
2 41184  47.0003  22.5762 0000970  95.8711 264.2285 14.58729862544368
0 ORBCOMM FM 112
1 41184U 15081F   26068.28426496  .00000965  00000-0  24094-3 0  9998
2 41184  47.0003  22.5762 0000970  95.8711 264.2285 14.58729862544368
0 ORBCOMM FM 112
1 41184U 15081F   26069.24316432  .00001020  00000-0  25256-3 0  9997
2 41184  47.0004  18.0431 0000988 103.1849 256.9147 14.58732730544505
0 ORBCOMM FM 112
1 41184U 15081F   26069.24316433  .00001020  00000-0  25256-3 0  9998
2 41184  47.0004  18.0431 0000988 103.1849 256.9147 14.58732730544505
0 ORBCOMM FM 112
1 41184U 15081F   26069.92809158  .00000960  00000-0  23994-3 0  9993
2 41184  47.0006  14.8053 0000983 109.3437 250.7555 14.58734228544607
0 ORBCOMM FM 112
1 41184U 15081F   26070.20206228  .00000969  00000-0  24177-3 0  9998
2 41184  47.0007  13.5102 0000994 111.2622 248.8369 14.58734992544642
0 ORBCOMM FM 112
1 41184U 15081F   26070.20206228  .00000969  00000-0  24177-3 0  9998
2 41184  47.0007  13.5102 0000994 111.2623 248.8369 14.58734992544643
0 ORBCOMM FM 112
1 41184U 15081F   26070.81849590  .00000982  00000-0  24457-3 0  9996
2 41184  47.0008  10.5962 0001024 115.4382 244.6610 14.58736668544733
0 ORBCOMM FM 112
1 41184U 15081F   26070.81849590  .00000982  00000-0  24457-3 0  9996
2 41184  47.0008  10.5962 0001024 115.4382 244.6610 14.58736668544733
0 ORBCOMM FM 112
1 41184U 15081F   26071.09246608  .00000908  00000-0  22874-3 0  9997
2 41184  47.0008   9.3011 0001008 119.1760 240.9227 14.58736993544775
0 ORBCOMM FM 112
1 41184U 15081F   26071.22945114  .00001034  00000-0  25561-3 0  9997
2 41184  47.0008   8.6536 0001018 119.9422 240.1565 14.58738039544795
0 ORBCOMM FM 112
1 41184U 15081F   26071.22945114  .00001034  00000-0  25561-3 0  9997
2 41184  47.0008   8.6536 0001018 119.9422 240.1565 14.58738039544795
0 ORBCOMM FM 112
1 41184U 15081F   26071.84588348  .00000996  00000-0  24742-3 0  9993
2 41184  47.0008   5.7394 0001039 124.4299 235.6685 14.58739480544884
0 ORBCOMM FM 112
1 41184U 15081F   26071.84588348  .00000996  00000-0  24742-3 0  9993
2 41184  47.0008   5.7394 0001039 124.4299 235.6685 14.58739480544884
0 ORBCOMM FM 112
1 41184U 15081F   26072.18834580  .00000990  00000-0  24618-3 0  9999
2 41184  47.0008   4.1206 0001083 125.5362 234.5624 14.58740341544936
0 ORBCOMM FM 112
1 41184U 15081F   26072.80477708  .00000950  00000-0  23764-3 0  9990
2 41184  47.0009   1.2065 0001105 129.8503 230.2480 14.58741770545028
0 ORBCOMM FM 112
1 41184U 15081F   26073.07874619  .00000957  00000-0  23920-3 0  9993
2 41184  47.0008 359.9114 0001113 132.5022 227.5957 14.58742560545061
0 ORBCOMM FM 112
1 41184U 15081F   26073.48969940  .00001042  00000-0  25720-3 0  9996
2 41184  47.0008 357.9688 0001140 134.5657 225.5322 14.58744241545120
0 ORBCOMM FM 112
1 41184U 15081F   26073.83216073  .00000972  00000-0  24233-3 0  9996
2 41184  47.0008 356.3498 0001158 136.9512 223.1464 14.58744675545174
0 ORBCOMM FM 112
1 41184U 15081F   26074.79105108  .00000789  00000-0  20360-3 0  9991
2 41184  47.0007 351.8168 0001201 143.2527 216.8441 14.58746065545318
0 ORBCOMM FM 112
1 41184U 15081F   26075.06501943  .00000783  00000-0  20225-3 0  9993
2 41184  47.0007 350.5216 0001219 144.9411 215.1556 14.58746711545358
0 ORBCOMM FM 112
1 41184U 15081F   26075.81843208  .00000782  00000-0  20211-3 0  9993
2 41184  47.0006 346.9599 0001259 149.5727 210.5232 14.58748451545460
0 ORBCOMM FM 112
1 41184U 15081F   26076.02390811  .00000764  00000-0  19816-3 0  9993
2 41184  47.0006 345.9885 0001283 150.3403 209.7555 14.58748818545493
0 ORBCOMM FM 112
1 41184U 15081F   26076.02390812  .00000764  00000-0  19816-3 0  9994
2 41184  47.0006 345.9885 0001283 150.3403 209.7555 14.58748818545493
0 ORBCOMM FM 112
1 41184U 15081F   26076.43486026  .00000760  00000-0  19745-3 0  9999
2 41184  47.0005 344.0457 0001316 152.1143 207.9814 14.58749659545554
0 ORBCOMM FM 112
1 41184U 15081F   26076.77732007  .00000763  00000-0  19794-3 0  9996
2 41184  47.0004 342.4267 0001338 154.2102 205.8851 14.58750380545603
0 ORBCOMM FM 112
1 41184U 15081F   26076.77732007  .00000763  00000-0  19794-3 0  9996
2 41184  47.0004 342.4267 0001338 154.2102 205.8851 14.58750380545603
0 ORBCOMM FM 112
1 41184U 15081F   26077.46223931  .00000777  00000-0  20108-3 0  9990
2 41184  47.0004 339.1889 0001382 157.7828 202.3118 14.58751876545708
0 ORBCOMM FM 112
1 41184U 15081F   26077.46223931  .00000777  00000-0  20108-3 0  9990
2 41184  47.0004 339.1889 0001382 157.7828 202.3118 14.58751876545708
0 ORBCOMM FM 112
1 41184U 15081F   26077.73620681  .00000746  00000-0  19448-3 0  9994
2 41184  47.0004 337.8937 0001394 159.5531 200.5411 14.58752247545744
0 ORBCOMM FM 112
1 41184U 15081F   26077.73620681  .00000746  00000-0  19448-3 0  9994
2 41184  47.0004 337.8937 0001394 159.5531 200.5411 14.58752247545744
0 ORBCOMM FM 112
1 41184U 15081F   26078.01017418  .00000715  00000-0  18787-3 0  9995
2 41184  47.0005 336.5985 0001402 161.2455 198.8483 14.58752648545786
0 ORBCOMM FM 112
1 41184U 15081F   26078.76358440  .00000663  00000-0  17684-3 0  9997
2 41184  47.0003 333.0367 0001452 164.8930 195.1999 14.58753714545891
0 ORBCOMM FM 112
1 41184U 15081F   26078.76358441  .00000663  00000-0  17684-3 0  9998
2 41184  47.0003 333.0367 0001452 164.8930 195.1999 14.58753714545891
0 ORBCOMM FM 112
1 41184U 15081F   26079.10604339  .00000700  00000-0  18463-3 0  9995
2 41184  47.0003 331.4179 0001476 166.5502 193.5423 14.58754513545942
0 ORBCOMM FM 112
1 41184U 15081F   26079.10604340  .00000700  00000-0  18463-3 0  9997
2 41184  47.0003 331.4179 0001476 166.5502 193.5423 14.58754513545942
0 ORBCOMM FM 112
1 41184U 15081F   26079.38001100  .00000658  00000-0  17571-3 0  9993
2 41184  47.0003 330.1227 0001489 168.0428 192.0493 14.58754590545980
0 ORBCOMM FM 112
1 41184U 15081F   26079.38001100  .00000658  00000-0  17571-3 0  9993
2 41184  47.0003 330.1227 0001489 168.0428 192.0493 14.58754590545980
0 ORBCOMM FM 112
1 41184U 15081F   26079.72246941  .00000727  00000-0  19048-3 0  9993
2 41184  47.0002 328.5037 0001514 169.8167 190.2750 14.58755615546039
0 ORBCOMM FM 112
1 41184U 15081F   26079.72246941  .00000727  00000-0  19048-3 0  9993
2 41184  47.0002 328.5037 0001514 169.8167 190.2750 14.58755615546039
0 ORBCOMM FM 112
1 41184U 15081F   26080.68135271  .00000779  00000-0  20143-3 0  9998
2 41184  47.0001 323.9705 0001578 174.2663 185.8241 14.58757583546176
0 ORBCOMM FM 112
1 41184U 15081F   26081.91420141  .00000755  00000-0  19631-3 0  9992
2 41184  46.9998 318.1421 0001664 179.4786 180.6101 14.58759506546354
0 ORBCOMM FM 112
1 41184U 15081F   26082.32515043  .00000789  00000-0  20345-3 0  9995
2 41184  46.9997 316.1994 0001677 182.0440 178.0439 14.58760419546414
0 ORBCOMM FM 112
1 41184U 15081F   26082.94157385  .00000720  00000-0  18895-3 0  9996
2 41184  46.9995 313.2851 0001735 183.9903 176.0969 14.58761092546505
0 ORBCOMM FM 112
1 41184U 15081F   26083.35252255  .00000715  00000-0  18790-3 0  9992
2 41184  46.9995 311.3423 0001752 186.0342 174.0523 14.58761770546562
0 ORBCOMM FM 112
1 41184U 15081F   26083.62648804  .00000679  00000-0  18017-3 0  9992
2 41184  46.9994 310.0471 0001773 187.2034 172.8826 14.58762098546605
0 ORBCOMM FM 112
1 41184U 15081F   26084.31140202  .00000677  00000-0  17974-3 0  9997
2 41184  46.9994 306.8092 0001816 190.0107 170.0743 14.58763245546702
0 ORBCOMM FM 112
1 41184U 15081F   26085.33877160  .00000644  00000-0  17286-3 0  9990
2 41184  46.9991 301.9519 0001877 194.2337 165.8496 14.58764874546859
0 ORBCOMM FM 112
1 41184U 15081F   26085.61273651  .00000616  00000-0  16686-3 0  9998
2 41184  46.9990 300.6565 0001896 195.3452 164.7377 14.58765222546894
0 ORBCOMM FM 112
1 41184U 15081F   26085.95519271  .00000665  00000-0  17729-3 0  9999
2 41184  46.9990 299.0377 0001920 196.4285 163.6539 14.58766080546947
0 ORBCOMM FM 112
1 41184U 15081F   26086.02368391  .00000665  00000-0  17720-3 0  9994
2 41184  46.9990 298.7139 0001923 196.7074 163.3749 14.58766207546953
0 ORBCOMM FM 112
1 41184U 15081F   26086.02368391  .00000665  00000-0  17720-3 0  9994
2 41184  46.9990 298.7139 0001923 196.7074 163.3749 14.58766207546953
0 ORBCOMM FM 112
1 41184U 15081F   26086.29764883  .00000626  00000-0  16900-3 0  9995
2 41184  46.9990 297.4186 0001941 197.9697 162.1120 14.58766435546992
0 ORBCOMM FM 112
1 41184U 15081F   26086.29764883  .00000626  00000-0  16900-3 0  9995
2 41184  46.9990 297.4186 0001941 197.9697 162.1120 14.58766435546992
0 ORBCOMM FM 112
1 41184U 15081F   26086.84557835  .00000621  00000-0  16789-3 0  9993
2 41184  46.9988 294.8279 0001984 199.8404 160.2405 14.58767258547076
0 ORBCOMM FM 112
1 41184U 15081F   26086.84557835  .00000621  00000-0  16789-3 0  9993
2 41184  46.9988 294.8279 0001984 199.8404 160.2405 14.58767258547076
0 ORBCOMM FM 112
1 41184U 15081F   26086.98256067  .00000620  00000-0  16771-3 0  9991
2 41184  46.9988 294.1804 0001990 200.3148 159.7659 14.58767476547091
0 ORBCOMM FM 112
1 41184U 15081F   26086.98256067  .00000620  00000-0  16771-3 0  9991
2 41184  46.9988 294.1804 0001990 200.3148 159.7659 14.58767476547091
0 ORBCOMM FM 112
1 41184U 15081F   26087.53048938  .00000681  00000-0  18056-3 0  9994
2 41184  46.9988 291.5897 0002019 202.7315 157.3482 14.58768737547177
0 ORBCOMM FM 112
1 41184U 15081F   26087.59898054  .00000661  00000-0  17637-3 0  9994
2 41184  46.9988 291.2659 0002027 203.0648 157.0147 14.58768718547187
0 ORBCOMM FM 112
1 41184U 15081F   26087.59898055  .00000661  00000-0  17637-3 0  9995
2 41184  46.9988 291.2659 0002027 203.0648 157.0147 14.58768718547187
0 ORBCOMM FM 112
1 41184U 15081F   26088.00992691  .00000712  00000-0  18707-3 0  9999
2 41184  46.9987 289.3231 0002049 204.5059 155.5729 14.58769677547247
0 ORBCOMM FM 112
1 41184U 15081F   26088.28389092  .00000829  00000-0  21206-3 0  9991
2 41184  46.9987 288.0278 0002060 205.9185 154.1598 14.58770797547280
0 ORBCOMM FM 112
1 41184U 15081F   26089.24276469  .00000839  00000-0  21411-3 0  9990
2 41184  46.9988 283.4944 0002113 209.5628 150.5138 14.58772460547426
0 ORBCOMM FM 112
1 41184U 15081F   26089.58521920  .00000848  00000-0  21593-3 0  9993
2 41184  46.9987 281.8752 0002137 210.8103 149.2658 14.58773127547471
0 ORBCOMM FM 112
1 41184U 15081F   26089.79069180  .00000857  00000-0  21796-3 0  9996
2 41184  46.9987 280.9038 0002150 211.5240 148.5517 14.58773576547501
0 ORBCOMM FM 112
1 41184U 15081F   26089.92767355  .00000859  00000-0  21833-3 0  9994
2 41184  46.9988 280.2563 0002155 212.0420 148.0335 14.58773840547528
0 ORBCOMM FM 113
1 41185U 15081G   26060.04227432  .00000715  00000-0  18808-3 0  9993
2 41185  47.0006  61.9055 0000668  37.7200 322.3732 14.58712705543142
0 ORBCOMM FM 113
1 41185U 15081G   26060.04227432  .00000715  00000-0  18808-3 0  9993
2 41185  47.0006  61.9055 0000668  37.7200 322.3732 14.58712705543142
0 ORBCOMM FM 113
1 41185U 15081G   26061.00118632  .00000766  00000-0  19871-3 0  9998
2 41185  47.0007  57.3725 0000635  45.3504 314.7434 14.58714621543280
0 ORBCOMM FM 113
1 41185U 15081G   26061.34365480  .00000855  00000-0  21765-3 0  9994
2 41185  47.0008  55.7537 0000629  48.2924 311.8016 14.58715640543337
0 ORBCOMM FM 113
1 41185U 15081G   26061.34365481  .00000855  00000-0  21765-3 0  9995
2 41185  47.0008  55.7537 0000629  48.2924 311.8016 14.58715640543337
0 ORBCOMM FM 113
1 41185U 15081G   26062.02859094  .00000816  00000-0  20945-3 0  9995
2 41185  47.0010  52.5158 0000602  53.9550 306.1391 14.58716667543437
0 ORBCOMM FM 113
1 41185U 15081G   26062.37105889  .00000913  00000-0  22989-3 0  9997
2 41185  47.0012  50.8971 0000593  57.1173 302.9770 14.58717779543484
0 ORBCOMM FM 113
1 41185U 15081G   26062.37105889  .00000913  00000-0  22989-3 0  9997
2 41185  47.0012  50.8971 0000593  57.1173 302.9770 14.58717779543484
0 ORBCOMM FM 113
1 41185U 15081G   26063.05599381  .00001000  00000-0  24842-3 0  9995
2 41185  47.0013  47.6591 0000577  63.2334 296.8611 14.58719604543581
0 ORBCOMM FM 113
1 41185U 15081G   26063.32996754  .00001054  00000-0  25991-3 0  9995
2 41185  47.0013  46.3641 0000578  65.7549 294.3397 14.58720467543627
0 ORBCOMM FM 113
1 41185U 15081G   26063.32996754  .00001054  00000-0  25991-3 0  9995
2 41185  47.0013  46.3641 0000578  65.7549 294.3397 14.58720467543627
0 ORBCOMM FM 113
1 41185U 15081G   26064.15188867  .00000897  00000-0  22665-3 0  9994
2 41185  47.0015  42.4786 0000578  72.8445 287.2504 14.58721213543744
0 ORBCOMM FM 113
1 41185U 15081G   26064.22038199  .00001005  00000-0  24949-3 0  9993
2 41185  47.0015  42.1548 0000569  74.4528 285.6421 14.58721926543759
0 ORBCOMM FM 113
1 41185U 15081G   26064.63134183  .00001037  00000-0  25616-3 0  9995
2 41185  47.0015  40.2122 0000567  78.0047 282.0903 14.58722995543810
0 ORBCOMM FM 113
1 41185U 15081G   26064.63134184  .00001037  00000-0  25616-3 0  9996
2 41185  47.0015  40.2122 0000567  78.0047 282.0903 14.58722995543810
0 ORBCOMM FM 113
1 41185U 15081G   26064.97380854  .00000847  00000-0  21600-3 0  9997
2 41185  47.0016  38.5932 0000564  81.9395 278.1554 14.58722620543864
0 ORBCOMM FM 113
1 41185U 15081G   26065.17928832  .00001005  00000-0  24936-3 0  9996
2 41185  47.0017  37.6220 0000569  84.7463 275.3488 14.58723894543899
0 ORBCOMM FM 113
1 41185U 15081G   26065.31627481  .00001011  00000-0  25070-3 0  9995
2 41185  47.0017  36.9745 0000572  85.9592 274.1359 14.58724225543919
0 ORBCOMM FM 113
1 41185U 15081G   26066.27517920  .00001073  00000-0  26378-3 0  9997
2 41185  47.0018  32.4415 0000584  95.4639 264.6313 14.58726690544054
0 ORBCOMM FM 113
1 41185U 15081G   26066.27517921  .00001073  00000-0  26378-3 0  9998
2 41185  47.0018  32.4415 0000584  95.4639 264.6313 14.58726690544054
0 ORBCOMM FM 113
1 41185U 15081G   26067.02860294  .00001056  00000-0  26023-3 0  9994
2 41185  47.0019  28.8798 0000594 103.2321 256.8631 14.58728361544160
0 ORBCOMM FM 113
1 41185U 15081G   26067.23408193  .00001076  00000-0  26455-3 0  9994
2 41185  47.0019  27.9085 0000604 104.8420 255.2533 14.58728963544193
0 ORBCOMM FM 113
1 41185U 15081G   26067.23408194  .00001076  00000-0  26455-3 0  9995
2 41185  47.0019  27.9085 0000604 104.8420 255.2533 14.58728964544194
0 ORBCOMM FM 113
1 41185U 15081G   26068.26147655  .00000909  00000-0  22909-3 0  9995
2 41185  47.0020  23.0518 0000633 114.2825 245.8127 14.58730378544343
0 ORBCOMM FM 113
1 41185U 15081G   26068.26147655  .00000909  00000-0  22909-3 0  9995
2 41185  47.0020  23.0518 0000633 114.2825 245.8127 14.58730378544343
0 ORBCOMM FM 113
1 41185U 15081G   26068.94640489  .00000924  00000-0  23213-3 0  9999
2 41185  47.0022  19.8140 0000650 121.2100 238.8849 14.58732149544444
0 ORBCOMM FM 113
1 41185U 15081G   26069.22037593  .00000943  00000-0  23633-3 0  9994
2 41185  47.0022  18.5189 0000662 123.2425 236.8524 14.58732961544482
0 ORBCOMM FM 113
1 41185U 15081G   26069.22037593  .00000943  00000-0  23633-3 0  9994
2 41185  47.0022  18.5189 0000662 123.2425 236.8524 14.58732961544482
0 ORBCOMM FM 113
1 41185U 15081G   26070.17927425  .00000881  00000-0  22313-3 0  9997
2 41185  47.0024  13.9860 0000693 131.2453 228.8493 14.58734884544621
0 ORBCOMM FM 113
1 41185U 15081G   26070.24776692  .00000879  00000-0  22275-3 0  9997
2 41185  47.0024  13.6623 0000697 131.6733 228.4213 14.58735042544638
0 ORBCOMM FM 113
1 41185U 15081G   26070.52173748  .00000893  00000-0  22573-3 0  9998
2 41185  47.0024  12.3672 0000717 132.9388 227.1558 14.58735810544676
0 ORBCOMM FM 113
1 41185U 15081G   26070.86420074  .00000813  00000-0  20878-3 0  9990
2 41185  47.0024  10.7483 0000729 135.9976 224.0968 14.58736129544728
0 ORBCOMM FM 113
1 41185U 15081G   26070.86420074  .00000813  00000-0  20878-3 0  9990
2 41185  47.0024  10.7483 0000729 135.9976 224.0968 14.58736129544728
0 ORBCOMM FM 113
1 41185U 15081G   26071.96008116  .00000892  00000-0  22545-3 0  9991
2 41185  47.0025   5.5679 0000787 144.9136 215.1802 14.58739230544881
0 ORBCOMM FM 113
1 41185U 15081G   26072.16555875  .00000885  00000-0  22390-3 0  9993
2 41185  47.0025   4.5967 0000798 145.7237 214.3701 14.58739616544914
0 ORBCOMM FM 113
1 41185U 15081G   26072.78199053  .00000840  00000-0  21444-3 0  9993
2 41185  47.0025   1.6827 0000831 150.4287 209.6646 14.58740827545005
0 ORBCOMM FM 113
1 41185U 15081G   26073.05595985  .00000846  00000-0  21564-3 0  9997
2 41185  47.0025   0.3877 0000855 152.7547 207.3384 14.58741553545041
0 ORBCOMM FM 113
1 41185U 15081G   26073.46691383  .00000861  00000-0  21880-3 0  9999
2 41185  47.0025 358.4452 0000887 153.0353 207.0579 14.58742655545105
0 ORBCOMM FM 113
1 41185U 15081G   26073.74088269  .00000920  00000-0  23139-3 0  9998
2 41185  47.0024 357.1501 0000904 154.8583 205.2346 14.58743687545141
0 ORBCOMM FM 113
1 41185U 15081G   26074.08334409  .00000865  00000-0  21960-3 0  9994
2 41185  47.0023 355.5313 0000912 156.9442 203.1485 14.58744158545199
0 ORBCOMM FM 113
1 41185U 15081G   26074.49429769  .00000704  00000-0  18558-3 0  9994
2 41185  47.0023 353.5887 0000942 159.1390 200.9535 14.58744191545258
0 ORBCOMM FM 113
1 41185U 15081G   26074.76826655  .00000691  00000-0  18274-3 0  9999
2 41185  47.0023 352.2934 0000959 160.8558 199.2364 14.58744680545297
0 ORBCOMM FM 113
1 41185U 15081G   26075.04223524  .00000681  00000-0  18070-3 0  9990
2 41185  47.0023 350.9983 0000980 162.2021 197.8899 14.58745239545334
0 ORBCOMM FM 113
1 41185U 15081G   26075.79564899  .00000672  00000-0  17869-3 0  9990
2 41185  47.0022 347.4367 0001032 166.3803 193.7111 14.58746691545449
0 ORBCOMM FM 113
1 41185U 15081G   26076.00112558  .00000631  00000-0  17006-3 0  9994
2 41185  47.0022 346.4654 0001051 166.4813 193.6101 14.58746817545471
0 ORBCOMM FM 113
1 41185U 15081G   26076.00112558  .00000631  00000-0  17006-3 0  9994
2 41185  47.0022 346.4653 0001051 166.4813 193.6101 14.58746817545470
0 ORBCOMM FM 113
1 41185U 15081G   26076.48057053  .00000614  00000-0  16643-3 0  9991
2 41185  47.0022 344.1989 0001057 170.1509 189.9397 14.58747554545549
0 ORBCOMM FM 113
1 41185U 15081G   26076.75453886  .00000605  00000-0  16454-3 0  9995
2 41185  47.0020 342.9037 0001077 171.4933 188.5972 14.58747975545589
0 ORBCOMM FM 113
1 41185U 15081G   26077.02850715  .00000566  00000-0  15636-3 0  9995
2 41185  47.0019 341.6085 0001107 172.2848 187.8055 14.58748232545620
0 ORBCOMM FM 113
1 41185U 15081G   26077.43945947  .00000608  00000-0  16522-3 0  9994
2 41185  47.0020 339.6659 0001126 174.5465 185.5433 14.58749143545680
0 ORBCOMM FM 113
1 41185U 15081G   26077.43945947  .00000608  00000-0  16522-3 0  9994
2 41185  47.0020 339.6659 0001126 174.5465 185.5433 14.58749143545680
0 ORBCOMM FM 113
1 41185U 15081G   26077.71342760  .00000578  00000-0  15891-3 0  9993
2 41185  47.0019 338.3707 0001145 175.9088 184.1808 14.58749399545724
0 ORBCOMM FM 113
1 41185U 15081G   26077.98739585  .00000529  00000-0  14852-3 0  9999
2 41185  47.0019 337.0756 0001164 176.5309 183.5585 14.58749522545765
0 ORBCOMM FM 113
1 41185U 15081G   26078.74080803  .00000473  00000-0  13663-3 0  9993
2 41185  47.0019 333.5140 0001211 180.8120 179.2764 14.58750214545878
0 ORBCOMM FM 113
1 41185U 15081G   26078.74080803  .00000473  00000-0  13663-3 0  9993
2 41185  47.0019 333.5140 0001211 180.8120 179.2764 14.58750214545878
0 ORBCOMM FM 113
1 41185U 15081G   26079.08326791  .00000499  00000-0  14211-3 0  9998
2 41185  47.0019 331.8952 0001232 182.1345 177.9536 14.58750808545924
0 ORBCOMM FM 113
1 41185U 15081G   26079.08326792  .00000499  00000-0  14211-3 0  9999
2 41185  47.0019 331.8952 0001232 182.1345 177.9536 14.58750808545924
0 ORBCOMM FM 113
1 41185U 15081G   26079.69969554  .00000525  00000-0  14761-3 0  9995
2 41185  47.0018 328.9811 0001270 184.8897 175.1976 14.58751668546011
0 ORBCOMM FM 113
1 41185U 15081G   26079.69969555  .00000525  00000-0  14761-3 0  9996
2 41185  47.0018 328.9811 0001270 184.8897 175.1976 14.58751668546011
0 ORBCOMM FM 113
1 41185U 15081G   26080.38461449  .00000545  00000-0  15185-3 0  9996
2 41185  47.0017 325.7433 0001313 187.5685 172.5182 14.58752654546115
0 ORBCOMM FM 113
1 41185U 15081G   26081.68595962  .00000536  00000-0  14997-3 0  9998
2 41185  47.0015 319.5914 0001395 192.9966 167.0884 14.58754157546309
0 ORBCOMM FM 113
1 41185U 15081G   26082.09691014  .00000578  00000-0  15888-3 0  9995
2 41185  47.0014 317.6487 0001419 193.9945 166.0902 14.58754971546367
0 ORBCOMM FM 113
1 41185U 15081G   26082.37087733  .00000536  00000-0  14988-3 0  9997
2 41185  47.0014 316.3535 0001435 195.2002 164.8841 14.58755064546401
0 ORBCOMM FM 113
1 41185U 15081G   26082.91881115  .00000510  00000-0  14445-3 0  9993
2 41185  47.0013 313.7631 0001472 197.0910 162.9927 14.58755666546487
0 ORBCOMM FM 113
1 41185U 15081G   26083.32976141  .00000508  00000-0  14393-3 0  9992
2 41185  47.0011 311.8204 0001498 198.5803 161.5028 14.58756191546543
0 ORBCOMM FM 113
1 41185U 15081G   26083.67221973  .00000472  00000-0  13633-3 0  9992
2 41185  47.0010 310.2013 0001526 199.5485 160.5343 14.58756488546595
0 ORBCOMM FM 113
1 41185U 15081G   26084.63110251  .00000475  00000-0  13706-3 0  9999
2 41185  47.0008 305.6681 0001585 202.8621 157.2194 14.58757873546738
0 ORBCOMM FM 113
1 41185U 15081G   26084.63110252  .00000475  00000-0  13706-3 0  9990
2 41185  47.0008 305.6681 0001585 202.8621 157.2194 14.58757873546738
0 ORBCOMM FM 113
1 41185U 15081G   26084.90506912  .00000463  00000-0  13434-3 0  9997
2 41185  47.0007 304.3729 0001596 203.9171 156.1640 14.58758111546774
0 ORBCOMM FM 113
1 41185U 15081G   26084.90506913  .00000463  00000-0  13434-3 0  9998
2 41185  47.0007 304.3729 0001596 203.9171 156.1640 14.58758111546774
0 ORBCOMM FM 113
1 41185U 15081G   26085.31601857  .00000460  00000-0  13371-3 0  9994
2 41185  47.0006 302.4302 0001612 205.8235 154.2570 14.58758689546838
0 ORBCOMM FM 113
1 41185U 15081G   26085.65847626  .00000437  00000-0  12901-3 0  9999
2 41185  47.0006 300.8111 0001634 206.8991 153.1810 14.58759057546882
0 ORBCOMM FM 113
1 41185U 15081G   26085.65847627  .00000437  00000-0  12901-3 0  9990
2 41185  47.0006 300.8111 0001634 206.8991 153.1810 14.58759057546882
0 ORBCOMM FM 113
1 41185U 15081G   26086.00093385  .00000490  00000-0  14017-3 0  9993
2 41185  47.0006 299.1923 0001650 208.0892 151.9905 14.58759839546930
0 ORBCOMM FM 113
1 41185U 15081G   26086.00093386  .00000490  00000-0  14017-3 0  9994
2 41185  47.0006 299.1923 0001650 208.0892 151.9905 14.58759839546930
0 ORBCOMM FM 113
1 41185U 15081G   26086.61735737  .00000438  00000-0  12921-3 0  9998
2 41185  47.0005 296.2779 0001688 210.3761 149.7027 14.58760378547029
0 ORBCOMM FM 113
1 41185U 15081G   26086.61735738  .00000438  00000-0  12921-3 0  9999
2 41185  47.0005 296.2779 0001688 210.3761 149.7027 14.58760378547029
0 ORBCOMM FM 113
1 41185U 15081G   26087.02830624  .00000467  00000-0  13533-3 0  9997
2 41185  47.0005 294.3352 0001713 211.5187 148.5596 14.58761075547088
0 ORBCOMM FM 113
1 41185U 15081G   26087.02830624  .00000467  00000-0  13533-3 0  9997
2 41185  47.0005 294.3352 0001713 211.5187 148.5596 14.58761075547088
0 ORBCOMM FM 113
1 41185U 15081G   26087.30227191  .00000524  00000-0  14743-3 0  9995
2 41185  47.0005 293.0400 0001727 212.6818 147.3961 14.58761774547120
0 ORBCOMM FM 113
1 41185U 15081G   26087.57623748  .00000515  00000-0  14541-3 0  9998
2 41185  47.0005 291.7446 0001741 213.8051 146.2724 14.58762108547164
0 ORBCOMM FM 113
1 41185U 15081G   26087.85020300  .00000556  00000-0  15414-3 0  9999
2 41185  47.0004 290.4494 0001756 214.6435 145.4337 14.58762717547205
0 ORBCOMM FM 113
1 41185U 15081G   26087.85020300  .00000556  00000-0  15414-3 0  9999
2 41185  47.0004 290.4494 0001756 214.6435 145.4336 14.58762717547204
0 ORBCOMM FM 113
1 41185U 15081G   26087.98718580  .00000556  00000-0  15402-3 0  9994
2 41185  47.0004 289.8019 0001762 215.0576 145.0194 14.58762896547225
0 ORBCOMM FM 113
1 41185U 15081G   26088.26115100  .00000668  00000-0  17779-3 0  9998
2 41185  47.0005 288.5067 0001772 216.3513 143.7253 14.58763951547269
0 ORBCOMM FM 113
1 41185U 15081G   26089.56248538  .00000706  00000-0  18585-3 0  9993
2 41185  47.0004 282.3543 0001843 220.8710 139.2038 14.58766127547457
0 ORBCOMM FM 113
1 41185U 15081G   26089.56248538  .00000706  00000-0  18585-3 0  9993
2 41185  47.0004 282.3543 0001843 220.8710 139.2038 14.58766127547457
0 ORBCOMM FM 113
1 41185U 15081G   26089.83645023  .00000712  00000-0  18711-3 0  9991
2 41185  47.0004 281.0591 0001852 221.7978 138.2766 14.58766611547491
0 ORBCOMM FM 115
1 41186U 15081H   26060.55295198  .00000837  00000-0  19539-3 0  9991
2 41186  46.9973 254.9794 0001038 198.0221 162.0630 14.63100363545453
0 ORBCOMM FM 115
1 41186U 15081H   26060.89439225  .00000834  00000-0  19481-3 0  9992
2 41186  46.9972 253.3540 0001062 198.9284 161.1564 14.63101024545506
0 ORBCOMM FM 115
1 41186U 15081H   26060.89439225  .00000834  00000-0  19481-3 0  9992
2 41186  46.9972 253.3540 0001062 198.9284 161.1564 14.63101024545506
0 ORBCOMM FM 115
1 41186U 15081H   26061.50898428  .00000962  00000-0  21953-3 0  9994
2 41186  46.9972 250.4280 0001092 201.6214 158.4627 14.63102948545597
0 ORBCOMM FM 115
1 41186U 15081H   26061.50898429  .00000962  00000-0  21953-3 0  9995
2 41186  46.9972 250.4280 0001092 201.6215 158.4627 14.63102948545598
0 ORBCOMM FM 115
1 41186U 15081H   26061.71384822  .00000942  00000-0  21554-3 0  9990
2 41186  46.9973 249.4527 0001107 202.2460 157.8380 14.63103256545623
0 ORBCOMM FM 115
1 41186U 15081H   26061.91871205  .00000925  00000-0  21240-3 0  9991
2 41186  46.9973 248.4775 0001113 202.9760 157.1077 14.63103599545653
0 ORBCOMM FM 115
1 41186U 15081H   26061.91871205  .00000925  00000-0  21240-3 0  9991
2 41186  46.9973 248.4775 0001113 202.9760 157.1077 14.63103599545653
0 ORBCOMM FM 115
1 41186U 15081H   26062.46501536  .00001038  00000-0  23407-3 0  9992
2 41186  46.9973 245.8766 0001143 205.3366 154.7466 14.63105304545736
0 ORBCOMM FM 115
1 41186U 15081H   26062.46501537  .00001038  00000-0  23407-3 0  9993
2 41186  46.9973 245.8766 0001143 205.3366 154.7466 14.63105304545736
0 ORBCOMM FM 115
1 41186U 15081H   26062.66987875  .00001069  00000-0  24000-3 0  9992
2 41186  46.9973 244.9013 0001160 205.8214 154.2615 14.63105979545769
0 ORBCOMM FM 115
1 41186U 15081H   26062.66987875  .00001069  00000-0  24000-3 0  9992
2 41186  46.9973 244.9013 0001160 205.8214 154.2615 14.63105979545769
0 ORBCOMM FM 115
1 41186U 15081H   26063.48933184  .00001229  00000-0  27093-3 0  9990
2 41186  46.9972 241.0000 0001200 208.9287 151.1534 14.63108811545888
0 ORBCOMM FM 115
1 41186U 15081H   26063.48933184  .00001229  00000-0  27093-3 0  9990
2 41186  46.9972 241.0000 0001200 208.9287 151.1534 14.63108811545888
0 ORBCOMM FM 115
1 41186U 15081H   26064.17220916  .00001053  00000-0  23691-3 0  9994
2 41186  46.9972 237.7490 0001241 210.9964 149.0850 14.63109383545986
0 ORBCOMM FM 115
1 41186U 15081H   26064.17220916  .00001053  00000-0  23691-3 0  9994
2 41186  46.9972 237.7490 0001241 210.9964 149.0851 14.63109383545987
0 ORBCOMM FM 115
1 41186U 15081H   26064.51364734  .00001174  00000-0  26034-3 0  9997
2 41186  46.9971 236.1234 0001263 212.1603 147.9208 14.63110832546034
0 ORBCOMM FM 115
1 41186U 15081H   26064.51364734  .00001174  00000-0  26034-3 0  9997
2 41186  46.9971 236.1234 0001263 212.1603 147.9208 14.63110833546035
0 ORBCOMM FM 115
1 41186U 15081H   26064.78679779  .00001177  00000-0  26085-3 0  9993
2 41186  46.9971 234.8230 0001271 212.9546 147.1263 14.63111492546078
0 ORBCOMM FM 115
1 41186U 15081H   26064.78679780  .00001177  00000-0  26085-3 0  9995
2 41186  46.9971 234.8230 0001271 212.9546 147.1263 14.63111492546078
0 ORBCOMM FM 115
1 41186U 15081H   26065.46967327  .00001192  00000-0  26372-3 0  9994
2 41186  46.9971 231.5719 0001308 215.4545 144.6256 14.63113237546176
0 ORBCOMM FM 115
1 41186U 15081H   26065.81111039  .00001224  00000-0  26979-3 0  9993
2 41186  46.9971 229.9464 0001323 216.3328 143.7470 14.63114348546228
0 ORBCOMM FM 115
1 41186U 15081H   26066.15254791  .00001030  00000-0  23249-3 0  9996
2 41186  46.9971 228.3208 0001346 217.5216 142.5578 14.63114093546279
0 ORBCOMM FM 115
1 41186U 15081H   26066.15254792  .00001030  00000-0  23249-3 0  9997
2 41186  46.9971 228.3208 0001346 217.5216 142.5578 14.63114093546279
0 ORBCOMM FM 115
1 41186U 15081H   26066.49398455  .00001287  00000-0  28200-3 0  9995
2 41186  46.9971 226.6951 0001349 218.5139 141.5652 14.63116431546329
0 ORBCOMM FM 115
1 41186U 15081H   26066.49398455  .00001287  00000-0  28200-3 0  9995
2 41186  46.9971 226.6951 0001349 218.5139 141.5652 14.63116431546329
0 ORBCOMM FM 115
1 41186U 15081H   26066.63055942  .00001242  00000-0  27331-3 0  9997
2 41186  46.9971 226.0450 0001364 219.4796 140.5992 14.63116480546345
0 ORBCOMM FM 115
1 41186U 15081H   26066.63055943  .00001242  00000-0  27331-3 0  9998
2 41186  46.9971 226.0450 0001364 219.4797 140.5992 14.63116480546346
0 ORBCOMM FM 115
1 41186U 15081H   26067.38171931  .00001293  00000-0  28311-3 0  9992
2 41186  46.9972 222.4687 0001393 221.9740 138.1041 14.63118855546455
0 ORBCOMM FM 115
1 41186U 15081H   26067.38171931  .00001293  00000-0  28311-3 0  9992
2 41186  46.9972 222.4687 0001393 221.9740 138.1041 14.63118856546456
0 ORBCOMM FM 115
1 41186U 15081H   26067.72315577  .00001230  00000-0  27095-3 0  9995
2 41186  46.9973 220.8432 0001407 222.8778 137.2000 14.63119339546502
0 ORBCOMM FM 115
1 41186U 15081H   26068.74746329  .00001110  00000-0  24792-3 0  9999
2 41186  46.9974 215.9667 0001458 226.0808 133.9960 14.63121345546658
0 ORBCOMM FM 115
1 41186U 15081H   26068.74746330  .00001110  00000-0  24792-3 0  9991
2 41186  46.9974 215.9667 0001458 226.0808 133.9960 14.63121345546658
0 ORBCOMM FM 115
1 41186U 15081H   26069.43033323  .00001108  00000-0  24743-3 0  9992
2 41186  46.9974 212.7155 0001506 228.3987 131.6771 14.63123295546754
0 ORBCOMM FM 115
1 41186U 15081H   26069.43033323  .00001108  00000-0  24743-3 0  9992
2 41186  46.9974 212.7155 0001506 228.3987 131.6771 14.63123295546754
0 ORBCOMM FM 115
1 41186U 15081H   26070.11320300  .00001013  00000-0  22929-3 0  9992
2 41186  46.9975 209.4646 0001529 230.4153 129.6599 14.63124585546856
0 ORBCOMM FM 115
1 41186U 15081H   26070.11320300  .00001013  00000-0  22929-3 0  9992
2 41186  46.9975 209.4646 0001529 230.4153 129.6599 14.63124585546856
0 ORBCOMM FM 115
1 41186U 15081H   26070.38635059  .00001017  00000-0  22995-3 0  9998
2 41186  46.9976 208.1641 0001552 231.0069 129.0681 14.63125321546896
0 ORBCOMM FM 115
1 41186U 15081H   26070.59121129  .00001023  00000-0  23109-3 0  9994
2 41186  46.9976 207.1889 0001566 231.4854 128.5893 14.63125878546920
0 ORBCOMM FM 115
1 41186U 15081H   26070.59121129  .00001023  00000-0  23109-3 0  9994
2 41186  46.9976 207.1889 0001566 231.4854 128.5893 14.63125879546921
0 ORBCOMM FM 115
1 41186U 15081H   26071.06921924  .00000933  00000-0  21376-3 0  9991
2 41186  46.9977 204.9132 0001579 233.0713 127.0030 14.63126662546999
0 ORBCOMM FM 115
1 41186U 15081H   26071.06921924  .00000933  00000-0  21376-3 0  9991
2 41186  46.9977 204.9132 0001579 233.0713 127.0030 14.63126662546999
0 ORBCOMM FM 115
1 41186U 15081H   26071.34236632  .00001071  00000-0  24035-3 0  9996
2 41186  46.9977 203.6127 0001591 233.9224 126.1516 14.63128114547038
0 ORBCOMM FM 115
1 41186U 15081H   26071.34236632  .00001071  00000-0  24035-3 0  9996
2 41186  46.9977 203.6128 0001591 233.9224 126.1516 14.63128114547039
0 ORBCOMM FM 115
1 41186U 15081H   26071.68380001  .00001067  00000-0  23965-3 0  9999
2 41186  46.9977 201.9873 0001629 235.0849 124.9885 14.63129003547083
0 ORBCOMM FM 115
1 41186U 15081H   26071.68380002  .00001067  00000-0  23965-3 0  9990
2 41186  46.9977 201.9873 0001629 235.0849 124.9885 14.63129003547083
0 ORBCOMM FM 115
1 41186U 15081H   26072.36666726  .00000976  00000-0  22196-3 0  9999
2 41186  46.9977 198.7362 0001647 237.0073 123.0656 14.63130207547185
0 ORBCOMM FM 115
1 41186U 15081H   26072.70810027  .00001021  00000-0  23071-3 0  9997
2 41186  46.9977 197.1107 0001651 237.8577 122.2150 14.63131398547235
0 ORBCOMM FM 115
1 41186U 15081H   26073.04953332  .00000917  00000-0  21078-3 0  9990
2 41186  46.9976 195.4852 0001671 238.6809 121.3915 14.63131706547288
0 ORBCOMM FM 115
1 41186U 15081H   26073.59582546  .00000975  00000-0  22191-3 0  9996
2 41186  46.9976 192.8843 0001701 240.2680 119.8039 14.63133449547363
0 ORBCOMM FM 115
1 41186U 15081H   26073.73239854  .00000967  00000-0  22027-3 0  9992
2 41186  46.9977 192.2343 0001700 240.7873 119.2845 14.63133754547381
0 ORBCOMM FM 115
1 41186U 15081H   26074.62012327  .00000702  00000-0  16928-3 0  9995
2 41186  46.9977 188.0080 0001740 243.3439 116.7270 14.63134280547517
0 ORBCOMM FM 115
1 41186U 15081H   26075.02984188  .00000664  00000-0  16199-3 0  9990
2 41186  46.9977 186.0574 0001755 244.7669 115.3036 14.63135003547574
0 ORBCOMM FM 115
1 41186U 15081H   26075.64441964  .00000668  00000-0  16280-3 0  9993
2 41186  46.9977 183.1316 0001766 246.4520 113.6182 14.63136272547665
0 ORBCOMM FM 115
1 41186U 15081H   26075.98585144  .00000641  00000-0  15754-3 0  9995
2 41186  46.9977 181.5061 0001775 247.5692 112.5007 14.63136839547715
0 ORBCOMM FM 115
1 41186U 15081H   26075.98585144  .00000641  00000-0  15754-3 0  9995
2 41186  46.9977 181.5061 0001775 247.5692 112.5007 14.63136839547715
0 ORBCOMM FM 115
1 41186U 15081H   26076.60042869  .00000645  00000-0  15831-3 0  9997
2 41186  46.9977 178.5802 0001791 249.2233 110.8463 14.63137950547804
0 ORBCOMM FM 115
1 41186U 15081H   26076.66871503  .00000641  00000-0  15761-3 0  9996
2 41186  46.9977 178.2551 0001790 249.4542 110.6153 14.63138055547818
0 ORBCOMM FM 115
1 41186U 15081H   26077.55643673  .00000633  00000-0  15596-3 0  9997
2 41186  46.9977 174.0287 0001815 251.9424 108.1266 14.63139572547949
0 ORBCOMM FM 115
1 41186U 15081H   26077.55643673  .00000633  00000-0  15596-3 0  9997
2 41186  46.9977 174.0287 0001815 251.9424 108.1266 14.63139572547949
0 ORBCOMM FM 115
1 41186U 15081H   26077.96615418  .00000594  00000-0  14841-3 0  9996
2 41186  46.9976 172.0781 0001818 253.1226 106.9462 14.63140067548005
0 ORBCOMM FM 115
1 41186U 15081H   26078.58073027  .00000549  00000-0  13975-3 0  9996
2 41186  46.9976 169.1522 0001838 254.8053 105.2631 14.63140746548096
0 ORBCOMM FM 115
1 41186U 15081H   26078.58073027  .00000549  00000-0  13975-3 0  9996
2 41186  46.9976 169.1522 0001838 254.8053 105.2631 14.63140746548096
0 ORBCOMM FM 115
1 41186U 15081H   26079.26359242  .00000548  00000-0  13954-3 0  9994
2 41186  46.9976 165.9011 0001858 256.8339 103.2341 14.63141631548195
0 ORBCOMM FM 115
1 41186U 15081H   26079.53673679  .00000603  00000-0  15015-3 0  9999
2 41186  46.9977 164.6008 0001864 257.7625 102.3054 14.63142407548231
0 ORBCOMM FM 115
1 41186U 15081H   26079.60502294  .00000604  00000-0  15041-3 0  9991
2 41186  46.9977 164.2757 0001866 257.9936 102.0742 14.63142510548244
0 ORBCOMM FM 115
1 41186U 15081H   26079.67330906  .00000603  00000-0  15031-3 0  9995
2 41186  46.9977 163.9507 0001867 258.2406 101.8272 14.63142612548259
0 ORBCOMM FM 115
1 41186U 15081H   26079.94645369  .00000539  00000-0  13793-3 0  9998
2 41186  46.9978 162.6503 0001874 259.0135 101.0542 14.63142639548293
0 ORBCOMM FM 115
1 41186U 15081H   26080.56102804  .00000635  00000-0  15643-3 0  9993
2 41186  46.9977 159.7244 0001885 260.7166  99.3508 14.63144157548384
0 ORBCOMM FM 115
1 41186U 15081H   26080.90245810  .00000625  00000-0  15437-3 0  9996
2 41186  46.9977 158.0989 0001891 261.8378  98.2295 14.63144669548431
0 ORBCOMM FM 115
1 41186U 15081H   26081.92674793  .00000613  00000-0  15206-3 0  9996
2 41186  46.9978 153.2224 0001904 264.8700  95.1970 14.63146182548582
0 ORBCOMM FM 115
1 41186U 15081H   26082.88275043  .00000611  00000-0  15182-3 0  9998
2 41186  46.9977 148.6710 0001915 267.7461  92.3207 14.63147787548727
0 ORBCOMM FM 115
1 41186U 15081H   26083.49732310  .00000565  00000-0  14288-3 0  9995
2 41186  46.9976 145.7450 0001920 269.4997  90.5671 14.63148543548810
0 ORBCOMM FM 115
1 41186U 15081H   26083.49732310  .00000565  00000-0  14288-3 0  9995
2 41186  46.9976 145.7450 0001920 269.4997  90.5671 14.63148543548810
0 ORBCOMM FM 115
1 41186U 15081H   26084.52160978  .00000563  00000-0  14251-3 0  9993
2 41186  46.9976 140.8685 0001926 272.6703  87.3964 14.63150299548969
0 ORBCOMM FM 115
1 41186U 15081H   26084.86303857  .00000551  00000-0  14018-3 0  9993
2 41186  46.9976 139.2429 0001927 273.7243  86.3424 14.63150789549010
0 ORBCOMM FM 115
1 41186U 15081H   26084.86303857  .00000551  00000-0  14018-3 0  9993
2 41186  46.9976 139.2429 0001927 273.7243  86.3424 14.63150789549010
0 ORBCOMM FM 115
1 41186U 15081H   26085.47760969  .00000534  00000-0  13695-3 0  9993
2 41186  46.9975 136.3169 0001924 275.4442  84.6226 14.63151780549108
0 ORBCOMM FM 115
1 41186U 15081H   26085.54589537  .00000530  00000-0  13622-3 0  9997
2 41186  46.9975 135.9918 0001924 275.7017  84.3651 14.63151877549113
0 ORBCOMM FM 115
1 41186U 15081H   26085.54589537  .00000530  00000-0  13622-3 0  9997
2 41186  46.9975 135.9918 0001924 275.7017  84.3651 14.63151877549113
0 ORBCOMM FM 115
1 41186U 15081H   26086.16046623  .00000549  00000-0  13975-3 0  9991
2 41186  46.9973 133.0657 0001934 277.4294  82.6374 14.63152960549204
0 ORBCOMM FM 115
1 41186U 15081H   26086.16046623  .00000549  00000-0  13975-3 0  9991
2 41186  46.9973 133.0657 0001934 277.4294  82.6374 14.63152960549204
0 ORBCOMM FM 115
1 41186U 15081H   26086.50189428  .00000514  00000-0  13303-3 0  9997
2 41186  46.9973 131.4402 0001928 278.4852  81.5817 14.63153346549252
0 ORBCOMM FM 115
1 41186U 15081H   26086.50189429  .00000514  00000-0  13303-3 0  9998
2 41186  46.9973 131.4402 0001928 278.4852  81.5817 14.63153346549252
0 ORBCOMM FM 115
1 41186U 15081H   26086.84332220  .00000553  00000-0  14052-3 0  9999
2 41186  46.9973 129.8146 0001930 279.5992  80.4677 14.63154118549304
0 ORBCOMM FM 115
1 41186U 15081H   26086.84332220  .00000553  00000-0  14052-3 0  9999
2 41186  46.9973 129.8146 0001930 279.5992  80.4677 14.63154118549304
0 ORBCOMM FM 115
1 41186U 15081H   26087.11646443  .00000554  00000-0  14066-3 0  9991
2 41186  46.9973 128.5141 0001933 280.3793  79.6876 14.63154541549342
0 ORBCOMM FM 115
1 41186U 15081H   26087.11646444  .00000554  00000-0  14066-3 0  9992
2 41186  46.9973 128.5141 0001933 280.3793  79.6876 14.63154541549342
0 ORBCOMM FM 115
1 41186U 15081H   26087.38960666  .00000609  00000-0  15137-3 0  9997
2 41186  46.9973 127.2136 0001921 281.1239  78.9432 14.63155256549381
0 ORBCOMM FM 115
1 41186U 15081H   26087.45789212  .00000596  00000-0  14892-3 0  9993
2 41186  46.9973 126.8885 0001918 281.3259  78.7413 14.63155315549391
0 ORBCOMM FM 115
1 41186U 15081H   26087.79931963  .00000598  00000-0  14922-3 0  9998
2 41186  46.9973 125.2630 0001921 282.5649  77.5024 14.63155885549445
0 ORBCOMM FM 115
1 41186U 15081H   26087.79931964  .00000598  00000-0  14922-3 0  9999
2 41186  46.9973 125.2630 0001921 282.5649  77.5024 14.63155885549445
0 ORBCOMM FM 115
1 41186U 15081H   26088.07246155  .00000642  00000-0  15773-3 0  9997
2 41186  46.9972 123.9624 0001920 283.3013  76.7660 14.63156539549483
0 ORBCOMM FM 115
1 41186U 15081H   26088.34560317  .00000769  00000-0  18215-3 0  9990
2 41186  46.9972 122.6620 0001911 284.2065  75.8610 14.63157728549523
0 ORBCOMM FM 115
1 41186U 15081H   26089.43816959  .00000789  00000-0  18598-3 0  9993
2 41186  46.9972 117.4600 0001889 287.3545  72.7136 14.63159609549680
0 ORBCOMM FM 115
1 41186U 15081H   26089.43816961  .00000789  00000-0  18598-3 0  9996
2 41186  46.9972 117.4601 0001889 287.3545  72.7136 14.63159609549681
0 ORBCOMM FM 115
1 41186U 15081H   26089.77959609  .00000803  00000-0  18858-3 0  9996
2 41186  46.9972 115.8344 0001886 288.3723  71.6959 14.63160337549730
0 ORBCOMM FM 108
1 41187U 15081J   26060.14193522  .00001101  00000-0  26998-3 0  9997
2 41187  47.0062 332.9735 0002291  44.2282 315.8786 14.58722986544306
0 ORBCOMM FM 108
1 41187U 15081J   26060.14193523  .00001101  00000-0  26998-3 0  9998
2 41187  47.0062 332.9735 0002291  44.2282 315.8786 14.58722986544306
0 ORBCOMM FM 108
1 41187U 15081J   26060.75837436  .00001169  00000-0  28422-3 0  9991
2 41187  47.0062 330.0597 0002265  47.8045 312.3033 14.58725001544395
0 ORBCOMM FM 108
1 41187U 15081J   26060.75837437  .00001169  00000-0  28422-3 0  9992
2 41187  47.0062 330.0597 0002265  47.8045 312.3033 14.58725001544395
0 ORBCOMM FM 108
1 41187U 15081J   26061.10084050  .00001120  00000-0  27382-3 0  9998
2 41187  47.0061 328.4410 0002256  49.9931 310.1152 14.58725595544448
0 ORBCOMM FM 108
1 41187U 15081J   26061.44330622  .00001237  00000-0  29872-3 0  9999
2 41187  47.0060 326.8222 0002241  51.8393 308.2694 14.58727128544496
0 ORBCOMM FM 108
1 41187U 15081J   26061.44330622  .00001237  00000-0  29872-3 0  9999
2 41187  47.0060 326.8223 0002241  51.8393 308.2694 14.58727128544497
0 ORBCOMM FM 108
1 41187U 15081J   26061.92275794  .00001167  00000-0  28375-3 0  9999
2 41187  47.0061 324.5560 0002219  54.7416 305.3677 14.58728013544561
0 ORBCOMM FM 108
1 41187U 15081J   26062.12823716  .00001167  00000-0  28386-3 0  9997
2 41187  47.0060 323.5848 0002219  56.0117 304.0979 14.58728544544594
0 ORBCOMM FM 108
1 41187U 15081J   26062.12823717  .00001167  00000-0  28386-3 0  9998
2 41187  47.0060 323.5848 0002219  56.0117 304.0979 14.58728544544594
0 ORBCOMM FM 108
1 41187U 15081J   26062.67618106  .00001299  00000-0  31190-3 0  9995
2 41187  47.0059 320.9947 0002201  59.3085 300.8017 14.58730739544679
0 ORBCOMM FM 108
1 41187U 15081J   26062.67618107  .00001299  00000-0  31190-3 0  9996
2 41187  47.0059 320.9947 0002201  59.3085 300.8017 14.58730739544679
0 ORBCOMM FM 108
1 41187U 15081J   26063.97754603  .00001174  00000-0  28531-3 0  9999
2 41187  47.0057 314.8434 0002178  67.6396 292.4720 14.58733541544862
0 ORBCOMM FM 108
1 41187U 15081J   26063.97754604  .00001174  00000-0  28531-3 0  9990
2 41187  47.0057 314.8434 0002178  67.6396 292.4720 14.58733541544862
0 ORBCOMM FM 108
1 41187U 15081J   26064.66247357  .00001280  00000-0  30782-3 0  9998
2 41187  47.0057 311.6058 0002170  71.9746 288.1376 14.58735945544968
0 ORBCOMM FM 108
1 41187U 15081J   26064.66247357  .00001280  00000-0  30782-3 0  9998
2 41187  47.0057 311.6058 0002170  71.9746 288.1376 14.58735945544968
0 ORBCOMM FM 108
1 41187U 15081J   26065.07342988  .00001073  00000-0  26397-3 0  9997
2 41187  47.0056 309.6634 0002157  74.4398 285.6726 14.58735896545024
0 ORBCOMM FM 108
1 41187U 15081J   26066.10081935  .00001012  00000-0  25092-3 0  9998
2 41187  47.0054 304.8070 0002151  80.8650 279.2479 14.58738171545178
0 ORBCOMM FM 108
1 41187U 15081J   26066.10081936  .00001012  00000-0  25092-3 0  9999
2 41187  47.0054 304.8070 0002151  80.8650 279.2479 14.58738171545178
0 ORBCOMM FM 108
1 41187U 15081J   26066.37478912  .00001241  00000-0  29943-3 0  9995
2 41187  47.0054 303.5120 0002133  82.2087 277.9041 14.58740193545212
0 ORBCOMM FM 108
1 41187U 15081J   26066.37478912  .00001241  00000-0  29943-3 0  9995
2 41187  47.0054 303.5120 0002133  82.2087 277.9041 14.58740193545212
0 ORBCOMM FM 108
1 41187U 15081J   26066.92272917  .00001186  00000-0  28782-3 0  9991
2 41187  47.0053 300.9219 0002161  86.3034 273.8099 14.58741275545297
0 ORBCOMM FM 108
1 41187U 15081J   26066.92272917  .00001186  00000-0  28782-3 0  9991
2 41187  47.0053 300.9219 0002161  86.3034 273.8099 14.58741275545297
0 ORBCOMM FM 108
1 41187U 15081J   26067.33368383  .00001165  00000-0  28337-3 0  9993
2 41187  47.0052 298.9792 0002174  89.1307 270.9828 14.58742191545359
0 ORBCOMM FM 108
1 41187U 15081J   26067.33368384  .00001165  00000-0  28337-3 0  9994
2 41187  47.0052 298.9792 0002174  89.1307 270.9828 14.58742191545359
0 ORBCOMM FM 108
1 41187U 15081J   26067.67614606  .00001093  00000-0  26798-3 0  9991
2 41187  47.0051 297.3603 0002162  91.3147 268.7986 14.58742545545405
0 ORBCOMM FM 108
1 41187U 15081J   26068.01860792  .00001001  00000-0  24847-3 0  9991
2 41187  47.0051 295.7417 0002174  93.5378 266.5757 14.58742904545459
0 ORBCOMM FM 108
1 41187U 15081J   26068.90900825  .00000907  00000-0  22873-3 0  9992
2 41187  47.0049 291.5329 0002170  99.2480 260.8651 14.58744372545580
0 ORBCOMM FM 108
1 41187U 15081J   26068.97750050  .00000907  00000-0  22861-3 0  9999
2 41187  47.0049 291.2091 0002169  99.6047 260.5084 14.58744526545593
0 ORBCOMM FM 108
1 41187U 15081J   26068.97750050  .00000907  00000-0  22861-3 0  9999
2 41187  47.0049 291.2091 0002169  99.6047 260.5084 14.58744526545593
0 ORBCOMM FM 108
1 41187U 15081J   26070.27885272  .00000808  00000-0  20768-3 0  9994
2 41187  47.0046 285.0574 0002163 107.3250 252.7872 14.58746694545781
0 ORBCOMM FM 108
1 41187U 15081J   26070.27885273  .00000808  00000-0  20768-3 0  9995
2 41187  47.0046 285.0574 0002163 107.3250 252.7872 14.58746694545781
0 ORBCOMM FM 108
1 41187U 15081J   26070.62131357  .00000819  00000-0  20986-3 0  9995
2 41187  47.0045 283.4384 0002204 109.8160 250.2963 14.58747405545835
0 ORBCOMM FM 108
1 41187U 15081J   26070.89528214  .00000738  00000-0  19276-3 0  9996
2 41187  47.0045 282.1432 0002242 112.0094 248.1030 14.58747497545875
0 ORBCOMM FM 108
1 41187U 15081J   26070.89528215  .00000738  00000-0  19276-3 0  9997
2 41187  47.0045 282.1432 0002242 112.0094 248.1030 14.58747497545875
0 ORBCOMM FM 108
1 41187U 15081J   26071.99115498  .00000806  00000-0  20711-3 0  9996
2 41187  47.0044 276.9631 0002266 118.6879 241.4234 14.58750022546034
0 ORBCOMM FM 108
1 41187U 15081J   26072.60758323  .00000795  00000-0  20482-3 0  9997
2 41187  47.0043 274.0489 0002275 122.5185 237.5921 14.58750971546129
0 ORBCOMM FM 108
1 41187U 15081J   26072.88155142  .00000702  00000-0  18507-3 0  9990
2 41187  47.0043 272.7539 0002265 123.2980 236.8123 14.58750880546169
0 ORBCOMM FM 108
1 41187U 15081J   26073.22401110  .00000701  00000-0  18494-3 0  9992
2 41187  47.0043 271.1350 0002270 125.8098 234.2999 14.58751476546218
0 ORBCOMM FM 108
1 41187U 15081J   26073.90893003  .00000667  00000-0  17776-3 0  9996
2 41187  47.0042 267.8972 0002311 130.0148 230.0941 14.58752497546315
0 ORBCOMM FM 108
1 41187U 15081J   26074.25138946  .00000588  00000-0  16096-3 0  9999
2 41187  47.0043 266.2783 0002308 131.7252 228.3831 14.58752624546364
0 ORBCOMM FM 108
1 41187U 15081J   26074.52535696  .00000520  00000-0  14664-3 0  9997
2 41187  47.0042 264.9831 0002321 133.3941 226.7138 14.58752658546404
0 ORBCOMM FM 108
1 41187U 15081J   26075.21027504  .00000586  00000-0  16047-3 0  9997
2 41187  47.0041 261.7454 0002353 137.2631 222.8438 14.58754134546505
0 ORBCOMM FM 108
1 41187U 15081J   26075.89522354  .00000512  00000-0  14506-3 0  9991
2 41187  47.0049 258.5076 0002590 144.2244 215.8815 14.58713039546609
0 ORBCOMM FM 108
1 41187U 15081J   26076.23769253  .00000517  00000-0  14611-3 0  9993
2 41187  47.0039 256.8883 0002579 146.4520 213.6530 14.58712376546651
0 ORBCOMM FM 108
1 41187U 15081J   26076.51166637  .00000524  00000-0  14753-3 0  9996
2 41187  47.0041 255.5933 0002393 148.9462 211.1566 14.58714944546691
0 ORBCOMM FM 108
1 41187U 15081J   26076.78564075  .00000521  00000-0  14684-3 0  9993
2 41187  47.0039 254.2989 0002328 149.7211 210.3810 14.58715663546731
0 ORBCOMM FM 108
1 41187U 15081J   26076.78564076  .00000521  00000-0  14684-3 0  9994
2 41187  47.0039 254.2989 0002328 149.7211 210.3810 14.58715663546731
0 ORBCOMM FM 108
1 41187U 15081J   26077.47057655  .00000557  00000-0  15443-3 0  9994
2 41187  47.0038 251.0612 0002362 153.4363 206.6644 14.58716784546835
0 ORBCOMM FM 108
1 41187U 15081J   26077.47057655  .00000557  00000-0  15443-3 0  9994
2 41187  47.0038 251.0612 0002362 153.4363 206.6644 14.58716784546835
0 ORBCOMM FM 108
1 41187U 15081J   26077.74455094  .00000344  00000-0  10922-3 0  9994
2 41187  47.0039 249.7662 0002380 154.9440 205.1561 14.58716455546878
0 ORBCOMM FM 108
1 41187U 15081J   26077.74455094  .00000344  00000-0  10922-3 0  9994
2 41187  47.0039 249.7662 0002380 154.9441 205.1561 14.58716455546879
0 ORBCOMM FM 108
1 41187U 15081J   26078.49798006  .00000301  00000-0  10030-3 0  9993
2 41187  47.0038 246.2047 0002419 158.8888 201.2098 14.58716965546988
0 ORBCOMM FM 108
1 41187U 15081J   26079.18291529  .00000448  00000-0  13148-3 0  9993
2 41187  47.0038 242.9672 0002451 161.8502 198.2472 14.58718219547085
0 ORBCOMM FM 108
1 41187U 15081J   26079.18291530  .00000448  00000-0  13148-3 0  9995
2 41187  47.0038 242.9672 0002451 161.8502 198.2472 14.58718219547085
0 ORBCOMM FM 108
1 41187U 15081J   26079.45688919  .00000457  00000-0  13319-3 0  9996
2 41187  47.0038 241.6720 0002469 163.3409 196.7558 14.58718566547125
0 ORBCOMM FM 108
1 41187U 15081J   26079.45688919  .00000457  00000-0  13319-3 0  9996
2 41187  47.0038 241.6720 0002469 163.3409 196.7558 14.58718566547125
0 ORBCOMM FM 108
1 41187U 15081J   26079.86784980  .00000462  00000-0  13432-3 0  9998
2 41187  47.0039 239.7296 0002496 165.4170 194.6788 14.58719116547180
0 ORBCOMM FM 108
1 41187U 15081J   26079.86784981  .00000462  00000-0  13432-3 0  9999
2 41187  47.0039 239.7296 0002496 165.4170 194.6788 14.58719116547180
0 ORBCOMM FM 108
1 41187U 15081J   26080.14182343  .00000486  00000-0  13935-3 0  9990
2 41187  47.0039 238.4345 0002499 166.6293 193.4659 14.58719591547229
0 ORBCOMM FM 108
1 41187U 15081J   26080.48428989  .00000585  00000-0  16047-3 0  9993
2 41187  47.0038 236.8156 0002530 168.6383 191.4560 14.58720685547278
0 ORBCOMM FM 108
1 41187U 15081J   26080.68976992  .00000594  00000-0  16240-3 0  9992
2 41187  47.0038 235.8443 0002556 170.0762 190.0174 14.58721003547307
0 ORBCOMM FM 108
1 41187U 15081J   26081.10072991  .00000602  00000-0  16412-3 0  9997
2 41187  47.0039 233.9018 0002572 171.9345 188.1582 14.58721635547368
0 ORBCOMM FM 108
1 41187U 15081J   26081.85415604  .00000629  00000-0  16984-3 0  9994
2 41187  47.0040 230.3404 0002621 175.6885 184.4024 14.58722863547471
0 ORBCOMM FM 108
1 41187U 15081J   26082.12812874  .00000705  00000-0  18593-3 0  9998
2 41187  47.0041 229.0454 0002637 177.1239 182.9662 14.58723774547517
0 ORBCOMM FM 108
1 41187U 15081J   26082.47059495  .00000672  00000-0  17891-3 0  9991
2 41187  47.0040 227.4264 0002664 178.7780 181.3113 14.58724078547562
0 ORBCOMM FM 108
1 41187U 15081J   26082.74456776  .00000628  00000-0  16954-3 0  9994
2 41187  47.0041 226.1314 0002679 179.9954 180.0933 14.58724265547606
0 ORBCOMM FM 108
1 41187U 15081J   26083.08703334  .00000655  00000-0  17526-3 0  9993
2 41187  47.0042 224.5127 0002690 181.6079 178.4799 14.58725060547652
0 ORBCOMM FM 108
1 41187U 15081J   26083.63497816  .00000638  00000-0  17159-3 0  9992
2 41187  47.0042 221.9225 0002733 184.3057 175.7806 14.58725922547731
0 ORBCOMM FM 108
1 41187U 15081J   26084.66237348  .00000674  00000-0  17929-3 0  9993
2 41187  47.0044 217.0662 0002783 188.9264 171.1573 14.58728101547888
0 ORBCOMM FM 108
1 41187U 15081J   26084.73086641  .00000674  00000-0  17927-3 0  9997
2 41187  47.0044 216.7424 0002788 189.1081 170.9754 14.58728250547899
0 ORBCOMM FM 108
1 41187U 15081J   26084.73086642  .00000674  00000-0  17927-3 0  9998
2 41187  47.0044 216.7424 0002788 189.1081 170.9754 14.58728250547899
0 ORBCOMM FM 108
1 41187U 15081J   26085.07333140  .00000663  00000-0  17693-3 0  9992
2 41187  47.0045 215.1236 0002805 190.7596 169.3230 14.58728799547948
0 ORBCOMM FM 108
1 41187U 15081J   26085.07333141  .00000663  00000-0  17693-3 0  9993
2 41187  47.0045 215.1236 0002805 190.7596 169.3230 14.58728799547948
0 ORBCOMM FM 108
1 41187U 15081J   26086.71711515  .00000612  00000-0  16605-3 0  9996
2 41187  47.0048 207.3531 0003052 196.7255 163.3531 14.58767368548185
0 ORBCOMM FM 108
1 41187U 15081J   26086.71711515  .00000612  00000-0  16605-3 0  9996
2 41187  47.0048 207.3531 0003052 196.7255 163.3531 14.58767368548185
0 ORBCOMM FM 108
1 41187U 15081J   26087.05957070  .00000654  00000-0  17500-3 0  9993
2 41187  47.0051 205.7344 0003063 198.2186 161.8590 14.58768292548236
0 ORBCOMM FM 108
1 41187U 15081J   26087.05957070  .00000654  00000-0  17500-3 0  9993
2 41187  47.0051 205.7344 0003063 198.2186 161.8590 14.58768292548236
0 ORBCOMM FM 108
1 41187U 15081J   26087.33353487  .00000723  00000-0  18958-3 0  9991
2 41187  47.0051 204.4391 0003086 199.5863 160.4905 14.58769200548274
0 ORBCOMM FM 108
1 41187U 15081J   26087.60749904  .00000691  00000-0  18280-3 0  9996
2 41187  47.0051 203.1441 0003097 200.7819 159.2942 14.58769623548315
0 ORBCOMM FM 108
1 41187U 15081J   26087.74448104  .00000687  00000-0  18185-3 0  9998
2 41187  47.0047 202.4964 0003105 201.2019 158.8739 14.58769882548338
0 ORBCOMM FM 108
1 41187U 15081J   26087.74448105  .00000687  00000-0  18185-3 0  9999
2 41187  47.0047 202.4964 0003105 201.2019 158.8739 14.58769882548338
0 ORBCOMM FM 108
1 41187U 15081J   26088.01844484  .00000725  00000-0  18994-3 0  9991
2 41187  47.0048 201.2013 0003103 202.4503 157.6247 14.58770829548378
0 ORBCOMM FM 108
1 41187U 15081J   26088.97731639  .00001137  00000-0  27728-3 0  9996
2 41187  47.0047 196.6688 0003159 206.7990 153.2732 14.58774918548510
0 ORBCOMM FM 108
1 41187U 15081J   26088.97731640  .00001137  00000-0  27728-3 0  9998
2 41187  47.0047 196.6688 0003159 206.7991 153.2733 14.58774918548512
0 ORBCOMM FM 108
1 41187U 15081J   26089.31977059  .00001134  00000-0  27653-3 0  9997
2 41187  47.0046 195.0498 0003180 208.1882 151.8832 14.58775670548567
0 ORBCOMM FM 108
1 41187U 15081J   26089.73071469  .00001181  00000-0  28663-3 0  9997
2 41187  47.0042 193.1071 0003197 209.8224 150.2480 14.58777054548622
0 ORBCOMM FM 117
1 41188U 15081K   26060.10744273  .00001031  00000-0  25499-3 0  9996
2 41188  47.0024 331.8059 0002597  55.2083 304.9046 14.58714979544347
0 ORBCOMM FM 117
1 41188U 15081K   26060.10744273  .00001031  00000-0  25499-3 0  9996
2 41188  47.0024 331.8059 0002597  55.2083 304.9046 14.58714979544347
0 ORBCOMM FM 117
1 41188U 15081K   26060.92936590  .00001062  00000-0  26165-3 0  9996
2 41188  47.0023 327.9206 0002566  60.0210 300.0930 14.58717201544461
0 ORBCOMM FM 117
1 41188U 15081K   26061.13484662  .00001056  00000-0  26029-3 0  9990
2 41188  47.0023 326.9493 0002565  61.2203 298.8941 14.58717648544496
0 ORBCOMM FM 117
1 41188U 15081K   26061.40882060  .00001172  00000-0  28489-3 0  9995
2 41188  47.0023 325.6542 0002555  62.6974 297.4172 14.58718967544537
0 ORBCOMM FM 117
1 41188U 15081K   26061.40882061  .00001172  00000-0  28489-3 0  9996
2 41188  47.0023 325.6543 0002555  62.6974 297.4172 14.58718967544538
0 ORBCOMM FM 117
1 41188U 15081K   26062.09375520  .00001107  00000-0  27116-3 0  9993
2 41188  47.0023 322.4166 0002543  66.8447 293.2706 14.58720328544634
0 ORBCOMM FM 117
1 41188U 15081K   26062.09375520  .00001107  00000-0  27116-3 0  9993
2 41188  47.0023 322.4166 0002543  66.8447 293.2706 14.58720328544634
0 ORBCOMM FM 117
1 41188U 15081K   26062.91567544  .00001277  00000-0  30719-3 0  9994
2 41188  47.0022 318.5312 0002523  71.7427 288.3733 14.58723333544750
0 ORBCOMM FM 117
1 41188U 15081K   26063.05266200  .00001285  00000-0  30902-3 0  9998
2 41188  47.0022 317.8837 0002525  72.5276 287.5886 14.58723735544775
0 ORBCOMM FM 117
1 41188U 15081K   26063.05266201  .00001285  00000-0  30902-3 0  9999
2 41188  47.0022 317.8837 0002525  72.5276 287.5886 14.58723735544775
0 ORBCOMM FM 117
1 41188U 15081K   26064.08006045  .00001127  00000-0  27532-3 0  9991
2 41188  47.0020 313.0271 0002514  78.7250 281.3918 14.58725522544922
0 ORBCOMM FM 117
1 41188U 15081K   26064.08006045  .00001127  00000-0  27532-3 0  9991
2 41188  47.0020 313.0271 0002514  78.7250 281.3918 14.58725522544922
0 ORBCOMM FM 117
1 41188U 15081K   26065.03896411  .00001014  00000-0  25145-3 0  9994
2 41188  47.0019 308.4942 0002498  84.5687 275.5483 14.58727316545064
0 ORBCOMM FM 117
1 41188U 15081K   26065.65540086  .00001200  00000-0  29090-3 0  9996
2 41188  47.0018 305.5802 0002494  88.2098 271.9073 14.58729973545155
0 ORBCOMM FM 117
1 41188U 15081K   26066.06635903  .00000986  00000-0  24555-3 0  9996
2 41188  47.0017 303.6376 0002508  90.8433 269.2740 14.58729755545213
0 ORBCOMM FM 117
1 41188U 15081K   26066.06635904  .00000986  00000-0  24555-3 0  9997
2 41188  47.0017 303.6376 0002508  90.8433 269.2740 14.58729755545213
0 ORBCOMM FM 117
1 41188U 15081K   26066.34033045  .00001196  00000-0  29003-3 0  9993
2 41188  47.0017 302.3424 0002494  92.1922 267.9250 14.58731615545258
0 ORBCOMM FM 117
1 41188U 15081K   26066.34033046  .00001196  00000-0  29003-3 0  9994
2 41188  47.0017 302.3425 0002494  92.1922 267.9250 14.58731615545259
0 ORBCOMM FM 117
1 41188U 15081K   26066.95676632  .00001140  00000-0  27803-3 0  9990
2 41188  47.0017 299.4284 0002542  96.6446 263.4729 14.58732843545348
0 ORBCOMM FM 117
1 41188U 15081K   26066.95676632  .00001140  00000-0  27803-3 0  9990
2 41188  47.0017 299.4284 0002542  96.6446 263.4729 14.58732843545348
0 ORBCOMM FM 117
1 41188U 15081K   26067.64169451  .00001064  00000-0  26201-3 0  9999
2 41188  47.0015 296.1907 0002541 100.5463 259.5709 14.58734038545448
0 ORBCOMM FM 117
1 41188U 15081K   26067.91566556  .00000972  00000-0  24257-3 0  9992
2 41188  47.0015 294.8957 0002542 102.1288 257.9883 14.58734194545484
0 ORBCOMM FM 117
1 41188U 15081K   26067.98415834  .00000967  00000-0  24145-3 0  9991
2 41188  47.0015 294.5720 0002543 102.3164 257.8006 14.58734322545495
0 ORBCOMM FM 117
1 41188U 15081K   26069.01154867  .00000903  00000-0  22780-3 0  9996
2 41188  47.0012 289.7152 0002579 108.9443 251.1722 14.58736282545644
0 ORBCOMM FM 117
1 41188U 15081K   26069.01154868  .00000903  00000-0  22780-3 0  9997
2 41188  47.0012 289.7152 0002579 108.9443 251.1722 14.58736282545644
0 ORBCOMM FM 117
1 41188U 15081K   26069.97044543  .00000804  00000-0  20690-3 0  9998
2 41188  47.0010 285.1821 0002602 114.6963 245.4194 14.58737668545786
0 ORBCOMM FM 117
1 41188U 15081K   26070.03893793  .00000802  00000-0  20638-3 0  9996
2 41188  47.0010 284.8582 0002609 115.2266 244.8890 14.58737810545792
0 ORBCOMM FM 117
1 41188U 15081K   26070.03893793  .00000802  00000-0  20638-3 0  9996
2 41188  47.0010 284.8582 0002609 115.2266 244.8890 14.58737810545792
0 ORBCOMM FM 117
1 41188U 15081K   26070.92934083  .00000729  00000-0  19100-3 0  9992
2 41188  47.0009 280.6490 0002660 120.4763 239.6385 14.58739159545923
0 ORBCOMM FM 117
1 41188U 15081K   26070.92934084  .00000729  00000-0  19100-3 0  9993
2 41188  47.0009 280.6490 0002660 120.4763 239.6385 14.58739159545923
0 ORBCOMM FM 117
1 41188U 15081K   26071.27180339  .00000814  00000-0  20892-3 0  9993
2 41188  47.0008 279.0298 0002669 122.6278 237.4865 14.58740180545974
0 ORBCOMM FM 117
1 41188U 15081K   26071.54577316  .00000826  00000-0  21155-3 0  9994
2 41188  47.0008 277.7346 0002681 124.2838 235.8302 14.58740742546015
0 ORBCOMM FM 117
1 41188U 15081K   26071.54577317  .00000826  00000-0  21155-3 0  9995
2 41188  47.0008 277.7346 0002681 124.2838 235.8302 14.58740742546015
0 ORBCOMM FM 117
1 41188U 15081K   26071.95672759  .00000776  00000-0  20084-3 0  9990
2 41188  47.0008 275.7920 0002699 126.5644 233.5490 14.58741283546070
0 ORBCOMM FM 117
1 41188U 15081K   26071.95672760  .00000776  00000-0  20084-3 0  9992
2 41188  47.0008 275.7920 0002699 126.5644 233.5490 14.58741283546070
0 ORBCOMM FM 117
1 41188U 15081K   26072.57315908  .00000787  00000-0  20313-3 0  9996
2 41188  47.0007 272.8777 0002713 129.9948 230.1176 14.58742423546169
0 ORBCOMM FM 117
1 41188U 15081K   26072.84712866  .00000688  00000-0  18216-3 0  9999
2 41188  47.0007 271.5825 0002743 131.4573 228.6548 14.58742346546208
0 ORBCOMM FM 117
1 41188U 15081K   26073.25808266  .00000674  00000-0  17921-3 0  9992
2 41188  47.0007 269.6398 0002715 133.4202 226.6910 14.58742955546264
0 ORBCOMM FM 117
1 41188U 15081K   26073.53205153  .00000731  00000-0  19124-3 0  9990
2 41188  47.0007 268.3445 0002726 134.9938 225.1169 14.58743800546302
0 ORBCOMM FM 117
1 41188U 15081K   26073.80602076  .00000704  00000-0  18558-3 0  9995
2 41188  47.0007 267.0494 0002741 136.4028 223.7075 14.58744095546347
0 ORBCOMM FM 117
1 41188U 15081K   26074.21697455  .00000567  00000-0  15649-3 0  9991
2 41188  47.0006 265.1066 0002760 139.0973 221.0121 14.58743943546400
0 ORBCOMM FM 117
1 41188U 15081K   26074.55943585  .00000494  00000-0  14099-3 0  9993
2 41188  47.0006 263.4875 0002782 140.9658 219.1429 14.58744037546453
0 ORBCOMM FM 117
1 41188U 15081K   26074.90189697  .00000479  00000-0  13785-3 0  9992
2 41188  47.0006 261.8686 0002809 142.7828 217.3253 14.58744491546509
0 ORBCOMM FM 117
1 41188U 15081K   26075.86078762  .00000464  00000-0  13482-3 0  9996
2 41188  47.0005 257.3354 0002862 147.8340 212.2720 14.58745779546642
0 ORBCOMM FM 117
1 41188U 15081K   26076.20324858  .00000460  00000-0  13381-3 0  9999
2 41188  47.0005 255.7165 0002875 149.6580 210.4473 14.58746160546699
0 ORBCOMM FM 117
1 41188U 15081K   26076.54570922  .00000465  00000-0  13484-3 0  9990
2 41188  47.0004 254.0974 0002895 151.5339 208.5705 14.58746631546749
0 ORBCOMM FM 117
1 41188U 15081K   26077.50459842  .00000497  00000-0  14178-3 0  9990
2 41188  47.0004 249.5642 0002951 156.7036 203.3984 14.58748083546884
0 ORBCOMM FM 117
1 41188U 15081K   26077.50459842  .00000497  00000-0  14178-3 0  9990
2 41188  47.0004 249.5642 0002951 156.7036 203.3984 14.58748083546884
0 ORBCOMM FM 117
1 41188U 15081K   26077.77856661  .00000478  00000-0  13775-3 0  9990
2 41188  47.0004 248.2691 0002971 158.0939 202.0074 14.58748350546921
0 ORBCOMM FM 117
1 41188U 15081K   26077.77856661  .00000478  00000-0  13775-3 0  9990
2 41188  47.0004 248.2691 0002971 158.0939 202.0074 14.58748350546921
0 ORBCOMM FM 117
1 41188U 15081K   26078.46348713  .00000463  00000-0  13444-3 0  9998
2 41188  47.0004 245.0311 0003008 161.5795 198.5200 14.58749053547029
0 ORBCOMM FM 117
1 41188U 15081K   26079.42237528  .00000448  00000-0  13123-3 0  9993
2 41188  47.0004 240.4980 0003066 166.4608 193.6361 14.58750001547165
0 ORBCOMM FM 117
1 41188U 15081K   26079.42237528  .00000448  00000-0  13123-3 0  9993
2 41188  47.0004 240.4980 0003066 166.4608 193.6361 14.58750001547165
0 ORBCOMM FM 117
1 41188U 15081K   26079.69634270  .00000510  00000-0  14440-3 0  9990
2 41188  47.0004 239.2028 0003103 168.0478 192.0482 14.58750774547208
0 ORBCOMM FM 117
1 41188U 15081K   26079.69634270  .00000510  00000-0  14440-3 0  9990
2 41188  47.0004 239.2028 0003103 168.0478 192.0482 14.58750774547208
0 ORBCOMM FM 117
1 41188U 15081K   26080.58673725  .00000557  00000-0  15438-3 0  9997
2 41188  47.0004 234.9934 0003152 172.3056 187.7879 14.58752184547332
0 ORBCOMM FM 117
1 41188U 15081K   26080.92919644  .00000562  00000-0  15538-3 0  9995
2 41188  47.0004 233.3746 0003163 173.6854 186.4072 14.58752689547384
0 ORBCOMM FM 117
1 41188U 15081K   26081.13467187  .00000566  00000-0  15639-3 0  9995
2 41188  47.0005 232.4032 0003180 174.7847 185.3073 14.58753013547411
0 ORBCOMM FM 117
1 41188U 15081K   26081.88808122  .00000630  00000-0  16980-3 0  9997
2 41188  47.0004 228.8413 0003230 178.5842 181.5053 14.58754485547527
0 ORBCOMM FM 117
1 41188U 15081K   26082.09355619  .00000702  00000-0  18511-3 0  9991
2 41188  47.0005 227.8699 0003240 179.6251 180.4637 14.58755258547558
0 ORBCOMM FM 117
1 41188U 15081K   26082.50450669  .00000620  00000-0  16782-3 0  9995
2 41188  47.0005 225.9271 0003268 181.5600 178.5276 14.58755377547619
0 ORBCOMM FM 117
1 41188U 15081K   26082.91545656  .00000658  00000-0  17576-3 0  9994
2 41188  47.0005 223.9843 0003290 183.4193 176.6670 14.58756293547676
0 ORBCOMM FM 117
1 41188U 15081K   26083.05243986  .00000661  00000-0  17652-3 0  9990
2 41188  47.0006 223.3368 0003293 183.9879 176.0981 14.58756539547696
0 ORBCOMM FM 117
1 41188U 15081K   26083.53188114  .00000643  00000-0  17259-3 0  9997
2 41188  47.0006 221.0700 0003329 186.1503 173.9342 14.58757271547769
0 ORBCOMM FM 117
1 41188U 15081K   26083.87433901  .00000672  00000-0  17882-3 0  9995
2 41188  47.0006 219.4512 0003347 187.7901 172.2934 14.58758040547810
0 ORBCOMM FM 117
1 41188U 15081K   26084.42227119  .00000682  00000-0  18099-3 0  9991
2 41188  47.0007 216.8608 0003386 190.4879 169.5937 14.58759116547891
0 ORBCOMM FM 117
1 41188U 15081K   26085.38115120  .00000734  00000-0  19184-3 0  9999
2 41188  47.0008 212.3277 0003464 195.3373 164.7408 14.58761313548034
0 ORBCOMM FM 117
1 41188U 15081K   26085.38115120  .00000734  00000-0  19184-3 0  9999
2 41188  47.0008 212.3277 0003464 195.3373 164.7408 14.58761313548034
0 ORBCOMM FM 117
1 41188U 15081K   26086.61399518  .00000695  00000-0  18367-3 0  9999
2 41188  47.0008 206.4996 0003536 200.7831 159.2912 14.58763712548210
0 ORBCOMM FM 117
1 41188U 15081K   26086.61399518  .00000695  00000-0  18367-3 0  9999
2 41188  47.0008 206.4995 0003536 200.7831 159.2911 14.58763712548218
0 ORBCOMM FM 117
1 41188U 15081K   26087.02494260  .00000760  00000-0  19752-3 0  9997
2 41188  47.0009 204.5569 0003544 202.3909 157.6822 14.58764959548271
0 ORBCOMM FM 117
1 41188U 15081K   26087.02494260  .00000760  00000-0  19752-3 0  9997
2 41188  47.0009 204.5569 0003544 202.3909 157.6822 14.58764958548270
0 ORBCOMM FM 117
1 41188U 15081K   26087.29890734  .00000847  00000-0  21594-3 0  9995
2 41188  47.0008 203.2616 0003562 203.7071 156.3651 14.58765996548317
0 ORBCOMM FM 117
1 41188U 15081K   26087.57287199  .00000821  00000-0  21029-3 0  9996
2 41188  47.0008 201.9665 0003586 204.8856 155.1857 14.58766462548353
0 ORBCOMM FM 117
1 41188U 15081K   26087.70985428  .00000828  00000-0  21172-3 0  9997
2 41188  47.0008 201.3189 0003585 205.3094 154.7617 14.58766807548371
0 ORBCOMM FM 117
1 41188U 15081K   26087.70985428  .00000828  00000-0  21172-3 0  9997
2 41188  47.0008 201.3189 0003585 205.3094 154.7617 14.58766807548371
0 ORBCOMM FM 117
1 41188U 15081K   26089.01118373  .00001068  00000-0  26269-3 0  9999
2 41188  47.0008 195.1669 0003648 210.9665 149.1006 14.58771224548560
0 ORBCOMM FM 117
1 41188U 15081K   26089.01118373  .00001068  00000-0  26269-3 0  9999
2 41188  47.0008 195.1669 0003648 210.9665 149.1006 14.58771223548569
0 ORBCOMM FM 117
1 41188U 15081K   26089.97005611  .00001116  00000-0  27281-3 0  9993
2 41188  47.0007 190.6337 0003701 215.1358 144.9284 14.58773886548700
0 ORBCOMM FM 116
1 41189U 15081L   26060.01970785  .00000842  00000-0  21494-3 0  9996
2 41189  47.0024  62.0016 0002731 282.8638  77.1942 14.58705801543143
0 ORBCOMM FM 116
1 41189U 15081L   26060.01970785  .00000842  00000-0  21494-3 0  9996
2 41189  47.0024  62.0016 0002731 282.8638  77.1942 14.58705801543143
0 ORBCOMM FM 116
1 41189U 15081L   26060.36217831  .00000929  00000-0  23347-3 0  9995
2 41189  47.0025  60.3828 0002721 283.9057  76.1526 14.58706901543196
0 ORBCOMM FM 116
1 41189U 15081L   26060.36217832  .00000929  00000-0  23347-3 0  9996
2 41189  47.0025  60.3828 0002721 283.9057  76.1526 14.58706901543196
0 ORBCOMM FM 116
1 41189U 15081L   26061.04711860  .00000880  00000-0  22301-3 0  9997
2 41189  47.0025  57.1449 0002711 286.1624  73.8963 14.58707964543293
0 ORBCOMM FM 116
1 41189U 15081L   26061.25260051  .00001002  00000-0  24889-3 0  9991
2 41189  47.0025  56.1736 0002705 286.7373  73.3216 14.58709031543328
0 ORBCOMM FM 116
1 41189U 15081L   26061.25260051  .00001002  00000-0  24889-3 0  9991
2 41189  47.0025  56.1736 0002705 286.7373  73.3216 14.58709031543328
0 ORBCOMM FM 116
1 41189U 15081L   26061.93753987  .00000965  00000-0  24107-3 0  9991
2 41189  47.0027  52.9360 0002699 289.3650  70.6944 14.58710237543425
0 ORBCOMM FM 116
1 41189U 15081L   26062.14302163  .00000958  00000-0  23956-3 0  9994
2 41189  47.0028  51.9647 0002691 289.7792  70.2803 14.58710608543451
0 ORBCOMM FM 116
1 41189U 15081L   26062.14302163  .00000958  00000-0  23956-3 0  9994
2 41189  47.0028  51.9647 0002691 289.7792  70.2803 14.58710608543451
0 ORBCOMM FM 116
1 41189U 15081L   26063.03344103  .00001186  00000-0  28805-3 0  9995
2 41189  47.0029  47.7556 0002670 292.9065  67.1539 14.58713856543583
0 ORBCOMM FM 116
1 41189U 15081L   26063.30741590  .00001252  00000-0  30193-3 0  9993
2 41189  47.0030  46.4607 0002661 293.9812  66.0795 14.58714866543628
0 ORBCOMM FM 116
1 41189U 15081L   26063.30741591  .00001252  00000-0  30193-3 0  9994
2 41189  47.0030  46.4607 0002661 293.9812  66.0795 14.58714866543628
0 ORBCOMM FM 116
1 41189U 15081L   26064.19783410  .00001081  00000-0  26571-3 0  9993
2 41189  47.0031  42.2516 0002634 297.2814  62.7804 14.58715949543752
0 ORBCOMM FM 116
1 41189U 15081L   26064.19783410  .00001081  00000-0  26571-3 0  9993
2 41189  47.0031  42.2516 0002634 297.2814  62.7804 14.58715949543752
0 ORBCOMM FM 116
1 41189U 15081L   26064.33482131  .00001211  00000-0  29333-3 0  9999
2 41189  47.0030  41.6041 0002628 297.8655  62.1965 14.58716965543772
0 ORBCOMM FM 116
1 41189U 15081L   26064.33482132  .00001211  00000-0  29333-3 0  9990
2 41189  47.0030  41.6041 0002628 297.8655  62.1965 14.58716965543772
0 ORBCOMM FM 116
1 41189U 15081L   26065.29373116  .00001203  00000-0  29164-3 0  9990
2 41189  47.0032  37.0712 0002595 301.2498  58.8133 14.58719238543917
0 ORBCOMM FM 116
1 41189U 15081L   26065.63619823  .00001229  00000-0  29710-3 0  9991
2 41189  47.0032  35.4523 0002588 302.5093  57.5543 14.58720337543964
0 ORBCOMM FM 116
1 41189U 15081L   26066.11565242  .00001038  00000-0  25654-3 0  9991
2 41189  47.0033  33.1858 0002572 303.9028  56.1612 14.58720455544039
0 ORBCOMM FM 116
1 41189U 15081L   26066.25263890  .00001282  00000-0  30832-3 0  9995
2 41189  47.0033  32.5383 0002567 304.5354  55.5289 14.58722178544057
0 ORBCOMM FM 116
1 41189U 15081L   26066.25263891  .00001282  00000-0  30832-3 0  9996
2 41189  47.0033  32.5383 0002567 304.5354  55.5289 14.58722178544057
0 ORBCOMM FM 116
1 41189U 15081L   26066.59510564  .00001256  00000-0  30273-3 0  9995
2 41189  47.0034  30.9195 0002554 305.9356  54.1292 14.58722950544107
0 ORBCOMM FM 116
1 41189U 15081L   26066.59510564  .00001256  00000-0  30273-3 0  9995
2 41189  47.0034  30.9195 0002554 305.9356  54.1292 14.58722950544107
0 ORBCOMM FM 116
1 41189U 15081L   26067.89647697  .00001146  00000-0  27939-3 0  9990
2 41189  47.0036  24.7677 0002495 310.6354  49.4314 14.58725905544295
0 ORBCOMM FM 116
1 41189U 15081L   26068.23894279  .00001096  00000-0  26880-3 0  9997
2 41189  47.0036  23.1490 0002476 312.0153  48.0522 14.58726530544340
0 ORBCOMM FM 116
1 41189U 15081L   26068.23894279  .00001096  00000-0  26880-3 0  9997
2 41189  47.0036  23.1490 0002476 312.0153  48.0522 14.58726530544340
0 ORBCOMM FM 116
1 41189U 15081L   26068.99236622  .00001113  00000-0  27234-3 0  9996
2 41189  47.0037  19.5875 0002437 314.8226  45.2461 14.58728755544459
0 ORBCOMM FM 116
1 41189U 15081L   26069.26633804  .00001130  00000-0  27594-3 0  9998
2 41189  47.0038  18.2925 0002420 316.3327  43.7367 14.58729658544498
0 ORBCOMM FM 116
1 41189U 15081L   26069.26633805  .00001130  00000-0  27594-3 0  9999
2 41189  47.0038  18.2925 0002420 316.3327  43.7367 14.58729658544498
0 ORBCOMM FM 116
1 41189U 15081L   26069.88277434  .00001070  00000-0  26332-3 0  9991
2 41189  47.0039  15.3785 0002396 318.3352  41.7351 14.58731056544589
0 ORBCOMM FM 116
1 41189U 15081L   26069.88277435  .00001070  00000-0  26332-3 0  9992
2 41189  47.0039  15.3785 0002396 318.3352  41.7351 14.58731056544589
0 ORBCOMM FM 116
1 41189U 15081L   26070.01976010  .00001063  00000-0  26177-3 0  9993
2 41189  47.0039  14.7311 0002384 318.9419  41.1287 14.58731414544607
0 ORBCOMM FM 116
1 41189U 15081L   26070.22523866  .00001076  00000-0  26446-3 0  9996
2 41189  47.0039  13.7599 0002371 319.8854  40.1856 14.58732064544639
0 ORBCOMM FM 116
1 41189U 15081L   26070.22523866  .00001076  00000-0  26446-3 0  9996
2 41189  47.0039  13.7599 0002371 319.8854  40.1856 14.58732064544639
0 ORBCOMM FM 116
1 41189U 15081L   26070.84167406  .00000996  00000-0  24751-3 0  9995
2 41189  47.0040  10.8459 0002341 322.0740  37.9981 14.58733301544729
0 ORBCOMM FM 116
1 41189U 15081L   26070.84167406  .00000996  00000-0  24751-3 0  9995
2 41189  47.0040  10.8459 0002341 322.0740  37.9981 14.58733300544728
0 ORBCOMM FM 116
1 41189U 15081L   26071.11564506  .00000988  00000-0  24579-3 0  9997
2 41189  47.0040   9.5510 0002331 323.0874  36.9851 14.58734021544769
0 ORBCOMM FM 116
1 41189U 15081L   26071.11564506  .00000988  00000-0  24579-3 0  9997
2 41189  47.0040   9.5510 0002331 323.0874  36.9851 14.58734021544769
0 ORBCOMM FM 116
1 41189U 15081L   26071.80057189  .00001121  00000-0  27402-3 0  9995
2 41189  47.0040   6.3133 0002297 325.7119  34.3618 14.58736626544864
0 ORBCOMM FM 116
1 41189U 15081L   26071.93755699  .00001081  00000-0  26556-3 0  9994
2 41189  47.0040   5.6658 0002286 326.2381  33.8359 14.58736862544883
0 ORBCOMM FM 116
1 41189U 15081L   26071.93755700  .00001081  00000-0  26556-3 0  9997
2 41189  47.0040   5.6658 0002286 326.2381  33.8359 14.58736862544883
0 ORBCOMM FM 116
1 41189U 15081L   26072.21152768  .00001071  00000-0  26341-3 0  9995
2 41189  47.0040   4.3709 0002270 327.4297  32.6448 14.58737492544929
0 ORBCOMM FM 116
1 41189U 15081L   26073.10193061  .00001005  00000-0  24953-3 0  9999
2 41189  47.0040   0.1620 0002225 330.5617  29.5144 14.58739589545058
0 ORBCOMM FM 116
1 41189U 15081L   26073.51288495  .00001088  00000-0  26691-3 0  9992
2 41189  47.0040 358.2194 0002195 332.6090  27.4680 14.58741287545112
0 ORBCOMM FM 116
1 41189U 15081L   26073.78685458  .00001079  00000-0  26519-3 0  9990
2 41189  47.0041 356.9243 0002179 333.6547  26.4228 14.58741971545154
0 ORBCOMM FM 116
1 41189U 15081L   26074.06082417  .00001022  00000-0  25293-3 0  9994
2 41189  47.0041 355.6292 0002165 334.3260  25.7518 14.58742368545198
0 ORBCOMM FM 116
1 41189U 15081L   26074.47177856  .00000836  00000-0  21350-3 0  9993
2 41189  47.0041 353.6867 0002142 335.9720  24.1066 14.58742378545256
0 ORBCOMM FM 116
1 41189U 15081L   26074.81424027  .00000810  00000-0  20813-3 0  9991
2 41189  47.0041 352.0678 0002121 337.2942  22.7850 14.58743040545305
0 ORBCOMM FM 116
1 41189U 15081L   26075.77313197  .00000805  00000-0  20694-3 0  9993
2 41189  47.0040 347.5350 0002064 341.2434  18.8375 14.58745305545446
0 ORBCOMM FM 116
1 41189U 15081L   26076.04710080  .00000778  00000-0  20124-3 0  9993
2 41189  47.0040 346.2400 0002048 342.3378  17.7437 14.58745798545486
0 ORBCOMM FM 116
1 41189U 15081L   26076.04710080  .00000778  00000-0  20124-3 0  9993
2 41189  47.0040 346.2400 0002048 342.3378  17.7437 14.58745798545486
0 ORBCOMM FM 116
1 41189U 15081L   26076.73202268  .00000782  00000-0  20214-3 0  9998
2 41189  47.0039 343.0023 0002006 345.1916  14.8911 14.58747264545589
0 ORBCOMM FM 116
1 41189U 15081L   26077.41694376  .00000808  00000-0  20763-3 0  9997
2 41189  47.0038 339.7646 0001954 348.5980  11.4862 14.58748880545684
0 ORBCOMM FM 116
1 41189U 15081L   26077.41694377  .00000808  00000-0  20763-3 0  9998
2 41189  47.0038 339.7646 0001954 348.5980  11.4862 14.58748880545684
0 ORBCOMM FM 116
1 41189U 15081L   26077.75940412  .00000770  00000-0  19950-3 0  9993
2 41189  47.0037 338.1456 0001928 350.1005   9.9843 14.58749353545736
0 ORBCOMM FM 116
1 41189U 15081L   26077.75940413  .00000770  00000-0  19950-3 0  9994
2 41189  47.0037 338.1456 0001928 350.1005   9.9843 14.58749353545736
0 ORBCOMM FM 116
1 41189U 15081L   26078.71829276  .00000672  00000-0  17872-3 0  9996
2 41189  47.0036 333.6128 0001865 354.4451   5.6413 14.58750599545878
0 ORBCOMM FM 116
1 41189U 15081L   26078.71829276  .00000672  00000-0  17872-3 0  9996
2 41189  47.0036 333.6128 0001865 354.4451   5.6413 14.58750599545878
0 ORBCOMM FM 116
1 41189U 15081L   26079.06075272  .00000700  00000-0  18478-3 0  9999
2 41189  47.0036 331.9940 0001842 356.1589   3.9282 14.58751364545929
0 ORBCOMM FM 116
1 41189U 15081L   26079.06075272  .00000700  00000-0  18478-3 0  9999
2 41189  47.0036 331.9940 0001842 356.1589   3.9282 14.58751364545929
0 ORBCOMM FM 116
1 41189U 15081L   26079.40321301  .00000665  00000-0  17727-3 0  9990
2 41189  47.0035 330.3751 0001818 357.9066   2.1812 14.58751613545975
0 ORBCOMM FM 116
1 41189U 15081L   26079.40321302  .00000665  00000-0  17727-3 0  9991
2 41189  47.0035 330.3751 0001818 357.9066   2.1812 14.58751613545975
0 ORBCOMM FM 116
1 41189U 15081L   26079.74567241  .00000732  00000-0  19157-3 0  9996
2 41189  47.0034 328.7561 0001790 359.5764   0.5119 14.58752629546023
0 ORBCOMM FM 116
1 41189U 15081L   26079.95114836  .00000665  00000-0  17734-3 0  9991
2 41189  47.0034 327.7848 0001775   0.6209 359.4678 14.58752559546052
0 ORBCOMM FM 116
1 41189U 15081L   26080.63606661  .00000779  00000-0  20149-3 0  9990
2 41189  47.0033 324.5471 0001735   3.7417 356.3481 14.58754447546156
0 ORBCOMM FM 116
1 41189U 15081L   26080.97852565  .00000762  00000-0  19786-3 0  9990
2 41189  47.0033 322.9282 0001708   5.7334 354.3571 14.58754968546200
0 ORBCOMM FM 116
1 41189U 15081L   26081.93741041  .00000764  00000-0  19823-3 0  9997
2 41189  47.0032 318.3955 0001651  10.5067 349.5853 14.58756637546348
0 ORBCOMM FM 116
1 41189U 15081L   26082.34836069  .00000780  00000-0  20166-3 0  9998
2 41189  47.0031 316.4529 0001625  12.5844 347.5082 14.58757432546402
0 ORBCOMM FM 116
1 41189U 15081L   26082.89629399  .00000738  00000-0  19282-3 0  9994
2 41189  47.0030 313.8626 0001583  15.8091 344.2844 14.58758182546484
0 ORBCOMM FM 116
1 41189U 15081L   26083.64970160  .00000694  00000-0  18339-3 0  9996
2 41189  47.0027 310.3009 0001534  20.0969 339.9977 14.58759327546597
0 ORBCOMM FM 116
1 41189U 15081L   26084.60858313  .00000690  00000-0  18264-3 0  9991
2 41189  47.0027 305.7681 0001481  24.8589 335.2368 14.58761074546733
0 ORBCOMM FM 116
1 41189U 15081L   26084.88254949  .00000664  00000-0  17693-3 0  9992
2 41189  47.0025 304.4726 0001464  26.8351 333.2610 14.58761275546772
0 ORBCOMM FM 116
1 41189U 15081L   26084.88254950  .00000664  00000-0  17693-3 0  9994
2 41189  47.0025 304.4726 0001464  26.8351 333.2610 14.58761275546772
0 ORBCOMM FM 116
1 41189U 15081L   26085.29349818  .00000667  00000-0  17761-3 0  9997
2 41189  47.0023 302.5298 0001438  29.3038 330.7928 14.58762059546836
0 ORBCOMM FM 116
1 41189U 15081L   26085.29349819  .00000667  00000-0  17761-3 0  9998
2 41189  47.0023 302.5298 0001438  29.3038 330.7928 14.58762059546836
0 ORBCOMM FM 116
1 41189U 15081L   26085.63595527  .00000628  00000-0  16937-3 0  9996
2 41189  47.0020 300.9107 0001426  30.8606 329.2363 14.58762455546880
0 ORBCOMM FM 116
1 41189U 15081L   26085.63595528  .00000628  00000-0  16937-3 0  9997
2 41189  47.0020 300.9107 0001426  30.8606 329.2363 14.58762455546880
0 ORBCOMM FM 116
1 41189U 15081L   26085.97841229  .00000682  00000-0  18089-3 0  9996
2 41189  47.0023 299.2921 0001402  33.7121 326.3854 14.58763401546936
0 ORBCOMM FM 116
1 41189U 15081L   26085.97841229  .00000682  00000-0  18089-3 0  9996
2 41189  47.0023 299.2920 0001402  33.7121 326.3854 14.58763401546935
0 ORBCOMM FM 116
1 41189U 15081L   26086.59483484  .00000592  00000-0  16175-3 0  9994
2 41189  47.0021 296.3777 0001373  37.0150 323.0830 14.58763902547022
0 ORBCOMM FM 116
1 41189U 15081L   26086.59483485  .00000592  00000-0  16175-3 0  9995
2 41189  47.0021 296.3777 0001373  37.0150 323.0831 14.58763902547023
0 ORBCOMM FM 116
1 41189U 15081L   26086.86880023  .00000633  00000-0  17041-3 0  9993
2 41189  47.0021 295.0825 0001358  38.9671 321.1312 14.58764565547067
0 ORBCOMM FM 116
1 41189U 15081L   26086.86880023  .00000633  00000-0  17041-3 0  9993
2 41189  47.0021 295.0825 0001358  38.9671 321.1312 14.58764565547067
0 ORBCOMM FM 116
1 41189U 15081L   26087.00578306  .00000618  00000-0  16730-3 0  9995
2 41189  47.0022 294.4352 0001351  40.0335 320.0650 14.58764683547086
0 ORBCOMM FM 116
1 41189U 15081L   26087.27974821  .00000679  00000-0  18011-3 0  9997
2 41189  47.0023 293.1400 0001336  41.4860 318.6127 14.58765476547126
0 ORBCOMM FM 116
1 41189U 15081L   26087.27974821  .00000679  00000-0  18011-3 0  9997
2 41189  47.0023 293.1400 0001336  41.4860 318.6127 14.58765476547126
0 ORBCOMM FM 116
1 41189U 15081L   26087.82767840  .00000655  00000-0  17508-3 0  9993
2 41189  47.0020 290.5495 0001308  45.4223 314.6769 14.58766208547205
0 ORBCOMM FM 116
1 41189U 15081L   26087.82767841  .00000655  00000-0  17508-3 0  9994
2 41189  47.0020 290.5495 0001308  45.4223 314.6769 14.58766209547206
0 ORBCOMM FM 116
1 41189U 15081L   26089.26599316  .00000814  00000-0  20875-3 0  9992
2 41189  47.0020 283.7498 0001242  55.0454 305.0548 14.58769468547415
0 ORBCOMM FM 116
1 41189U 15081L   26089.53995744  .00000829  00000-0  21198-3 0  9992
2 41189  47.0019 282.4545 0001229  57.0390 303.0614 14.58770050547453
0 ORBCOMM FM 116
1 41189U 15081L   26089.53995744  .00000829  00000-0  21198-3 0  9992
2 41189  47.0019 282.4545 0001229  57.0390 303.0614 14.58770049547451
0 ORBCOMM FM 116
1 41189U 15081L   26089.95090383  .00000837  00000-0  21365-3 0  9998
2 41189  47.0019 280.5119 0001219  60.0858 300.0149 14.58770841547516
0 ORBCOMM FM 16 DEB
1 44023U 98046S   26060.09815255  .00000671  00000-0  28341-3 0  9994
2 44023  45.0038  94.1099 0009001 277.5310  82.4514 14.34860226373948
0 ORBCOMM FM 16 DEB
1 44023U 98046S   26060.09815255  .00000671  00000-0  28341-3 0  9994
2 44023  45.0038  94.1099 0009001 277.5310  82.4514 14.34860226373948
0 ORBCOMM FM 16 DEB
1 44023U 98046S   26061.07291388  .00000704  00000-0  29486-3 0  9996
2 44023  45.0038  89.5119 0008981 281.9126  78.0714 14.34862041374085
0 ORBCOMM FM 16 DEB
1 44023U 98046S   26061.07291388  .00000704  00000-0  29486-3 0  9996
2 44023  45.0038  89.5119 0008981 281.9126  78.0713 14.34862041374084
0 ORBCOMM FM 16 DEB
1 44023U 98046S   26062.11729978  .00000755  00000-0  31252-3 0  9993
2 44023  45.0040  84.5856 0008966 286.7654  73.2209 14.34864144374232
0 ORBCOMM FM 16 DEB
1 44023U 98046S   26062.39580215  .00000854  00000-0  34698-3 0  9999
2 44023  45.0040  83.2719 0008924 287.9208  72.0666 14.34865249374273
0 ORBCOMM FM 16 DEB
1 44023U 98046S   26062.39580216  .00000854  00000-0  34698-3 0  9990
2 44023  45.0040  83.2719 0008924 287.9208  72.0666 14.34865249374273
0 ORBCOMM FM 16 DEB
1 44023U 98046S   26063.09205802  .00000946  00000-0  37902-3 0  9996
2 44023  45.0041  79.9876 0008926 291.2327  68.7567 14.34867108374371
0 ORBCOMM FM 16 DEB
1 44023U 98046S   26063.44018566  .00001007  00000-0  40037-3 0  9996
2 44023  45.0041  78.3457 0008957 293.1006  66.8896 14.34868151374427
0 ORBCOMM FM 16 DEB
1 44023U 98046S   26063.44018567  .00001007  00000-0  40037-3 0  9997
2 44023  45.0041  78.3457 0008957 293.1006  66.8896 14.34868151374427
0 ORBCOMM FM 16 DEB
1 44023U 98046S   26063.71868744  .00000965  00000-0  38562-3 0  9999
2 44023  45.0043  77.0320 0008886 293.9227  66.0688 14.34868562374469
0 ORBCOMM FM 16 DEB
1 44023U 98046S   26064.06681495  .00000893  00000-0  36071-3 0  9997
2 44023  45.0042  75.3898 0008896 295.6313  64.3614 14.34868836374515
0 ORBCOMM FM 16 DEB
1 44023U 98046S   26064.06681496  .00000893  00000-0  36071-3 0  9998
2 44023  45.0042  75.3898 0008896 295.6313  64.3614 14.34868836374515
0 ORBCOMM FM 16 DEB
1 44023U 98046S   26064.41494220  .00001010  00000-0  40130-3 0  9997
2 44023  45.0042  73.7478 0008894 297.2506  62.7435 14.34870163374565
0 ORBCOMM FM 16 DEB
1 44023U 98046S   26064.41494221  .00001010  00000-0  40130-3 0  9998
2 44023  45.0042  73.7478 0008894 297.2506  62.7435 14.34870163374565
0 ORBCOMM FM 16 DEB
1 44023U 98046S   26065.04157093  .00000860  00000-0  34900-3 0  9991
2 44023  45.0042  70.7919 0008903 300.2290  59.7675 14.34870639374658
0 ORBCOMM FM 16 DEB
1 44023U 98046S   26065.38969767  .00001018  00000-0  40428-3 0  9995
2 44023  45.0043  69.1498 0008884 301.8650  58.1332 14.34872234374700
0 ORBCOMM FM 16 DEB
1 44023U 98046S   26066.01632546  .00000888  00000-0  35877-3 0  9994
2 44023  45.0044  66.1940 0008877 304.9538  55.0475 14.34872900374794
0 ORBCOMM FM 16 DEB
1 44023U 98046S   26066.01632547  .00000888  00000-0  35877-3 0  9995
2 44023  45.0044  66.1940 0008877 304.9538  55.0475 14.34872900374794
0 ORBCOMM FM 16 DEB
1 44023U 98046S   26067.33920345  .00001106  00000-0  43498-3 0  9999
2 44023  45.0046  59.9539 0008808 310.9998  49.0087 14.34877317374981
0 ORBCOMM FM 16 DEB
1 44023U 98046S   26067.33920345  .00001106  00000-0  43498-3 0  9999
2 44023  45.0046  59.9539 0008808 310.9997  49.0087 14.34877317374980
0 ORBCOMM FM 16 DEB
1 44023U 98046S   26068.31395462  .00000932  00000-0  37425-3 0  9993
2 44023  45.0049  55.3558 0008751 315.2511  44.7629 14.34878595375121
0 ORBCOMM FM 16 DEB
1 44023U 98046S   26068.31395462  .00000932  00000-0  37425-3 0  9993
2 44023  45.0049  55.3558 0008751 315.2511  44.7629 14.34878595375121
0 ORBCOMM FM 16 DEB
1 44023U 98046S   26069.01020438  .00000936  00000-0  37546-3 0  9997
2 44023  45.0050  52.0715 0008716 318.4708  41.5476 14.34880244375226
0 ORBCOMM FM 16 DEB
1 44023U 98046S   26069.28870407  .00000956  00000-0  38265-3 0  9996
2 44023  45.0050  50.7579 0008692 319.9233  40.0972 14.34881033375267
0 ORBCOMM FM 16 DEB
1 44023U 98046S   26069.28870407  .00000956  00000-0  38265-3 0  9996
2 44023  45.0050  50.7579 0008692 319.9233  40.0972 14.34881033375267
0 ORBCOMM FM 16 DEB
1 44023U 98046S   26070.26345242  .00000898  00000-0  36238-3 0  9993
2 44023  45.0051  46.1599 0008628 324.5451  35.4822 14.34882879375409
0 ORBCOMM FM 16 DEB
1 44023U 98046S   26070.33307733  .00000895  00000-0  36133-3 0  9995
2 44023  45.0052  45.8316 0008626 324.9537  35.0742 14.34883013375419
0 ORBCOMM FM 16 DEB
1 44023U 98046S   26070.95970072  .00000835  00000-0  34044-3 0  9998
2 44023  45.0053  42.8758 0008593 328.0471  31.9854 14.34883993375508
0 ORBCOMM FM 16 DEB
1 44023U 98046S   26070.95970073  .00000835  00000-0  34044-3 0  9999
2 44023  45.0053  42.8759 0008593 328.0471  31.9854 14.34883993375509
0 ORBCOMM FM 16 DEB
1 44023U 98046S   26072.28257040  .00000898  00000-0  36233-3 0  9990
2 44023  45.0057  36.6360 0008496 334.4979  25.5448 14.34887079375695
0 ORBCOMM FM 16 DEB
1 44023U 98046S   26072.90919217  .00000859  00000-0  34881-3 0  9994
2 44023  45.0058  33.6803 0008469 337.8989  22.1492 14.34888179375787
0 ORBCOMM FM 16 DEB
1 44023U 98046S   26073.88393600  .00000849  00000-0  34522-3 0  9995
2 44023  45.0059  29.0825 0008403 342.9064  17.1499 14.34890131375928
0 ORBCOMM FM 16 DEB
1 44023U 98046S   26074.58018149  .00000674  00000-0  28421-3 0  9992
2 44023  45.0059  25.7984 0008349 346.1744  13.8873 14.34890406376023
0 ORBCOMM FM 16 DEB
1 44023U 98046S   26074.85867915  .00000669  00000-0  28250-3 0  9999
2 44023  45.0059  24.4846 0008321 347.3526  12.7111 14.34890924376069
0 ORBCOMM FM 16 DEB
1 44023U 98046S   26075.13717689  .00000652  00000-0  27666-3 0  9995
2 44023  45.0059  23.1709 0008286 348.7602  11.3059 14.34891371376101
0 ORBCOMM FM 16 DEB
1 44023U 98046S   26075.83342081  .00000656  00000-0  27780-3 0  9993
2 44023  45.0060  19.8868 0008234 352.2172   7.8546 14.34892695376208
0 ORBCOMM FM 16 DEB
1 44023U 98046S   26076.11191839  .00000632  00000-0  26964-3 0  9995
2 44023  45.0061  18.5730 0008190 353.6992   6.3750 14.34893022376249
0 ORBCOMM FM 16 DEB
1 44023U 98046S   26076.11191840  .00000632  00000-0  26964-3 0  9997
2 44023  45.0061  18.5730 0008190 353.6992   6.3751 14.34893022376240
0 ORBCOMM FM 16 DEB
1 44023U 98046S   26076.52966461  .00000639  00000-0  27191-3 0  9991
2 44023  45.0061  16.6025 0008162 355.6418   4.4357 14.34893705376306
0 ORBCOMM FM 16 DEB
1 44023U 98046S   26076.87778616  .00000612  00000-0  26257-3 0  9995
2 44023  45.0060  14.9603 0008127 357.4055   2.6748 14.34894141376350
0 ORBCOMM FM 16 DEB
1 44023U 98046S   26076.87778616  .00000612  00000-0  26257-3 0  9995
2 44023  45.0060  14.9603 0008127 357.4055   2.6748 14.34894141376350
0 ORBCOMM FM 16 DEB
1 44023U 98046S   26077.78290177  .00000632  00000-0  26944-3 0  9992
2 44023  45.0062  10.6909 0008073   2.0110 358.0769 14.34895677376489
0 ORBCOMM FM 16 DEB
1 44023U 98046S   26077.78290177  .00000632  00000-0  26944-3 0  9992
2 44023  45.0062  10.6909 0008073   2.0110 358.0769 14.34895677376489
0 ORBCOMM FM 16 DEB
1 44023U 98046S   26078.82726531  .00000590  00000-0  25502-3 0  9998
2 44023  45.0063   5.7647 0007990   7.4328 352.6636 14.34896894376633
0 ORBCOMM FM 16 DEB
1 44023U 98046S   26078.82726532  .00000590  00000-0  25502-3 0  9999
2 44023  45.0063   5.7647 0007990   7.4328 352.6636 14.34896894376633
0 ORBCOMM FM 16 DEB
1 44023U 98046S   26079.17538657  .00000568  00000-0  24719-3 0  9991
2 44023  45.0063   4.1227 0007965   9.3047 350.7946 14.34897143376687
0 ORBCOMM FM 16 DEB
1 44023U 98046S   26079.17538658  .00000568  00000-0  24719-3 0  9992
2 44023  45.0063   4.1227 0007965   9.3047 350.7946 14.34897143376687
0 ORBCOMM FM 16 DEB
1 44023U 98046S   26081.05523687  .00000645  00000-0  27418-3 0  9993
2 44023  45.0062 355.2554 0007827  19.2928 340.8214 14.34900263376950
0 ORBCOMM FM 16 DEB
1 44023U 98046S   26081.82110059  .00000661  00000-0  27951-3 0  9993
2 44023  45.0062 351.6428 0007770  23.3588 336.7611 14.34901522377062
0 ORBCOMM FM 16 DEB
1 44023U 98046S   26082.02997234  .00000711  00000-0  29698-3 0  9990
2 44023  45.0062 350.6576 0007759  24.3954 335.7259 14.34902133377099
0 ORBCOMM FM 16 DEB
1 44023U 98046S   26082.79583539  .00000625  00000-0  26725-3 0  9995
2 44023  45.0062 347.0450 0007703  28.5147 331.6120 14.34902841377200
0 ORBCOMM FM 16 DEB
1 44023U 98046S   26083.00470687  .00000639  00000-0  27209-3 0  9992
2 44023  45.0062 346.0598 0007688  29.6472 330.4810 14.34903275377235
0 ORBCOMM FM 16 DEB
1 44023U 98046S   26083.77056874  .00000602  00000-0  25913-3 0  9994
2 44023  45.0061 342.4472 0007636  33.7629 326.3703 14.34904345377344
0 ORBCOMM FM 16 DEB
1 44023U 98046S   26084.11868771  .00000604  00000-0  25988-3 0  9994
2 44023  45.0061 340.8052 0007618  35.8185 324.3172 14.34904893377391
0 ORBCOMM FM 16 DEB
1 44023U 98046S   26084.74530105  .00000596  00000-0  25704-3 0  9996
2 44023  45.0061 337.8494 0007576  39.2345 320.9050 14.34905925377480
0 ORBCOMM FM 16 DEB
1 44023U 98046S   26084.74530105  .00000596  00000-0  25704-3 0  9996
2 44023  45.0061 337.8494 0007576  39.2345 320.9050 14.34905925377480
0 ORBCOMM FM 16 DEB
1 44023U 98046S   26085.37191432  .00000591  00000-0  25517-3 0  9999
2 44023  45.0060 334.8936 0007539  42.4025 317.7403 14.34906836377575
0 ORBCOMM FM 16 DEB
1 44023U 98046S   26085.72003242  .00000566  00000-0  24654-3 0  9992
2 44023  45.0059 333.2515 0007513  44.3083 315.8365 14.34907264377624
0 ORBCOMM FM 16 DEB
1 44023U 98046S   26085.72003243  .00000566  00000-0  24654-3 0  9993
2 44023  45.0059 333.2515 0007513  44.3083 315.8365 14.34907264377624
0 ORBCOMM FM 16 DEB
1 44023U 98046S   26085.99852691  .00000610  00000-0  26186-3 0  9993
2 44023  45.0058 331.9377 0007507  46.1493 313.9974 14.34907927377667
0 ORBCOMM FM 16 DEB
1 44023U 98046S   26085.99852692  .00000610  00000-0  26186-3 0  9994
2 44023  45.0058 331.9377 0007507  46.1493 313.9974 14.34907927377667
0 ORBCOMM FM 16 DEB
1 44023U 98046S   26087.04288048  .00000587  00000-0  25373-3 0  9990
2 44023  45.0056 327.0115 0007462  51.9843 308.1677 14.34909363377813
0 ORBCOMM FM 16 DEB
1 44023U 98046S   26087.04288048  .00000587  00000-0  25373-3 0  9990
2 44023  45.0056 327.0114 0007462  51.9843 308.1677 14.34909363377812
0 ORBCOMM FM 16 DEB
1 44023U 98046S   26087.94798542  .00000665  00000-0  28112-3 0  9995
2 44023  45.0055 322.7418 0007421  57.0569 303.0991 14.34911240377941
0 ORBCOMM FM 16 DEB
1 44023U 98046S   26088.01760887  .00000666  00000-0  28129-3 0  9994
2 44023  45.0055 322.4135 0007421  57.5066 302.6498 14.34911350377951
0 ORBCOMM FM 16 DEB
1 44023U 98046S   26088.99233565  .00000779  00000-0  32068-3 0  9991
2 44023  45.0052 317.8154 0007383  62.9568 297.2032 14.34913647378091
0 ORBCOMM FM 16 DEB
1 44023U 98046S   26088.99233566  .00000779  00000-0  32068-3 0  9992
2 44023  45.0052 317.8154 0007383  62.9568 297.2032 14.34913647378091
0 ORBCOMM FM 16 DEB
1 44023U 98046S   26089.34045213  .00000788  00000-0  32384-3 0  9993
2 44023  45.0052 316.1732 0007371  64.8665 295.2946 14.34914295378149
0 ORBCOMM FM 16 DEB
1 44023U 98046S   26089.61894508  .00000793  00000-0  32577-3 0  9992
2 44023  45.0051 314.8594 0007357  66.3864 293.7755 14.34914822378182
0 ORBCOMM FM 16 DEB
1 44023U 98046S   26089.89743799  .00000789  00000-0  32414-3 0  9992
2 44023  45.0051 313.5457 0007348  67.9720 292.1907 14.34915305378228
0 ORBCOMM FM 16 DEB
1 44023U 98046S   26089.96706120  .00000789  00000-0  32430-3 0  9995
2 44023  45.0051 313.2174 0007348  68.3832 291.7797 14.34915427378238
0 ORBCOMM FM 16 DEB
1 44024U 98046T   26061.98283933  .00001105  00000-0  40548-3 0  9992
2 44024  44.9970  26.6943 0003914 175.7841 184.3040 14.38394532376377
0 ORBCOMM FM 16 DEB
1 44024U 98046T   26061.98283934  .00001105  00000-0  40548-3 0  9993
2 44024  44.9970  26.6943 0003914 175.7842 184.3040 14.38394532376378
0 ORBCOMM FM 16 DEB
1 44024U 98046T   26064.13592315  .00001212  00000-0  43993-3 0  9995
2 44024  44.9972  16.4786 0004073 186.1913 173.8885 14.38400589376688
0 ORBCOMM FM 16 DEB
1 44024U 98046T   26064.13592315  .00001212  00000-0  43993-3 0  9995
2 44024  44.9972  16.4786 0004073 186.1913 173.8885 14.38400589376688
0 ORBCOMM FM 16 DEB
1 44024U 98046T   26064.89991854  .00001128  00000-0  41264-3 0  9994
2 44024  44.9972  12.8536 0004129 189.7400 170.3369 14.38402189376792
0 ORBCOMM FM 16 DEB
1 44024U 98046T   26065.17773473  .00001305  00000-0  47025-3 0  9999
2 44024  44.9973  11.5356 0004158 191.1213 168.9544 14.38403889376831
0 ORBCOMM FM 16 DEB
1 44024U 98046T   26065.87227418  .00001324  00000-0  47635-3 0  9997
2 44024  44.9974   8.2402 0004210 194.3923 165.6805 14.38406017376930
0 ORBCOMM FM 16 DEB
1 44024U 98046T   26066.21954389  .00001363  00000-0  48886-3 0  9992
2 44024  44.9975   6.5927 0004232 195.9145 164.1571 14.38407137376984
0 ORBCOMM FM 16 DEB
1 44024U 98046T   26066.21954390  .00001363  00000-0  48886-3 0  9994
2 44024  44.9975   6.5927 0004232 195.9145 164.1571 14.38407137376984
0 ORBCOMM FM 16 DEB
1 44024U 98046T   26066.84462846  .00001329  00000-0  47783-3 0  9990
2 44024  44.9975   3.6267 0004280 198.8415 161.2276 14.38408692377072
0 ORBCOMM FM 16 DEB
1 44024U 98046T   26066.84462847  .00001329  00000-0  47783-3 0  9991
2 44024  44.9975   3.6267 0004280 198.8415 161.2276 14.38408692377072
0 ORBCOMM FM 16 DEB
1 44024U 98046T   26067.19189744  .00001334  00000-0  47951-3 0  9995
2 44024  44.9975   1.9789 0004281 201.0069 159.0604 14.38409633377127
0 ORBCOMM FM 16 DEB
1 44024U 98046T   26067.19189744  .00001334  00000-0  47951-3 0  9995
2 44024  44.9975   1.9789 0004281 201.0069 159.0604 14.38409633377127
0 ORBCOMM FM 16 DEB
1 44024U 98046T   26068.16424965  .00001129  00000-0  41299-3 0  9991
2 44024  44.9976 357.3653 0004370 205.3238 154.7397 14.38411096377262
0 ORBCOMM FM 16 DEB
1 44024U 98046T   26069.83113411  .00001049  00000-0  38689-3 0  9997
2 44024  44.9976 349.4566 0004491 212.3594 147.6979 14.38415366377502
0 ORBCOMM FM 16 DEB
1 44024U 98046T   26069.83113412  .00001049  00000-0  38689-3 0  9998
2 44024  44.9976 349.4566 0004491 212.3595 147.6979 14.38415366377503
0 ORBCOMM FM 16 DEB
1 44024U 98046T   26070.03949447  .00001033  00000-0  38163-3 0  9997
2 44024  44.9976 348.4681 0004499 213.1537 146.9030 14.38415824377535
0 ORBCOMM FM 16 DEB
1 44024U 98046T   26070.03949447  .00001033  00000-0  38163-3 0  9997
2 44024  44.9976 348.4681 0004499 213.1537 146.9030 14.38415824377535
0 ORBCOMM FM 16 DEB
1 44024U 98046T   26070.45621463  .00001023  00000-0  37843-3 0  9991
2 44024  44.9975 346.4909 0004514 214.3428 145.7129 14.38416945377592
0 ORBCOMM FM 16 DEB
1 44024U 98046T   26070.80348140  .00001022  00000-0  37817-3 0  9998
2 44024  44.9974 344.8431 0004539 215.7302 144.3243 14.38417814377640
0 ORBCOMM FM 16 DEB
1 44024U 98046T   26070.80348141  .00001022  00000-0  37817-3 0  9999
2 44024  44.9974 344.8431 0004539 215.7302 144.3243 14.38417814377640
0 ORBCOMM FM 16 DEB
1 44024U 98046T   26071.77582725  .00001044  00000-0  38539-3 0  9990
2 44024  44.9974 340.2296 0004598 219.8156 140.2355 14.38420390377783
0 ORBCOMM FM 16 DEB
1 44024U 98046T   26071.77582725  .00001044  00000-0  38539-3 0  9990
2 44024  44.9974 340.2297 0004598 219.8156 140.2355 14.38420390377784
0 ORBCOMM FM 16 DEB
1 44024U 98046T   26073.72051422  .00000997  00000-0  36995-3 0  9992
2 44024  44.9971 331.0026 0004705 227.7283 132.3167 14.38424851378069
0 ORBCOMM FM 16 DEB
1 44024U 98046T   26074.76230913  .00000755  00000-0  29148-3 0  9995
2 44024  44.9969 326.0594 0004755 231.9348 128.1072 14.38425782378213
0 ORBCOMM FM 16 DEB
1 44024U 98046T   26075.73464933  .00000750  00000-0  28987-3 0  9999
2 44024  44.9968 321.4457 0004796 235.8661 124.1732 14.38427873378352
0 ORBCOMM FM 16 DEB
1 44024U 98046T   26075.94300767  .00000730  00000-0  28315-3 0  9999
2 44024  44.9967 320.4570 0004815 236.5216 123.5173 14.38428230378385
0 ORBCOMM FM 16 DEB
1 44024U 98046T   26075.94300767  .00000730  00000-0  28315-3 0  9999
2 44024  44.9967 320.4570 0004815 236.5216 123.5173 14.38428230378385
0 ORBCOMM FM 16 DEB
1 44024U 98046T   26076.35972471  .00000725  00000-0  28161-3 0  9995
2 44024  44.9967 318.4798 0004813 238.1644 121.8737 14.38429020378447
0 ORBCOMM FM 16 DEB
1 44024U 98046T   26076.91534675  .00000713  00000-0  27782-3 0  9992
2 44024  44.9967 315.8434 0004850 240.3569 119.6796 14.38430081378525
0 ORBCOMM FM 16 DEB
1 44024U 98046T   26077.67932678  .00000729  00000-0  28310-3 0  9996
2 44024  44.9965 312.2183 0004878 243.5906 116.4441 14.38431546378636
0 ORBCOMM FM 16 DEB
1 44024U 98046T   26077.95713744  .00000707  00000-0  27590-3 0  9993
2 44024  44.9964 310.9000 0004884 244.7922 115.2420 14.38431949378671
0 ORBCOMM FM 16 DEB
1 44024U 98046T   26078.65166417  .00000670  00000-0  26390-3 0  9996
2 44024  44.9963 307.6044 0004907 247.6869 112.3459 14.38432869378772
0 ORBCOMM FM 16 DEB
1 44024U 98046T   26078.65166418  .00000670  00000-0  26390-3 0  9997
2 44024  44.9963 307.6044 0004907 247.6869 112.3459 14.38432869378772
0 ORBCOMM FM 16 DEB
1 44024U 98046T   26079.69345323  .00000744  00000-0  28787-3 0  9990
2 44024  44.9960 302.6611 0004930 251.8478 108.1834 14.38434920378920
0 ORBCOMM FM 16 DEB
1 44024U 98046T   26079.90181073  .00000702  00000-0  27415-3 0  9995
2 44024  44.9959 301.6725 0004930 252.1303 107.9008 14.38435087378952
0 ORBCOMM FM 16 DEB
1 44024U 98046T   26080.31852551  .00000747  00000-0  28876-3 0  9999
2 44024  44.9958 299.6953 0004933 253.8917 106.1389 14.38436121379013
0 ORBCOMM FM 16 DEB
1 44024U 98046T   26080.87414482  .00000803  00000-0  30705-3 0  9994
2 44024  44.9958 297.0589 0004946 256.0871 103.9428 14.38437497379092
0 ORBCOMM FM 16 DEB
1 44024U 98046T   26081.84647804  .00000817  00000-0  31156-3 0  9994
2 44024  44.9956 292.4450 0004959 259.9169 100.1120 14.38439355379231
0 ORBCOMM FM 16 DEB
1 44024U 98046T   26082.88826218  .00000814  00000-0  31049-3 0  9995
2 44024  44.9952 287.5012 0004966 263.9109  96.1173 14.38441308379382
0 ORBCOMM FM 16 DEB
1 44024U 98046T   26083.58278416  .00000790  00000-0  30271-3 0  9993
2 44024  44.9951 284.2054 0004975 266.6580  93.3699 14.38442526379480
0 ORBCOMM FM 16 DEB
1 44024U 98046T   26084.83292242  .00000794  00000-0  30399-3 0  9990
2 44024  44.9950 278.2734 0004977 271.7138  88.3140 14.38444964379668
0 ORBCOMM FM 16 DEB
1 44024U 98046T   26084.83292243  .00000794  00000-0  30399-3 0  9991
2 44024  44.9950 278.2734 0004977 271.7138  88.3140 14.38444964379668
0 ORBCOMM FM 16 DEB
1 44024U 98046T   26085.24963480  .00000817  00000-0  31136-3 0  9991
2 44024  44.9950 276.2960 0004979 273.3987  86.6291 14.38445881379723
0 ORBCOMM FM 16 DEB
1 44024U 98046T   26085.24963480  .00000817  00000-0  31136-3 0  9991
2 44024  44.9950 276.2960 0004979 273.3987  86.6291 14.38445881379723
0 ORBCOMM FM 16 DEB
1 44024U 98046T   26085.87470257  .00000853  00000-0  32296-3 0  9993
2 44024  44.9950 273.3299 0004973 275.8458  84.1823 14.38447385379815
0 ORBCOMM FM 16 DEB
1 44024U 98046T   26085.87470257  .00000853  00000-0  32296-3 0  9993
2 44024  44.9950 273.3298 0004973 275.8458  84.1823 14.38447385379814
0 ORBCOMM FM 16 DEB
1 44024U 98046T   26086.56922186  .00000777  00000-0  29856-3 0  9996
2 44024  44.9949 270.0340 0004970 278.5271  81.5014 14.38448394379919
0 ORBCOMM FM 16 DEB
1 44024U 98046T   26086.77757747  .00000772  00000-0  29681-3 0  9999
2 44024  44.9950 269.0453 0004966 279.3159  80.7128 14.38448808379943
0 ORBCOMM FM 16 DEB
1 44024U 98046T   26086.77757747  .00000772  00000-0  29681-3 0  9999
2 44024  44.9949 269.0453 0004966 279.3159  80.7128 14.38448808379941
0 ORBCOMM FM 16 DEB
1 44024U 98046T   26087.19428847  .00000891  00000-0  33554-3 0  9998
2 44024  44.9949 267.0679 0004963 280.9605  79.0685 14.38450315380004
0 ORBCOMM FM 16 DEB
1 44024U 98046T   26087.19428847  .00000891  00000-0  33554-3 0  9998
2 44024  44.9949 267.0679 0004963 280.9605  79.0685 14.38450315380004
0 ORBCOMM FM 16 DEB
1 44024U 98046T   26087.54154744  .00000867  00000-0  32755-3 0  9994
2 44024  44.9948 265.4199 0004959 282.2803  77.7490 14.38450910380057
0 ORBCOMM FM 16 DEB
1 44024U 98046T   26087.54154744  .00000867  00000-0  32755-3 0  9994
2 44024  44.9948 265.4199 0004959 282.2803  77.7490 14.38450910380057
0 ORBCOMM FM 16 DEB
1 44024U 98046T   26088.16661289  .00001060  00000-0  39018-3 0  9995
2 44024  44.9947 262.4538 0004950 284.8117  75.2182 14.38453325380141
0 ORBCOMM FM 16 DEB
1 44024U 98046T   26088.16661290  .00001060  00000-0  39018-3 0  9997
2 44024  44.9947 262.4538 0004950 284.8117  75.2182 14.38453325380141
0 ORBCOMM FM 16 DEB
1 44024U 98046T   26089.48619405  .00001084  00000-0  39800-3 0  9999
2 44024  44.9947 256.1919 0004929 290.0189  70.0129 14.38456275380330
0 ORBCOMM FM 16 DEB
1 44024U 98046T   26089.48619405  .00001084  00000-0  39800-3 0  9999
2 44024  44.9947 256.1919 0004929 290.0188  70.0129 14.38456275380339
0 ORBCOMM FM 16 DEB
1 44024U 98046T   26089.76400015  .00001100  00000-0  40316-3 0  9998
2 44024  44.9948 254.8737 0004920 291.1585  68.8737 14.38457018380377
0 ORBCOMM FM 5 DEB
1 50140U 97084L   26061.43269008  .00001556  00000-0  47694-3 0  9995
2 50140  45.0147 212.9942 0003242 111.0564 249.0634 14.45574131224350
0 ORBCOMM FM 5 DEB
1 50140U 97084L   26061.43269008  .00001556  00000-0  47694-3 0  9995
2 50140  45.0147 212.9942 0003242 111.0564 249.0634 14.45574131224350
0 ORBCOMM FM 5 DEB
1 50140U 97084L   26062.46932696  .00001636  00000-0  49945-3 0  9999
2 50140  45.0149 208.0199 0003264 117.9125 242.2057 14.45577769224505
0 ORBCOMM FM 5 DEB
1 50140U 97084L   26062.46932696  .00001636  00000-0  49945-3 0  9999
2 50140  45.0149 208.0199 0003264 117.9125 242.2057 14.45577769224505
0 ORBCOMM FM 5 DEB
1 50140U 97084L   26063.43685117  .00001895  00000-0  57198-3 0  9996
2 50140  45.0148 203.3771 0003290 124.1179 235.9985 14.45582584224641
0 ORBCOMM FM 5 DEB
1 50140U 97084L   26063.43685118  .00001895  00000-0  57198-3 0  9997
2 50140  45.0148 203.3771 0003290 124.1179 235.9985 14.45582584224641
0 ORBCOMM FM 5 DEB
1 50140U 97084L   26064.40437440  .00001793  00000-0  54341-3 0  9992
2 50140  45.0149 198.7344 0003335 130.1156 229.9988 14.45585193224787
0 ORBCOMM FM 5 DEB
1 50140U 97084L   26064.68080917  .00001800  00000-0  54524-3 0  9997
2 50140  45.0149 197.4080 0003362 131.4610 228.6531 14.45586179224829
0 ORBCOMM FM 5 DEB
1 50140U 97084L   26064.68080917  .00001800  00000-0  54524-3 0  9997
2 50140  45.0149 197.4080 0003362 131.4610 228.6531 14.45586179224829
0 ORBCOMM FM 5 DEB
1 50140U 97084L   26066.40852052  .00001840  00000-0  55640-3 0  9990
2 50140  45.0152 189.1173 0003421 142.8954 217.2135 14.45592660225071
0 ORBCOMM FM 5 DEB
1 50140U 97084L   26066.40852052  .00001840  00000-0  55640-3 0  9990
2 50140  45.0152 189.1173 0003421 142.8954 217.2135 14.45592660225071
0 ORBCOMM FM 5 DEB
1 50140U 97084L   26067.37603565  .00001798  00000-0  54459-3 0  9999
2 50140  45.0154 184.4748 0003442 148.5642 211.5416 14.45595988225210
0 ORBCOMM FM 5 DEB
1 50140U 97084L   26067.37603565  .00001798  00000-0  54459-3 0  9999
2 50140  45.0154 184.4748 0003442 148.5642 211.5416 14.45595988225210
0 ORBCOMM FM 5 DEB
1 50140U 97084L   26068.34354911  .00001502  00000-0  46156-3 0  9993
2 50140  45.0154 179.8321 0003470 154.9960 205.1059 14.45597719225351
0 ORBCOMM FM 5 DEB
1 50140U 97084L   26068.34354912  .00001502  00000-0  46156-3 0  9994
2 50140  45.0154 179.8321 0003470 154.9961 205.1059 14.45597719225352
0 ORBCOMM FM 5 DEB
1 50140U 97084L   26070.27856816  .00001351  00000-0  41924-3 0  9999
2 50140  45.0157 170.5468 0003613 166.3017 193.7933 14.45603818225635
0 ORBCOMM FM 5 DEB
1 50140U 97084L   26070.27856816  .00001351  00000-0  41924-3 0  9999
2 50140  45.0157 170.5468 0003613 166.3017 193.7933 14.45603818225635
0 ORBCOMM FM 5 DEB
1 50140U 97084L   26072.28268757  .00001231  00000-0  38552-3 0  9993
2 50140  45.0156 160.9298 0003756 177.7566 182.3303 14.45609515225928
0 ORBCOMM FM 5 DEB
1 50140U 97084L   26074.56322699  .00000920  00000-0  29844-3 0  9990
2 50140  45.0156 149.9865 0004002 189.1277 170.9502 14.45614598226254
0 ORBCOMM FM 5 DEB
1 50140U 97084L   26074.90876246  .00000897  00000-0  29217-3 0  9997
2 50140  45.0153 148.3280 0004011 189.9701 170.1071 14.45615447226308
0 ORBCOMM FM 5 DEB
1 50140U 97084L   26075.53072598  .00000918  00000-0  29778-3 0  9991
2 50140  45.0157 145.3440 0004079 193.7206 166.3535 14.45617153226391
0 ORBCOMM FM 5 DEB
1 50140U 97084L   26076.42911690  .00000921  00000-0  29869-3 0  9990
2 50140  45.0159 141.0332 0004121 197.9256 162.1451 14.45619557226521
0 ORBCOMM FM 5 DEB
1 50140U 97084L   26077.53482689  .00000915  00000-0  29709-3 0  9990
2 50140  45.0152 135.7260 0004202 203.0408 157.0255 14.45622119226682
0 ORBCOMM FM 5 DEB
1 50140U 97084L   26077.53482689  .00000915  00000-0  29709-3 0  9990
2 50140  45.0152 135.7260 0004202 203.0408 157.0255 14.45622119226682
0 ORBCOMM FM 5 DEB
1 50140U 97084L   26078.50232176  .00000824  00000-0  27145-3 0  9993
2 50140  45.0149 131.0823 0004279 207.8905 152.1718 14.45623772226822
0 ORBCOMM FM 5 DEB
1 50140U 97084L   26079.19338883  .00000842  00000-0  27660-3 0  9993
2 50140  45.0150 127.7659 0004338 211.1108 148.9487 14.45625317226926
0 ORBCOMM FM 5 DEB
1 50140U 97084L   26079.19338884  .00000842  00000-0  27660-3 0  9994
2 50140  45.0150 127.7659 0004338 211.1108 148.9487 14.45625317226926
0 ORBCOMM FM 5 DEB
1 50140U 97084L   26079.40070853  .00000867  00000-0  28363-3 0  9995
2 50140  45.0153 126.7716 0004355 211.5268 148.5323 14.45626017226958
0 ORBCOMM FM 5 DEB
1 50140U 97084L   26079.40070853  .00000867  00000-0  28363-3 0  9995
2 50140  45.0153 126.7716 0004355 211.5268 148.5323 14.45626017226958
0 ORBCOMM FM 5 DEB
1 50140U 97084L   26080.78283930  .00000984  00000-0  31623-3 0  9993
2 50140  45.0158 120.1397 0004415 217.2436 142.8110 14.45629822227154
0 ORBCOMM FM 5 DEB
1 50140U 97084L   26082.16496697  .00001084  00000-0  34441-3 0  9996
2 50140  45.0151 113.5065 0004501 223.4738 136.5759 14.45633432227358
0 ORBCOMM FM 5 DEB
1 50140U 97084L   26082.37228565  .00001053  00000-0  33553-3 0  9995
2 50140  45.0149 112.5112 0004517 225.0629 134.9856 14.45633774227383
0 ORBCOMM FM 5 DEB
1 50140U 97084L   26082.78692243  .00001039  00000-0  33161-3 0  9997
2 50140  45.0152 110.5213 0004538 228.0442 132.0023 14.45634948227442
0 ORBCOMM FM 5 DEB
1 50140U 97084L   26083.33977187  .00001077  00000-0  34233-3 0  9995
2 50140  45.0153 107.8681 0004559 230.5656 129.4792 14.45636528227527
0 ORBCOMM FM 5 DEB
1 50140U 97084L   26083.75440841  .00001023  00000-0  32712-3 0  9994
2 50140  45.0152 105.8782 0004582 232.5005 127.5431 14.45637361227583
0 ORBCOMM FM 5 DEB
1 50140U 97084L   26084.37636313  .00001060  00000-0  33751-3 0  9999
2 50140  45.0152 102.8933 0004604 235.2449 124.7969 14.45639084227674
0 ORBCOMM FM 5 DEB
1 50140U 97084L   26084.72189280  .00001053  00000-0  33541-3 0  9993
2 50140  45.0150 101.2349 0004618 236.7553 123.2856 14.45640049227721
0 ORBCOMM FM 5 DEB
1 50140U 97084L   26084.72189281  .00001053  00000-0  33541-3 0  9994
2 50140  45.0150 101.2349 0004618 236.7553 123.2856 14.45640049227721
0 ORBCOMM FM 5 DEB
1 50140U 97084L   26085.41295239  .00001070  00000-0  34016-3 0  9999
2 50140  45.0151  97.9184 0004648 239.5124 120.5269 14.45641901227825
0 ORBCOMM FM 5 DEB
1 50140U 97084L   26085.41295239  .00001070  00000-0  34016-3 0  9999
2 50140  45.0151  97.9184 0004648 239.5124 120.5269 14.45641901227825
0 ORBCOMM FM 5 DEB
1 50140U 97084L   26086.31132848  .00001075  00000-0  34162-3 0  9992
2 50140  45.0155  93.6072 0004664 243.7853 116.2519 14.45644276227954
0 ORBCOMM FM 5 DEB
1 50140U 97084L   26086.72596302  .00001020  00000-0  32633-3 0  9997
2 50140  45.0155  91.6172 0004673 245.7178 114.3185 14.45645082228017
0 ORBCOMM FM 5 DEB
1 50140U 97084L   26086.72596303  .00001020  00000-0  32633-3 0  9998
2 50140  45.0155  91.6172 0004673 245.7178 114.3185 14.45645082228017
0 ORBCOMM FM 5 DEB
1 50140U 97084L   26087.34791436  .00001195  00000-0  37526-3 0  9990
2 50140  45.0156  88.6324 0004690 248.2875 111.7477 14.45647573228106
0 ORBCOMM FM 5 DEB
1 50140U 97084L   26087.34791437  .00001195  00000-0  37526-3 0  9991
2 50140  45.0156  88.6324 0004690 248.2875 111.7477 14.45647573228106
0 ORBCOMM FM 5 DEB
1 50140U 97084L   26087.69344244  .00001177  00000-0  37022-3 0  9990
2 50140  45.0156  86.9741 0004703 249.7602 110.2744 14.45648393228156
0 ORBCOMM FM 5 DEB
1 50140U 97084L   26087.69344245  .00001177  00000-0  37022-3 0  9991
2 50140  45.0156  86.9741 0004703 249.7602 110.2744 14.45648393228156
0 ORBCOMM FM 5 DEB
1 50140U 97084L   26089.00644659  .00001494  00000-0  45894-3 0  9998
2 50140  45.0158  80.6727 0004730 255.2399 104.7928 14.45653775228341
0 ORBCOMM FM 5 DEB
1 50140U 97084L   26089.00644659  .00001494  00000-0  45894-3 0  9998
2 50140  45.0158  80.6727 0004730 255.2399 104.7928 14.45653776228342
0 ORBCOMM FM 5 DEB
1 51448U 97084X   26060.11231142  .00000227  00000-0  13262-3 0  9997
2 51448  45.0147 342.1224 0035524 162.7193 197.4870 14.32882549221299
0 ORBCOMM FM 5 DEB
1 51448U 97084X   26060.11231143  .00000227  00000-0  13262-3 0  9998
2 51448  45.0147 342.1224 0035524 162.7193 197.4870 14.32882549221299
0 ORBCOMM FM 5 DEB
1 51448U 97084X   26060.80952764  .00000253  00000-0  14182-3 0  9994
2 51448  45.0146 338.8447 0035575 166.2157 193.9668 14.32883164221393
0 ORBCOMM FM 5 DEB
1 51448U 97084X   26060.80952765  .00000253  00000-0  14182-3 0  9995
2 51448  45.0146 338.8447 0035575 166.2157 193.9668 14.32883164221393
0 ORBCOMM FM 5 DEB
1 51448U 97084X   26061.15813571  .00000246  00000-0  13916-3 0  9991
2 51448  45.0146 337.2060 0035605 167.9438 192.2268 14.32883363221446
0 ORBCOMM FM 5 DEB
1 51448U 97084X   26061.15813571  .00000246  00000-0  13916-3 0  9991
2 51448  45.0146 337.2060 0035605 167.9438 192.2268 14.32883363221446
0 ORBCOMM FM 5 DEB
1 51448U 97084X   26062.13423775  .00000261  00000-0  14457-3 0  9991
2 51448  45.0145 332.6174 0035692 172.7874 187.3493 14.32884159221588
0 ORBCOMM FM 5 DEB
1 51448U 97084X   26062.13423775  .00000261  00000-0  14457-3 0  9991
2 51448  45.0145 332.6174 0035692 172.7874 187.3493 14.32884159221588
0 ORBCOMM FM 5 DEB
1 51448U 97084X   26062.76173142  .00000297  00000-0  15754-3 0  9990
2 51448  45.0144 329.6675 0035741 175.9389 184.1754 14.32884856221679
0 ORBCOMM FM 5 DEB
1 51448U 97084X   26062.76173143  .00000297  00000-0  15754-3 0  9991
2 51448  45.0144 329.6675 0035741 175.9389 184.1754 14.32884856221679
0 ORBCOMM FM 5 DEB
1 51448U 97084X   26063.73783223  .00000302  00000-0  15955-3 0  9995
2 51448  45.0143 325.0788 0035818 180.7957 179.2838 14.32885743221813
0 ORBCOMM FM 5 DEB
1 51448U 97084X   26064.08643962  .00000267  00000-0  14692-3 0  9996
2 51448  45.0143 323.4401 0035845 182.5202 177.5469 14.32885855221860
0 ORBCOMM FM 5 DEB
1 51448U 97084X   26064.08643962  .00000267  00000-0  14692-3 0  9996
2 51448  45.0143 323.4401 0035845 182.5202 177.5469 14.32885855221860
0 ORBCOMM FM 5 DEB
1 51448U 97084X   26064.71393252  .00000298  00000-0  15796-3 0  9990
2 51448  45.0142 320.4902 0035898 185.6344 174.4103 14.32886589221957
0 ORBCOMM FM 5 DEB
1 51448U 97084X   26064.71393253  .00000298  00000-0  15796-3 0  9991
2 51448  45.0142 320.4902 0035898 185.6344 174.4103 14.32886589221957
0 ORBCOMM FM 5 DEB
1 51448U 97084X   26065.75975363  .00000296  00000-0  15736-3 0  9996
2 51448  45.0141 315.5738 0035979 190.8256 169.1819 14.32887522222109
0 ORBCOMM FM 5 DEB
1 51448U 97084X   26066.73585285  .00000304  00000-0  16005-3 0  9995
2 51448  45.0140 310.9851 0036052 195.6563 164.3171 14.32888394222241
0 ORBCOMM FM 5 DEB
1 51448U 97084X   26067.01473820  .00000315  00000-0  16415-3 0  9995
2 51448  45.0139 309.6741 0036084 196.9779 162.9862 14.32888721222289
0 ORBCOMM FM 5 DEB
1 51448U 97084X   26067.01473820  .00000315  00000-0  16415-3 0  9995
2 51448  45.0139 309.6741 0036084 196.9779 162.9862 14.32888721222289
0 ORBCOMM FM 5 DEB
1 51448U 97084X   26067.71195156  .00000303  00000-0  15985-3 0  9993
2 51448  45.0138 306.3964 0036142 200.4179 159.5224 14.32889218222386
0 ORBCOMM FM 5 DEB
1 51448U 97084X   26067.99083683  .00000283  00000-0  15261-3 0  9998
2 51448  45.0137 305.0854 0036164 201.7772 158.1538 14.32889351222422
0 ORBCOMM FM 5 DEB
1 51448U 97084X   26069.66414801  .00000269  00000-0  14755-3 0  9995
2 51448  45.0134 297.2189 0036289 210.0069 149.8698 14.32890585222663
0 ORBCOMM FM 5 DEB
1 51448U 97084X   26069.66414801  .00000269  00000-0  14755-3 0  9995
2 51448  45.0134 297.2189 0036289 210.0068 149.8698 14.32890585222662
0 ORBCOMM FM 5 DEB
1 51448U 97084X   26070.64024573  .00000254  00000-0  14201-3 0  9998
2 51448  45.0132 292.6301 0036358 214.7863 145.0605 14.32891321222807
0 ORBCOMM FM 5 DEB
1 51448U 97084X   26070.64024574  .00000254  00000-0  14201-3 0  9999
2 51448  45.0132 292.6301 0036358 214.7864 145.0605 14.32891321222808
0 ORBCOMM FM 5 DEB
1 51448U 97084X   26071.61634335  .00000263  00000-0  14527-3 0  9990
2 51448  45.0129 288.0412 0036422 219.5352 140.2837 14.32892182222948
0 ORBCOMM FM 5 DEB
1 51448U 97084X   26071.61634335  .00000263  00000-0  14527-3 0  9990
2 51448  45.0129 288.0412 0036422 219.5351 140.2837 14.32892182222947
0 ORBCOMM FM 5 DEB
1 51448U 97084X   26072.59244091  .00000249  00000-0  14009-3 0  9993
2 51448  45.0128 283.4523 0036478 224.3103 135.4822 14.32892907223089
0 ORBCOMM FM 5 DEB
1 51448U 97084X   26072.87132595  .00000221  00000-0  13013-3 0  9993
2 51448  45.0128 282.1411 0036494 225.6643 134.1210 14.32892980223125
0 ORBCOMM FM 5 DEB
1 51448U 97084X   26073.28965337  .00000220  00000-0  12968-3 0  9994
2 51448  45.0128 280.1744 0036529 227.7344 132.0403 14.32893312223189
0 ORBCOMM FM 5 DEB
1 51448U 97084X   26073.91714447  .00000220  00000-0  12984-3 0  9996
2 51448  45.0128 277.2244 0036564 230.7778 128.9820 14.32893819223274
0 ORBCOMM FM 5 DEB
1 51448U 97084X   26074.26575068  .00000188  00000-0  11827-3 0  9997
2 51448  45.0127 275.5853 0036590 232.4832 127.2686 14.32893887223322
0 ORBCOMM FM 5 DEB
1 51448U 97084X   26074.89324194  .00000163  00000-0  10902-3 0  9994
2 51448  45.0126 272.6353 0036621 235.5190 124.2194 14.32894163223419
0 ORBCOMM FM 5 DEB
1 51448U 97084X   26075.79961822  .00000164  00000-0  10943-3 0  9995
2 51448  45.0124 268.3740 0036659 239.9261 119.7948 14.32894715223540
0 ORBCOMM FM 5 DEB
1 51448U 97084X   26076.21794579  .00000160  00000-0  10822-3 0  9998
2 51448  45.0123 266.4071 0036682 241.9625 117.7509 14.32894922223606
0 ORBCOMM FM 5 DEB
1 51448U 97084X   26076.56655208  .00000164  00000-0  10958-3 0  9995
2 51448  45.0122 264.7680 0036700 243.6487 116.0589 14.32895133223658
0 ORBCOMM FM 5 DEB
1 51448U 97084X   26077.54264987  .00000162  00000-0  10895-3 0  9992
2 51448  45.0122 260.1793 0036736 248.3799 111.3132 14.32895675223798
0 ORBCOMM FM 5 DEB
1 51448U 97084X   26077.54264987  .00000162  00000-0  10895-3 0  9992
2 51448  45.0122 260.1793 0036736 248.3799 111.3132 14.32895675223798
0 ORBCOMM FM 5 DEB
1 51448U 97084X   26078.86735446  .00000144  00000-0  10219-3 0  9991
2 51448  45.0123 253.9518 0036771 254.7831 104.8948 14.32896303223983
0 ORBCOMM FM 5 DEB
1 51448U 97084X   26078.86735446  .00000144  00000-0  10219-3 0  9991
2 51448  45.0123 253.9518 0036771 254.7831 104.8948 14.32896303223983
0 ORBCOMM FM 5 DEB
1 51448U 97084X   26079.49484631  .00000149  00000-0  10411-3 0  9997
2 51448  45.0122 251.0017 0036785 257.8433 101.8291 14.32896637224071
0 ORBCOMM FM 5 DEB
1 51448U 97084X   26079.49484631  .00000149  00000-0  10411-3 0  9997
2 51448  45.0122 251.0017 0036785 257.8433 101.8291 14.32896637224071
0 ORBCOMM FM 5 DEB
1 51448U 97084X   26079.84345301  .00000129  00000-0  96827-4 0  9990
2 51448  45.0123 249.3631 0036782 259.5371 100.1329 14.32896705224127
0 ORBCOMM FM 5 DEB
1 51448U 97084X   26079.84345301  .00000129  00000-0  96827-4 0  9990
2 51448  45.0123 249.3630 0036782 259.5371 100.1329 14.32896705224126
0 ORBCOMM FM 5 DEB
1 51448U 97084X   26080.47094466  .00000161  00000-0  10856-3 0  9997
2 51448  45.0123 246.4129 0036800 262.5740  97.0924 14.32897289224215
0 ORBCOMM FM 5 DEB
1 51448U 97084X   26080.74983007  .00000153  00000-0  10564-3 0  9992
2 51448  45.0122 245.1018 0036799 263.9236  95.7417 14.32897381224258
0 ORBCOMM FM 5 DEB
1 51448U 97084X   26081.16815807  .00000155  00000-0  10625-3 0  9991
2 51448  45.0122 243.1351 0036805 265.9581  93.7058 14.32897623224314
0 ORBCOMM FM 5 DEB
1 51448U 97084X   26081.72592872  .00000157  00000-0  10685-3 0  9995
2 51448  45.0122 240.5127 0036812 268.6516  91.0114 14.32897953224390
0 ORBCOMM FM 5 DEB
1 51448U 97084X   26082.70202742  .00000158  00000-0  10746-3 0  9997
2 51448  45.0123 235.9237 0036817 273.3796  86.2839 14.32898556224535
0 ORBCOMM FM 5 DEB
1 51448U 97084X   26083.46896222  .00000172  00000-0  11229-3 0  9996
2 51448  45.0124 232.3180 0036820 277.0952  82.5708 14.32899080224642
0 ORBCOMM FM 5 DEB
1 51448U 97084X   26083.67812620  .00000165  00000-0  10992-3 0  9997
2 51448  45.0124 231.3347 0036817 278.1047  81.5623 14.32899202224673
0 ORBCOMM FM 5 DEB
1 51448U 97084X   26084.44506108  .00000179  00000-0  11495-3 0  9998
2 51448  45.0124 227.7291 0036807 281.8327  77.8392 14.32899745224786
0 ORBCOMM FM 5 DEB
1 51448U 97084X   26084.79366780  .00000177  00000-0  11427-3 0  9999
2 51448  45.0124 226.0902 0036798 283.5233  76.1515 14.32899970224836
0 ORBCOMM FM 5 DEB
1 51448U 97084X   26084.79366781  .00000177  00000-0  11427-3 0  9990
2 51448  45.0124 226.0902 0036798 283.5233  76.1515 14.32899970224836
0 ORBCOMM FM 5 DEB
1 51448U 97084X   26085.07255323  .00000177  00000-0  11406-3 0  9998
2 51448  45.0125 224.7791 0036796 284.8823  74.7950 14.32900155224874
0 ORBCOMM FM 5 DEB
1 51448U 97084X   26085.07255324  .00000177  00000-0  11406-3 0  9999
2 51448  45.0125 224.7791 0036796 284.8823  74.7950 14.32900155224874
0 ORBCOMM FM 5 DEB
1 51448U 97084X   26085.42116002  .00000181  00000-0  11577-3 0  9991
2 51448  45.0125 223.1401 0036790 286.5692  73.1115 14.32900397224922
0 ORBCOMM FM 5 DEB
1 51448U 97084X   26085.42116002  .00000181  00000-0  11577-3 0  9991
2 51448  45.0125 223.1401 0036790 286.5692  73.1115 14.32900397224922
0 ORBCOMM FM 5 DEB
1 51448U 97084X   26086.39725906  .00000163  00000-0  10916-3 0  9993
2 51448  45.0125 218.5512 0036768 291.3054  68.3869 14.32900968225066
0 ORBCOMM FM 5 DEB
1 51448U 97084X   26086.74586590  .00000155  00000-0  10647-3 0  9998
2 51448  45.0126 216.9124 0036758 293.0091  66.6880 14.32901184225118
0 ORBCOMM FM 5 DEB
1 51448U 97084X   26086.74586591  .00000155  00000-0  10647-3 0  9999
2 51448  45.0126 216.9124 0036758 293.0091  66.6880 14.32901184225118
0 ORBCOMM FM 5 DEB
1 51448U 97084X   26087.37335811  .00000189  00000-0  11859-3 0  9999
2 51448  45.0126 213.9623 0036738 296.0544  63.6523 14.32901832225204
0 ORBCOMM FM 5 DEB
1 51448U 97084X   26087.37335812  .00000189  00000-0  11859-3 0  9990
2 51448  45.0126 213.9623 0036738 296.0544  63.6523 14.32901832225204
0 ORBCOMM FM 5 DEB
1 51448U 97084X   26087.65224338  .00000180  00000-0  11542-3 0  9991
2 51448  45.0126 212.6511 0036738 297.3929  62.3181 14.32902041225240
0 ORBCOMM FM 5 DEB
1 51448U 97084X   26088.34945682  .00000239  00000-0  13675-3 0  9994
2 51448  45.0127 209.3733 0036711 300.7757  58.9477 14.32902942225349
0 ORBCOMM FM 5 DEB
1 51448U 97084X   26089.32555582  .00000230  00000-0  13353-3 0  9993
2 51448  45.0126 204.7845 0036680 305.5161  54.2266 14.32903657225482
0 ORBCOMM FM 5 DEB
1 51448U 97084X   26089.67416254  .00000239  00000-0  13665-3 0  9998
2 51448  45.0126 203.1456 0036658 307.2315  52.5189 14.32904006225538
0 ORBCOMM FM 5 DEB
1 51450U 97084Z   26060.68966179  .00004442  00000-0  96492-3 0  9996
2 51450  45.0056 183.9331 0012797 307.2391  52.7298 14.59146402 92321
0 ORBCOMM FM 5 DEB
1 51450U 97084Z   26060.68966180  .00004442  00000-0  96492-3 0  9998
2 51450  45.0056 183.9331 0012797 307.2391  52.7298 14.59146402 92321
0 ORBCOMM FM 5 DEB
1 51450U 97084Z   26061.37431559  .00004661  00000-0  10107-2 0  9993
2 51450  45.0061 180.5752 0012912 309.6504  50.3213 14.59153098 92429
0 ORBCOMM FM 5 DEB
1 51450U 97084Z   26061.37431559  .00004661  00000-0  10107-2 0  9993
2 51450  45.0061 180.5752 0012912 309.6504  50.3212 14.59153098 92428
0 ORBCOMM FM 5 DEB
1 51450U 97084Z   26070.54837582  .00003632  00000-0  79356-3 0  9997
2 51450  45.0057 135.5741 0012501 354.3036   5.7677 14.59241225 93769
0 ORBCOMM FM 5 DEB
1 51450U 97084Z   26070.54837582  .00003632  00000-0  79356-3 0  9997
2 51450  45.0057 135.5741 0012501 354.3036   5.7677 14.59241225 93769
0 ORBCOMM FM 5 DEB
1 51450U 97084Z   26076.43588082  .00002901  00000-0  63997-3 0  9991
2 51450  45.0084 106.6863 0011856  25.7754 334.3692 14.59303354 94627
0 ORBCOMM FM 5 DEB
1 51450U 97084Z   26076.77817138  .00003060  00000-0  67307-3 0  9991
2 51450  45.0032 105.0090 0011988  30.5468 329.6085 14.59307168 94672
0 ORBCOMM FM 5 DEB
1 51450U 97084Z   26076.77817138  .00003060  00000-0  67307-3 0  9991
2 51450  45.0032 105.0090 0011988  30.5468 329.6085 14.59307168 94672
0 ORBCOMM FM 5 DEB
1 51450U 97084Z   26079.31108512  .00004132  00000-0  89652-3 0  9991
2 51450  45.0062  92.5780 0011576  41.9264 318.2477 14.59336047 95043
0 ORBCOMM FM 5 DEB
1 51450U 97084Z   26079.37954189  .00004308  00000-0  93312-3 0  9999
2 51450  45.0064  92.2420 0011585  42.2800 317.8948 14.59336815 95055
0 ORBCOMM FM 5 DEB
1 51450U 97084Z   26079.37954189  .00004308  00000-0  93312-3 0  9999
2 51450  45.0064  92.2420 0011585  42.2800 317.8948 14.59336815 95055
0 ORBCOMM FM 5 DEB
1 51450U 97084Z   26081.29630124  .00009006  00000-0  19113-2 0  9999
2 51450  45.0069  82.8373 0011554  52.9053 307.2858 14.59375110 95331
0 ORBCOMM FM 5 DEB
1 51450U 97084Z   26081.70702834  .00009099  00000-0  19303-2 0  9996
2 51450  45.0061  80.8224 0011539  55.4538 304.7407 14.59384112 95395
0 ORBCOMM FM 5 DEB
1 51450U 97084Z   26082.25466034  .00009515  00000-0  20165-2 0  9997
2 51450  45.0063  78.1352 0011588  58.8389 301.3602 14.59396522 95471
0 ORBCOMM FM 5 DEB
1 51450U 97084Z   26082.25466034  .00009515  00000-0  20165-2 0  9997
2 51450  45.0063  78.1352 0011588  58.8389 301.3602 14.59396522 95471
0 ORBCOMM FM 5 DEB
1 51450U 97084Z   26084.23979683  .00007282  00000-0  15504-2 0  9996
2 51450  45.0067  68.3941 0011544  70.1190 290.0910 14.59429247 95768
0 ORBCOMM FM 5 DEB
1 51450U 97084Z   26086.22488614  .00008608  00000-0  18248-2 0  9997
2 51450  45.0071  58.6531 0011551  81.3952 278.8213 14.59465870 96053
0 ORBCOMM FM 5 DEB
1 51450U 97084Z   26086.22488614  .00008608  00000-0  18248-2 0  9997
2 51450  45.0071  58.6531 0011551  81.3952 278.8213 14.59465870 96053
0 ORBCOMM FM 5 DEB
1 51450U 97084Z   26086.63558751  .00008958  00000-0  18973-2 0  9995
2 51450  45.0077  56.6378 0011588  83.7742 276.4435 14.59474800 96119
0 ORBCOMM FM 5 DEB
1 51450U 97084Z   26086.63558752  .00008958  00000-0  18973-2 0  9996
2 51450  45.0077  56.6378 0011588  83.7742 276.4435 14.59474800 96119
0 ORBCOMM FM 5 DEB
1 51450U 97084Z   26087.59388129  .00010573  00000-0  22317-2 0  9994
2 51450  45.0072  51.9346 0011628  89.3623 270.8566 14.59496641 96257
0 ORBCOMM FM 5 DEB
1 51450U 97084Z   26087.59388129  .00010573  00000-0  22317-2 0  9994
2 51450  45.0072  51.9346 0011628  89.3623 270.8566 14.59496641 96257
0 ORBCOMM FM 5 DEB
1 51450U 97084Z   26089.16818603  .00013015  00000-0  27358-2 0  9998
2 51450  45.0072  44.2077 0011704  98.5686 261.6497 14.59538983 96481
0 ORBCOMM FM 36 DEB
1 56437U 99065N   26061.65158789  .00000554  00000-0  22116-3 0  9997
2 56437  44.9397 282.3007 0016831 237.1776 122.7451 14.39414698156392
0 ORBCOMM FM 36 DEB
1 56437U 99065N   26061.65158789  .00000554  00000-0  22116-3 0  9997
2 56437  44.9397 282.3007 0016831 237.1776 122.7451 14.39414698156392
0 ORBCOMM FM 36 DEB
1 56437U 99065N   26061.99861226  .00000542  00000-0  21726-3 0  9994
2 56437  44.9397 280.6499 0016837 238.8047 121.1150 14.39415122156441
0 ORBCOMM FM 36 DEB
1 56437U 99065N   26062.62325579  .00000621  00000-0  24251-3 0  9995
2 56437  44.9396 277.6781 0016867 241.8221 118.0923 14.39416400156534
0 ORBCOMM FM 36 DEB
1 56437U 99065N   26062.62325580  .00000621  00000-0  24251-3 0  9997
2 56437  44.9396 277.6781 0016867 241.8221 118.0923 14.39416400156534
0 ORBCOMM FM 36 DEB
1 56437U 99065N   26062.97027987  .00000669  00000-0  25779-3 0  9993
2 56437  44.9396 276.0275 0016866 243.4615 116.4504 14.39417161156586
0 ORBCOMM FM 36 DEB
1 56437U 99065N   26062.97027988  .00000669  00000-0  25779-3 0  9994
2 56437  44.9396 276.0275 0016866 243.4615 116.4504 14.39417161156586
0 ORBCOMM FM 36 DEB
1 56437U 99065N   26063.59492280  .00000666  00000-0  25684-3 0  9996
2 56437  44.9395 273.0558 0016895 246.4198 113.4876 14.39418055156679
0 ORBCOMM FM 36 DEB
1 56437U 99065N   26063.59492280  .00000666  00000-0  25684-3 0  9996
2 56437  44.9395 273.0558 0016895 246.4198 113.4876 14.39418055156679
0 ORBCOMM FM 36 DEB
1 56437U 99065N   26063.94194664  .00000609  00000-0  23879-3 0  9991
2 56437  44.9394 271.4050 0016904 248.0863 111.8187 14.39418237156720
0 ORBCOMM FM 36 DEB
1 56437U 99065N   26063.94194665  .00000609  00000-0  23879-3 0  9992
2 56437  44.9394 271.4050 0016904 248.0863 111.8187 14.39418237156720
0 ORBCOMM FM 36 DEB
1 56437U 99065N   26064.63599381  .00000680  00000-0  26114-3 0  9997
2 56437  44.9393 268.1033 0016913 251.4091 108.4920 14.39419659156821
0 ORBCOMM FM 36 DEB
1 56437U 99065N   26064.63599382  .00000680  00000-0  26114-3 0  9998
2 56437  44.9393 268.1033 0016913 251.4091 108.4920 14.39419659156821
0 ORBCOMM FM 36 DEB
1 56437U 99065N   26064.91361264  .00000577  00000-0  22847-3 0  9999
2 56437  44.9392 266.7826 0016921 252.7382 107.1615 14.39419517156864
0 ORBCOMM FM 36 DEB
1 56437U 99065N   26065.60765903  .00000700  00000-0  26746-3 0  9994
2 56437  44.9391 263.4807 0016937 256.0566 103.8398 14.39421300156969
0 ORBCOMM FM 36 DEB
1 56437U 99065N   26065.88527769  .00000589  00000-0  23244-3 0  9995
2 56437  44.9391 262.1601 0016936 257.3627 102.5327 14.39421125157007
0 ORBCOMM FM 36 DEB
1 56437U 99065N   26065.88527769  .00000589  00000-0  23244-3 0  9995
2 56437  44.9391 262.1601 0016936 257.3627 102.5327 14.39421125157007
0 ORBCOMM FM 36 DEB
1 56437U 99065N   26066.57932358  .00000711  00000-0  27103-3 0  9991
2 56437  44.9390 258.8581 0016955 260.6687  99.2243 14.39422894157103
0 ORBCOMM FM 36 DEB
1 56437U 99065N   26066.85694173  .00000728  00000-0  27654-3 0  9991
2 56437  44.9390 257.5374 0016956 261.9815  97.9109 14.39423479157147
0 ORBCOMM FM 36 DEB
1 56437U 99065N   26066.85694173  .00000728  00000-0  27654-3 0  9991
2 56437  44.9390 257.5374 0016956 261.9815  97.9109 14.39423479157147
0 ORBCOMM FM 36 DEB
1 56437U 99065N   26067.55098715  .00000700  00000-0  26755-3 0  9990
2 56437  44.9389 254.2354 0016972 265.2612  94.6298 14.39424425157243
0 ORBCOMM FM 36 DEB
1 56437U 99065N   26067.55098715  .00000700  00000-0  26755-3 0  9990
2 56437  44.9389 254.2354 0016972 265.2612  94.6298 14.39424425157243
0 ORBCOMM FM 36 DEB
1 56437U 99065N   26067.82860532  .00000653  00000-0  25275-3 0  9997
2 56437  44.9389 252.9148 0016966 266.6085  93.2822 14.39424605157283
0 ORBCOMM FM 36 DEB
1 56437U 99065N   26069.49431234  .00000652  00000-0  25244-3 0  9990
2 56437  44.9389 244.9901 0016976 274.5377  85.3531 14.39427202157526
0 ORBCOMM FM 36 DEB
1 56437U 99065N   26069.49431235  .00000652  00000-0  25244-3 0  9991
2 56437  44.9389 244.9901 0016976 274.5377  85.3531 14.39427202157526
0 ORBCOMM FM 36 DEB
1 56437U 99065N   26070.53537830  .00000619  00000-0  24174-3 0  9990
2 56437  44.9390 240.0371 0016980 279.4215  80.4713 14.39428601157674
0 ORBCOMM FM 36 DEB
1 56437U 99065N   26070.81299589  .00000566  00000-0  22499-3 0  9996
2 56437  44.9391 238.7165 0016971 280.7854  79.1084 14.39428729157716
0 ORBCOMM FM 36 DEB
1 56437U 99065N   26070.81299589  .00000566  00000-0  22499-3 0  9996
2 56437  44.9391 238.7165 0016971 280.7854  79.1084 14.39428729157716
0 ORBCOMM FM 36 DEB
1 56437U 99065N   26071.43763475  .00000640  00000-0  24850-3 0  9991
2 56437  44.9391 235.7446 0016972 283.7720  76.1239 14.39430120157808
0 ORBCOMM FM 36 DEB
1 56437U 99065N   26071.43763475  .00000640  00000-0  24850-3 0  9991
2 56437  44.9391 235.7446 0016972 283.7720  76.1239 14.39430120157808
0 ORBCOMM FM 36 DEB
1 56437U 99065N   26071.85406050  .00000607  00000-0  23814-3 0  9992
2 56437  44.9391 233.7635 0016958 285.7490  74.1488 14.39430637157869
0 ORBCOMM FM 36 DEB
1 56437U 99065N   26071.85406051  .00000607  00000-0  23814-3 0  9993
2 56437  44.9391 233.7635 0016958 285.7490  74.1488 14.39430638157860
0 ORBCOMM FM 36 DEB
1 56437U 99065N   26072.47869903  .00000586  00000-0  23150-3 0  9990
2 56437  44.9391 230.7915 0016957 288.7180  71.1827 14.39431461157955
0 ORBCOMM FM 36 DEB
1 56437U 99065N   26072.82572024  .00000557  00000-0  22204-3 0  9991
2 56437  44.9392 229.1407 0016948 290.3632  69.5395 14.39431858158003
0 ORBCOMM FM 36 DEB
1 56437U 99065N   26073.45035827  .00000550  00000-0  21995-3 0  9995
2 56437  44.9392 226.1689 0016935 293.3456  66.5610 14.39432742158094
0 ORBCOMM FM 36 DEB
1 56437U 99065N   26074.42201694  .00000486  00000-0  19960-3 0  9997
2 56437  44.9392 221.5462 0016899 297.9947  61.9191 14.39433781158239
0 ORBCOMM FM 36 DEB
1 56437U 99065N   26075.74069568  .00000428  00000-0  18117-3 0  9994
2 56437  44.9393 215.2729 0016838 304.2439  55.6814 14.39435258158421
0 ORBCOMM FM 36 DEB
1 56437U 99065N   26076.08771623  .00000407  00000-0  17461-3 0  9992
2 56437  44.9393 213.6219 0016831 305.9171  54.0115 14.39435617158472
0 ORBCOMM FM 36 DEB
1 56437U 99065N   26076.08771623  .00000407  00000-0  17461-3 0  9992
2 56437  44.9393 213.6219 0016831 305.9171  54.0115 14.39435617158472
0 ORBCOMM FM 36 DEB
1 56437U 99065N   26076.43473688  .00000415  00000-0  17712-3 0  9999
2 56437  44.9392 211.9709 0016814 307.5731  52.3589 14.39436038158527
0 ORBCOMM FM 36 DEB
1 56437U 99065N   26076.71235328  .00000414  00000-0  17668-3 0  9996
2 56437  44.9392 210.6502 0016795 308.9094  51.0256 14.39436374158563
0 ORBCOMM FM 36 DEB
1 56437U 99065N   26077.61460619  .00000412  00000-0  17621-3 0  9996
2 56437  44.9392 206.3577 0016749 313.2422  46.7027 14.39437458158695
0 ORBCOMM FM 36 DEB
1 56437U 99065N   26077.68401024  .00000413  00000-0  17649-3 0  9999
2 56437  44.9393 206.0275 0016741 313.5745  46.3712 14.39437552158705
0 ORBCOMM FM 36 DEB
1 56437U 99065N   26077.68401025  .00000413  00000-0  17649-3 0  9990
2 56437  44.9393 206.0275 0016741 313.5745  46.3712 14.39437552158705
0 ORBCOMM FM 36 DEB
1 56437U 99065N   26078.37805086  .00000398  00000-0  17161-3 0  9993
2 56437  44.9393 202.7256 0016706 316.9143  43.0397 14.39438186158805
0 ORBCOMM FM 36 DEB
1 56437U 99065N   26079.34970740  .00000382  00000-0  16650-3 0  9996
2 56437  44.9394 198.1029 0016650 321.6094  38.3568 14.39439007158943
0 ORBCOMM FM 36 DEB
1 56437U 99065N   26079.34970740  .00000382  00000-0  16650-3 0  9996
2 56437  44.9394 198.1029 0016650 321.6094  38.3568 14.39439007158943
0 ORBCOMM FM 36 DEB
1 56437U 99065N   26079.69672729  .00000423  00000-0  17966-3 0  9997
2 56437  44.9394 196.4521 0016626 323.3059  36.6650 14.39439611158993
0 ORBCOMM FM 36 DEB
1 56437U 99065N   26079.69672730  .00000423  00000-0  17966-3 0  9999
2 56437  44.9394 196.4521 0016626 323.3059  36.6650 14.39439611158993
0 ORBCOMM FM 36 DEB
1 56437U 99065N   26080.04374733  .00000384  00000-0  16725-3 0  9990
2 56437  44.9394 194.8012 0016615 324.9715  35.0039 14.39439701159045
0 ORBCOMM FM 36 DEB
1 56437U 99065N   26080.59897884  .00000451  00000-0  18843-3 0  9995
2 56437  44.9395 192.1597 0016577 327.6947  32.2884 14.39440663159124
0 ORBCOMM FM 36 DEB
1 56437U 99065N   26080.66838275  .00000449  00000-0  18779-3 0  9997
2 56437  44.9394 191.8295 0016572 328.0427  31.9415 14.39440733159132
0 ORBCOMM FM 36 DEB
1 56437U 99065N   26081.01540241  .00000438  00000-0  18436-3 0  9998
2 56437  44.9395 190.1786 0016554 329.7181  30.2710 14.39441042159184
0 ORBCOMM FM 36 DEB
1 56437U 99065N   26081.57063382  .00000438  00000-0  18428-3 0  9996
2 56437  44.9395 187.5370 0016511 332.4363  27.5608 14.39441597159268
0 ORBCOMM FM 36 DEB
1 56437U 99065N   26082.61169177  .00000415  00000-0  17721-3 0  9991
2 56437  44.9395 182.5843 0016431 337.5518  22.4609 14.39442712159419
0 ORBCOMM FM 36 DEB
1 56437U 99065N   26084.62440154  .00000389  00000-0  16896-3 0  9993
2 56437  44.9396 173.0090 0016282 347.4916  12.5526 14.39445062159706
0 ORBCOMM FM 36 DEB
1 56437U 99065N   26084.62440154  .00000389  00000-0  16896-3 0  9993
2 56437  44.9396 173.0090 0016282 347.4916  12.5526 14.39445062159706
0 ORBCOMM FM 36 DEB
1 56437U 99065N   26085.24903514  .00000388  00000-0  16854-3 0  9999
2 56437  44.9395 170.0372 0016237 350.5700   9.4841 14.39445752159791
0 ORBCOMM FM 36 DEB
1 56437U 99065N   26085.24903514  .00000388  00000-0  16854-3 0  9999
2 56437  44.9395 170.0372 0016237 350.5700   9.4841 14.39445752159791
0 ORBCOMM FM 36 DEB
1 56437U 99065N   26086.22068663  .00000378  00000-0  16545-3 0  9991
2 56437  44.9394 165.4146 0016162 355.4204   4.6494 14.39446856159930
0 ORBCOMM FM 36 DEB
1 56437U 99065N   26086.22068663  .00000378  00000-0  16545-3 0  9991
2 56437  44.9394 165.4146 0016162 355.4204   4.6494 14.39446856159930
0 ORBCOMM FM 36 DEB
1 56437U 99065N   26086.56770485  .00000352  00000-0  15719-3 0  9994
2 56437  44.9393 163.7637 0016130 357.1813   2.8942 14.39447135159989
0 ORBCOMM FM 36 DEB
1 56437U 99065N   26086.56770486  .00000352  00000-0  15719-3 0  9995
2 56437  44.9393 163.7637 0016130 357.1813   2.8942 14.39447135159989
0 ORBCOMM FM 36 DEB
1 56437U 99065N   26086.91472298  .00000372  00000-0  16348-3 0  9995
2 56437  44.9392 162.1127 0016109 358.8995   1.1816 14.39447649160030
0 ORBCOMM FM 36 DEB
1 56437U 99065N   26087.19233739  .00000410  00000-0  17541-3 0  9990
2 56437  44.9392 160.7919 0016087   0.2879 359.7976 14.39448152160070
0 ORBCOMM FM 36 DEB
1 56437U 99065N   26087.19233739  .00000410  00000-0  17541-3 0  9990
2 56437  44.9392 160.7919 0016087   0.2879 359.7976 14.39448152160070
0 ORBCOMM FM 36 DEB
1 56437U 99065N   26087.46995169  .00000406  00000-0  17419-3 0  9991
2 56437  44.9391 159.4711 0016063   1.6722 358.4177 14.39448470160117
0 ORBCOMM FM 36 DEB
1 56437U 99065N   26087.46995170  .00000406  00000-0  17419-3 0  9993
2 56437  44.9391 159.4711 0016063   1.6722 358.4177 14.39448470160117
0 ORBCOMM FM 36 DEB
1 56437U 99065N   26087.88637303  .00000413  00000-0  17651-3 0  9996
2 56437  44.9391 157.4901 0016039   3.7738 356.3229 14.39449034160177
0 ORBCOMM FM 36 DEB
1 56437U 99065N   26088.23339056  .00000495  00000-0  20263-3 0  9993
2 56437  44.9391 155.8390 0016012   5.5158 354.5864 14.39449914160226
0 ORBCOMM FM 36 DEB
1 56437U 99065N   26089.20503956  .00000496  00000-0  20284-3 0  9997
2 56437  44.9390 151.2164 0015939  10.4283 349.6893 14.39451039160368
0 ORBCOMM FM 36 DEB
1 56437U 99065N   26089.20503956  .00000496  00000-0  20284-3 0  9997
2 56437  44.9390 151.2164 0015939  10.4283 349.6893 14.39451039160368
